id_client,region,sexe,age,revenu_estime_gnf,anciennete_mois,type_abonnement,forfait_international,messagerie_vocale,recharge_mensuelle_moy_gnf,moyen_paiement,minutes_jour,minutes_nuit,minutes_internationales,donnees_mo,nombre_sms,appels_service_client,pannes_signalees_30j,retard_paiement_jours,retour_client,resiliation
CLI00001,Conakry,Homme,38,648000,33,Prépayé,Non,Oui,41000,Orange Money,164,130,3,1053,9,2,0,0,Content de la couverture reseau dans ma zone.,Non
CLI00002,Kankan,Homme,41,568000,3,Prépayé,Non,Oui,36000,Espèces,203,79,0,3138,9,3,0,1,Service correct dans l'ensemble.,Non
CLI00003,Boké,Homme,28,626000,11,Prépayé,Non,Oui,31000,Espèces,196,134,1,3447,2,2,0,0,Tres satisfait du reseau et du service.,Non
CLI00004,Faranah,Homme,39,1886000,29,Postpayé,Oui,Oui,129000,Espèces,234,107,26,284,14,0,1,0,"Utilisation standard, pas de souci majeur.",Non
CLI00005,N'Zérékoré,Homme,32,1203000,1,Prépayé,Non,Non,86000,Virement bancaire,274,100,1,3654,11,0,0,0,Offres interessantes et service fiable.,Non
CLI00006,Labé,Homme,43,972000,19,Prépayé,Non,Oui,57000,Orange Money,24,121,4,1326,18,3,0,1,"Utilisation standard, pas de souci majeur.",Oui
CLI00007,Boké,Femme,37,699000,12,Postpayé,Oui,Non,61000,Carte bancaire,230,181,24,855,1,1,1,1,"Bon rapport qualite prix, je recommande.",Non
CLI00008,Conakry,Homme,41,1157000,60,Prépayé,Non,Oui,62000,Orange Money,148,127,3,3113,3,1,1,6,"Bon rapport qualite prix, je recommande.",Non
CLI00009,Conakry,Femme,34,2004000,17,Postpayé,Non,Oui,137000,Espèces,210,103,0,3517,191,1,0,1,Service correct dans l'ensemble.,Non
CLI00010,Boké,Femme,31,505000,22,Postpayé,Non,Non,22000,Carte bancaire,215,61,5,1952,11,0,0,7,Aucun probleme depuis mon inscription.,Non
CLI00011,Mamou,Homme,36,490000,38,Prépayé,Non,Non,16000,Espèces,117,145,0,3989,14,2,0,0,Offres interessantes et service fiable.,Non
CLI00012,Kankan,Femme,43,910000,19,Illimité,Non,Non,64000,Carte bancaire,211,96,1,3376,1,4,0,6,Service correct dans l'ensemble.,Non
CLI00013,Kindia,Homme,30,462000,2,Postpayé,Non,Non,26000,Orange Money,155,112,3,3105,43,1,1,0,Service client reactif et efficace.,Non
CLI00014,Conakry,Homme,38,372000,6,Prépayé,Non,Oui,12000,Carte bancaire,108,39,5,2240,1,1,1,6,Trop de coupures de reseau ces derniers temps.,Oui
CLI00015,Conakry,Femme,61,507000,4,Prépayé,Non,Non,38000,Espèces,203,81,1,2216,14,3,1,0,Trop de coupures de reseau ces derniers temps.,Oui
CLI00016,N'Zérékoré,Homme,27,816000,6,Postpayé,Non,Oui,52000,Orange Money,233,105,5,4278,53,1,2,0,Service correct dans l'ensemble.,Oui
CLI00017,Conakry,Homme,19,913000,2,Prépayé,Non,Oui,39000,Orange Money,137,113,5,563,10,1,0,0,Offres interessantes et service fiable.,Non
CLI00018,Boké,Homme,23,656000,25,Prépayé,Non,Oui,48000,Orange Money,168,21,6,2631,1,0,0,10,"Utilisation standard, pas de souci majeur.",Non
CLI00019,N'Zérékoré,Homme,31,971000,13,Illimité,Oui,Non,71000,Espèces,129,84,18,2969,44,1,1,11,Rien de particulier a signaler.,Oui
CLI00020,Conakry,Femme,34,639000,9,Postpayé,Oui,Oui,28000,Orange Money,282,110,49,572,18,0,2,0,"Je pense changer d'operateur, trop de pannes.",Oui
CLI00021,Labé,Homme,18,504000,53,Postpayé,Non,Oui,43000,Espèces,147,45,3,1753,33,1,0,0,Service client reactif et efficace.,Non
CLI00022,N'Zérékoré,Femme,18,2076000,11,Prépayé,Non,Non,176000,Espèces,137,79,2,1879,17,1,3,1,Content de la couverture reseau dans ma zone.,Non
CLI00023,Conakry,Femme,42,751000,7,Postpayé,Oui,Non,24000,Orange Money,251,17,45,3194,3,1,1,1,Trop de coupures de reseau ces derniers temps.,Oui
CLI00024,Labé,Femme,19,916000,13,Prépayé,Oui,Non,78000,Orange Money,165,114,12,1977,8,1,1,1,Service correct dans l'ensemble.,Non
CLI00025,N'Zérékoré,Femme,41,379000,24,Prépayé,Non,Non,30000,Virement bancaire,239,38,4,1692,37,1,0,4,Service correct dans l'ensemble.,Non
CLI00026,Conakry,Homme,47,995000,12,Prépayé,Oui,Oui,70000,Espèces,169,76,32,914,9,2,0,0,Service correct dans l'ensemble.,Oui
CLI00027,Labé,Femme,18,300000,41,Postpayé,Oui,Non,15000,Virement bancaire,196,40,56,50,25,0,0,3,Tres satisfait du reseau et du service.,Non
CLI00028,Faranah,Homme,40,1187000,19,Illimité,Non,Non,86000,Espèces,126,87,5,2574,19,0,1,0,Aucun probleme depuis mon inscription.,Non
CLI00029,Mamou,Homme,34,2324000,16,Prépayé,Non,Non,126000,Orange Money,164,108,1,2579,10,1,0,0,"Bon rapport qualite prix, je recommande.",Non
CLI00030,Boké,Femme,30,485000,19,Prépayé,Oui,Non,34000,Espèces,114,81,69,4131,18,1,1,0,Rien de particulier a signaler.,Non
CLI00031,Conakry,Femme,38,576000,9,Prépayé,Oui,Oui,23000,Orange Money,46,72,10,4737,0,0,2,1,Rien de particulier a signaler.,Oui
CLI00032,Boké,Femme,33,1144000,15,Prépayé,Non,Oui,74000,Orange Money,154,121,3,3587,2,2,0,2,Aucun probleme depuis mon inscription.,Non
CLI00033,Kindia,Homme,40,417000,6,Prépayé,Oui,Non,20000,Espèces,265,81,25,50,39,0,0,2,Content de la couverture reseau dans ma zone.,Non
CLI00034,Boké,Femme,54,452000,6,Postpayé,Non,Non,34000,Carte bancaire,149,60,4,5424,21,0,1,0,Content de la couverture reseau dans ma zone.,Non
CLI00035,Kindia,Femme,37,637000,14,Prépayé,Oui,Non,31000,Carte bancaire,120,78,49,3542,43,1,0,7,Tres satisfait du reseau et du service.,Non
CLI00036,Kankan,Homme,21,873000,40,Prépayé,Non,Oui,71000,Orange Money,169,99,0,3471,8,1,0,4,"Utilisation standard, pas de souci majeur.",Non
CLI00037,Faranah,Homme,49,1524000,22,Prépayé,Non,Non,114000,Carte bancaire,170,51,0,426,34,3,0,3,Content de la couverture reseau dans ma zone.,Non
CLI00038,Kindia,Femme,46,524000,15,Prépayé,Non,Non,24000,Orange Money,145,110,2,1403,32,0,1,12,Offres interessantes et service fiable.,Non
CLI00039,Labé,Homme,50,979000,60,Postpayé,Non,Oui,37000,Orange Money,188,135,8,2218,0,1,0,0,"Bon rapport qualite prix, je recommande.",Non
CLI00040,Conakry,Femme,38,710000,6,Illimité,Oui,Non,53000,Orange Money,113,103,69,2970,14,2,0,4,Service client reactif et efficace.,Non
CLI00041,Boké,Femme,44,532000,20,Postpayé,Oui,Oui,43000,Espèces,200,83,12,3462,55,0,1,3,"Je pense changer d'operateur, trop de pannes.",Oui
CLI00042,Kindia,Femme,55,1460000,12,Postpayé,Non,Oui,100000,Orange Money,231,37,2,2611,30,1,0,0,Service client reactif et efficace.,Non
CLI00043,Mamou,Femme,33,356000,4,Prépayé,Non,Oui,26000,Orange Money,250,123,2,2098,1,0,0,0,Service client reactif et efficace.,Non
CLI00044,Kindia,Femme,27,685000,33,Prépayé,Non,Oui,26000,Carte bancaire,144,110,1,1649,15,0,0,0,Service client reactif et efficace.,Non
CLI00045,Boké,Homme,50,1222000,36,Illimité,Non,Oui,68000,Virement bancaire,104,98,0,2942,4,3,2,0,Tres decu par la qualite du reseau en ce moment.,Oui
CLI00046,Faranah,Femme,30,482000,2,Prépayé,Non,Oui,33000,Orange Money,202,93,7,3636,4,2,0,0,Aucune reponse a mes reclamations depuis un mois.,Oui
CLI00047,Kindia,Femme,47,1259000,12,Prépayé,Non,Non,62000,Espèces,230,122,3,2362,12,0,0,0,Service correct dans l'ensemble.,Non
CLI00048,N'Zérékoré,Homme,28,674000,2,Prépayé,Non,Oui,44000,Orange Money,256,13,1,700,48,3,1,5,Facturation incorrecte plusieurs fois de suite.,Oui
CLI00049,Conakry,Femme,29,763000,61,Postpayé,Non,Oui,46000,Carte bancaire,229,156,4,2391,49,0,2,6,Service client reactif et efficace.,Non
CLI00050,Faranah,Homme,37,556000,6,Prépayé,Non,Non,22000,Orange Money,131,104,3,4809,67,0,1,1,"Utilisation standard, pas de souci majeur.",Non
CLI00051,Boké,Homme,38,534000,42,Postpayé,Oui,Non,35000,Orange Money,217,64,86,5673,49,2,1,2,Offres interessantes et service fiable.,Non
CLI00052,Boké,Homme,26,794000,48,Postpayé,Non,Non,70000,Orange Money,171,100,1,2979,6,0,1,0,Content de la couverture reseau dans ma zone.,Non
CLI00053,Mamou,Femme,52,1316000,57,Postpayé,Non,Oui,108000,Orange Money,100,105,1,3605,23,2,0,0,Service correct dans l'ensemble.,Non
CLI00054,Labé,Homme,30,1047000,10,Prépayé,Non,Oui,85000,Espèces,170,38,7,2283,42,3,0,0,Content de la couverture reseau dans ma zone.,Non
CLI00055,Kindia,Femme,42,675000,8,Postpayé,Non,Oui,39000,Orange Money,198,36,1,5445,24,2,0,3,Tres satisfait du reseau et du service.,Non
CLI00056,Conakry,Femme,24,731000,17,Prépayé,Non,Oui,49000,Carte bancaire,273,62,1,2513,54,1,1,6,"Utilisation standard, pas de souci majeur.",Oui
CLI00057,Conakry,Femme,28,876000,30,Prépayé,Non,Non,40000,Orange Money,236,159,3,2264,16,2,0,1,Service correct dans l'ensemble.,Non
CLI00058,Faranah,Femme,28,1128000,13,Prépayé,Non,Oui,38000,Orange Money,216,160,2,3620,24,0,0,1,Aucun probleme depuis mon inscription.,Non
CLI00059,Labé,Homme,36,588000,24,Prépayé,Non,Oui,37000,Carte bancaire,34,36,3,585,31,0,2,0,Tres satisfait du reseau et du service.,Non
CLI00060,Faranah,Homme,36,1459000,19,Postpayé,Non,Non,50000,Espèces,3,87,0,4622,25,0,1,4,Content de la couverture reseau dans ma zone.,Non
CLI00061,N'Zérékoré,Homme,37,738000,5,Prépayé,Non,Non,40000,Orange Money,136,25,1,846,0,3,0,2,Le forfait ne correspond plus a mes besoins.,Oui
CLI00062,Mamou,Homme,34,388000,11,Postpayé,Non,Non,12000,Orange Money,123,0,1,1807,23,2,0,0,"Utilisation standard, pas de souci majeur.",Non
CLI00063,Conakry,Femme,44,816000,5,Prépayé,Non,Oui,59000,Orange Money,180,136,2,2933,5,0,1,0,Rien de particulier a signaler.,Oui
CLI00064,Kindia,Femme,44,375000,42,Postpayé,Non,Non,20000,Orange Money,150,104,5,2975,14,1,2,0,Rien de particulier a signaler.,Non
CLI00065,Labé,Femme,29,1275000,4,Postpayé,Non,Oui,100000,Orange Money,213,90,1,3495,46,0,0,0,Content de la couverture reseau dans ma zone.,Non
CLI00066,Conakry,Homme,36,603000,14,Prépayé,Oui,Non,28000,Carte bancaire,159,134,50,3755,9,3,1,3,Offres interessantes et service fiable.,Non
CLI00067,N'Zérékoré,Homme,39,1312000,56,Illimité,Non,Oui,52000,Espèces,142,70,3,4496,29,1,1,0,"Bon rapport qualite prix, je recommande.",Non
CLI00068,N'Zérékoré,Homme,42,526000,14,Postpayé,Non,Oui,31000,Orange Money,238,109,5,2522,45,1,2,0,Service client reactif et efficace.,Non
CLI00069,Kankan,Femme,40,1341000,96,Prépayé,Non,Oui,43000,Espèces,186,80,0,4039,60,0,0,0,Service correct dans l'ensemble.,Non
CLI00070,Boké,Femme,31,493000,16,Prépayé,Non,Oui,35000,Orange Money,113,120,0,1268,18,2,0,0,Service correct dans l'ensemble.,Non
CLI00071,Kankan,Homme,31,1115000,44,Prépayé,Non,Oui,38000,Orange Money,188,128,5,5718,4,0,1,5,Aucun probleme depuis mon inscription.,Non
CLI00072,Conakry,Homme,35,1875000,16,Prépayé,Non,Oui,156000,Espèces,123,33,5,702,45,2,1,0,"Utilisation standard, pas de souci majeur.",Non
CLI00073,Kindia,Homme,40,1366000,10,Prépayé,Non,Oui,59000,Espèces,230,48,26,3475,39,0,0,2,Rien de particulier a signaler.,Non
CLI00074,Boké,Homme,23,300000,41,Postpayé,Non,Non,20000,Orange Money,178,97,2,3659,30,2,1,4,Service client reactif et efficace.,Non
CLI00075,Faranah,Femme,24,806000,1,Prépayé,Non,Non,58000,Espèces,131,66,3,3631,2,1,1,2,Service client reactif et efficace.,Non
CLI00076,Boké,Homme,30,1265000,5,Prépayé,Oui,Oui,86000,Espèces,265,60,67,1511,14,1,0,2,Aucun probleme depuis mon inscription.,Non
CLI00077,Conakry,Femme,35,1411000,51,Postpayé,Oui,Oui,50000,Espèces,71,73,65,968,1,0,1,0,Offres interessantes et service fiable.,Non
CLI00078,Kindia,Homme,27,1058000,72,Postpayé,Non,Non,33000,Orange Money,259,13,7,2002,2,2,0,14,Offres interessantes et service fiable.,Non
CLI00079,Kindia,Homme,30,615000,16,Prépayé,Non,Oui,32000,Orange Money,170,119,9,3550,2,0,0,0,Service correct dans l'ensemble.,Non
CLI00080,Kindia,Femme,25,380000,4,Prépayé,Oui,Non,14000,Orange Money,166,30,51,2276,38,1,0,0,Rien de particulier a signaler.,Non
CLI00081,Conakry,Femme,40,492000,77,Prépayé,Non,Non,15000,Orange Money,150,30,3,3242,35,4,0,0,Service correct dans l'ensemble.,Non
CLI00082,Kindia,Femme,18,303000,4,Prépayé,Non,Non,10000,Orange Money,168,7,0,3485,20,2,0,0,Facturation incorrecte plusieurs fois de suite.,Oui
CLI00083,Boké,Homme,34,795000,90,Prépayé,Non,Non,62000,Orange Money,260,115,2,340,27,1,0,7,Tres satisfait du reseau et du service.,Non
CLI00084,Kankan,Femme,27,308000,15,Prépayé,Non,Oui,15000,Orange Money,126,79,2,2167,51,0,1,0,Rien de particulier a signaler.,Non
CLI00085,Kankan,Homme,34,891000,26,Postpayé,Non,Non,30000,Espèces,126,138,1,1635,16,1,0,0,Offres interessantes et service fiable.,Non
CLI00086,Labé,Homme,36,964000,11,Postpayé,Oui,Non,71000,Orange Money,283,88,69,1529,16,3,0,6,Trop de coupures de reseau ces derniers temps.,Oui
CLI00087,Boké,Homme,18,1012000,12,Prépayé,Non,Oui,80000,Espèces,179,65,2,3262,7,1,2,5,Content de la couverture reseau dans ma zone.,Non
CLI00088,Kankan,Homme,46,804000,25,Prépayé,Non,Oui,30000,Orange Money,260,52,1,3285,6,3,1,2,Rien de particulier a signaler.,Oui
CLI00089,Kankan,Femme,42,1214000,1,Prépayé,Oui,Non,94000,Orange Money,154,102,72,968,20,0,1,5,Rien de particulier a signaler.,Oui
CLI00090,Mamou,Femme,51,722000,14,Prépayé,Non,Oui,35000,Espèces,40,139,8,1530,8,2,1,1,Offres interessantes et service fiable.,Non
CLI00091,Kankan,Homme,43,990000,3,Prépayé,Non,Non,63000,Espèces,165,89,0,3469,46,2,0,10,Tres decu par la qualite du reseau en ce moment.,Oui
CLI00092,N'Zérékoré,Femme,44,556000,4,Prépayé,Non,Non,39000,Carte bancaire,185,136,2,1980,52,1,0,2,"Je pense changer d'operateur, trop de pannes.",Oui
CLI00093,Conakry,Homme,40,554000,28,Prépayé,Non,Non,34000,Orange Money,258,79,3,4125,25,3,0,25,Trop cher par rapport a la qualite recue.,Oui
CLI00094,Kankan,Femme,51,920000,15,Postpayé,Non,Oui,31000,Orange Money,116,121,5,4471,11,0,0,2,Tres satisfait du reseau et du service.,Non
CLI00095,Conakry,Femme,20,757000,29,Illimité,Non,Oui,28000,Virement bancaire,126,92,2,936,1,2,0,0,Service client reactif et efficace.,Non
CLI00096,Boké,Homme,33,590000,72,Postpayé,Oui,Oui,43000,Orange Money,153,130,41,3621,36,1,1,5,Aucun probleme depuis mon inscription.,Non
CLI00097,Kankan,Femme,24,786000,11,Prépayé,Oui,Non,58000,Carte bancaire,188,40,54,2755,18,1,0,0,Tres satisfait du reseau et du service.,Non
CLI00098,Faranah,Femme,44,475000,20,Postpayé,Non,Non,29000,Orange Money,121,68,2,1901,9,1,1,0,Content de la couverture reseau dans ma zone.,Non
CLI00099,Conakry,Femme,37,842000,20,Postpayé,Non,Non,35000,Espèces,232,59,2,3809,22,1,0,1,Offres interessantes et service fiable.,Non
CLI00100,Mamou,Femme,52,868000,19,Prépayé,Oui,Oui,45000,Espèces,209,157,11,1171,23,0,1,0,"Utilisation standard, pas de souci majeur.",Non
CLI00101,Conakry,Femme,36,795000,10,Prépayé,Non,Non,24000,Orange Money,126,36,1,4073,32,0,1,2,Trop de coupures de reseau ces derniers temps.,Oui
CLI00102,Kindia,Homme,32,831000,18,Prépayé,Oui,Oui,42000,Orange Money,221,45,31,2667,52,0,0,4,Aucun probleme depuis mon inscription.,Non
CLI00103,Kankan,Femme,32,549000,32,Prépayé,Non,Oui,19000,Espèces,208,52,2,3330,114,0,0,7,Service client reactif et efficace.,Non
CLI00104,Boké,Femme,26,479000,15,Prépayé,Non,Oui,30000,Orange Money,175,100,1,2620,30,1,0,0,Tres satisfait du reseau et du service.,Non
CLI00105,Labé,Femme,18,433000,7,Postpayé,Non,Oui,19000,Espèces,199,76,12,3689,1,1,1,0,Rien de particulier a signaler.,Non
CLI00106,Faranah,Femme,34,611000,14,Illimité,Non,Oui,48000,Virement bancaire,176,56,6,2626,76,1,0,2,Aucun probleme depuis mon inscription.,Non
CLI00107,Kankan,Homme,30,484000,9,Illimité,Non,Oui,25000,Orange Money,69,57,0,5152,33,1,1,0,Content de la couverture reseau dans ma zone.,Non
CLI00108,Faranah,Femme,29,839000,17,Prépayé,Non,Oui,71000,Orange Money,120,116,0,2776,74,1,0,19,Trop cher par rapport a la qualite recue.,Oui
CLI00109,Conakry,Femme,22,675000,2,Postpayé,Non,Non,30000,Espèces,194,62,2,1485,11,0,2,3,Aucun probleme depuis mon inscription.,Non
CLI00110,Boké,Homme,35,300000,48,Postpayé,Non,Oui,24000,Carte bancaire,103,103,3,2936,6,0,0,1,Service correct dans l'ensemble.,Non
CLI00111,Boké,Homme,23,978000,1,Prépayé,Oui,Non,80000,Virement bancaire,216,45,34,98,7,2,0,4,Rien de particulier a signaler.,Non
CLI00112,Conakry,Femme,37,300000,57,Prépayé,Non,Oui,16000,Virement bancaire,287,127,1,1551,5,0,0,0,Tres satisfait du reseau et du service.,Non
CLI00113,Labé,Homme,32,1075000,1,Postpayé,Non,Non,38000,Orange Money,209,128,3,1837,35,1,3,0,Rien de particulier a signaler.,Non
CLI00114,Labé,Femme,31,630000,11,Prépayé,Non,Non,47000,Carte bancaire,111,89,2,3552,37,2,1,0,Aucun probleme depuis mon inscription.,Non
CLI00115,Kankan,Homme,18,409000,39,Prépayé,Non,Oui,26000,Espèces,234,38,2,2137,38,1,0,5,"Utilisation standard, pas de souci majeur.",Non
CLI00116,N'Zérékoré,Femme,38,506000,11,Prépayé,Non,Non,25000,Orange Money,127,69,1,412,16,1,1,1,Service correct dans l'ensemble.,Non
CLI00117,Conakry,Femme,44,937000,38,Prépayé,Non,Oui,81000,Espèces,215,86,2,3479,29,1,0,0,Tres satisfait du reseau et du service.,Non
CLI00118,Conakry,Homme,33,633000,20,Prépayé,Non,Oui,56000,Orange Money,193,84,3,2385,22,2,0,1,Content de la couverture reseau dans ma zone.,Non
CLI00119,Mamou,Femme,28,1742000,2,Postpayé,Non,Oui,109000,Carte bancaire,267,88,0,3230,12,2,1,3,"Je pense changer d'operateur, trop de pannes.",Oui
CLI00120,Conakry,Homme,41,750000,25,Postpayé,Non,Oui,63000,Espèces,178,81,2,2461,2,1,1,3,Content de la couverture reseau dans ma zone.,Non
CLI00121,Conakry,Homme,43,381000,1,Illimité,Non,Oui,13000,Orange Money,251,141,11,3055,5,1,0,5,Facturation incorrecte plusieurs fois de suite.,Oui
CLI00122,Labé,Homme,29,905000,2,Prépayé,Non,Oui,74000,Orange Money,177,72,2,3001,17,0,3,2,Service correct dans l'ensemble.,Oui
CLI00123,Conakry,Femme,64,860000,4,Postpayé,Non,Oui,50000,Orange Money,153,117,1,2269,2,0,0,0,Service correct dans l'ensemble.,Non
CLI00124,Kankan,Homme,48,1757000,5,Postpayé,Non,Non,97000,Virement bancaire,101,65,8,3559,12,0,0,11,Service client reactif et efficace.,Non
CLI00125,Kankan,Femme,50,325000,19,Prépayé,Non,Oui,18000,Orange Money,236,119,0,1984,11,0,0,1,Content de la couverture reseau dans ma zone.,Non
CLI00126,Conakry,Homme,39,657000,9,Prépayé,Non,Oui,34000,Carte bancaire,33,38,2,3529,26,1,1,2,"Utilisation standard, pas de souci majeur.",Non
CLI00127,Labé,Femme,38,399000,49,Prépayé,Oui,Oui,19000,Virement bancaire,217,39,0,3560,0,2,1,2,Service correct dans l'ensemble.,Non
CLI00128,Kankan,Homme,23,856000,30,Postpayé,Non,Oui,34000,Orange Money,156,169,0,1494,43,1,0,0,Offres interessantes et service fiable.,Non
CLI00129,N'Zérékoré,Femme,31,371000,47,Prépayé,Non,Oui,31000,Orange Money,242,54,2,1973,7,0,1,0,Offres interessantes et service fiable.,Non
CLI00130,Conakry,Femme,35,553000,7,Postpayé,Non,Non,45000,Orange Money,180,115,0,2447,4,1,0,5,Offres interessantes et service fiable.,Non
CLI00131,Conakry,Homme,42,925000,13,Illimité,Oui,Non,52000,Orange Money,286,78,38,2370,77,0,1,1,"Utilisation standard, pas de souci majeur.",Non
CLI00132,Kankan,Homme,29,1142000,3,Illimité,Oui,Non,76000,Orange Money,169,151,45,872,3,1,1,0,Tres satisfait du reseau et du service.,Non
CLI00133,N'Zérékoré,Homme,25,579000,2,Prépayé,Non,Oui,39000,Espèces,235,173,1,4869,19,1,0,0,Tres satisfait du reseau et du service.,Non
CLI00134,Conakry,Femme,47,342000,8,Prépayé,Non,Non,26000,Orange Money,195,52,6,2187,19,1,2,0,"Utilisation standard, pas de souci majeur.",Non
CLI00135,Boké,Homme,35,449000,37,Prépayé,Non,Non,34000,Espèces,150,129,0,2608,3,1,2,0,Content de la couverture reseau dans ma zone.,Non
CLI00136,Faranah,Femme,44,382000,18,Postpayé,Oui,Non,33000,Orange Money,144,131,24,2455,32,0,0,4,Service client reactif et efficace.,Non
CLI00137,Kankan,Femme,35,685000,13,Postpayé,Non,Oui,32000,Espèces,159,108,5,3148,19,1,0,2,Content de la couverture reseau dans ma zone.,Non
CLI00138,Conakry,Homme,28,603000,32,Postpayé,Non,Oui,44000,Orange Money,189,20,3,1421,36,1,0,6,"Utilisation standard, pas de souci majeur.",Non
CLI00139,Mamou,Femme,34,608000,4,Prépayé,Non,Oui,41000,Orange Money,195,56,1,2725,51,0,1,0,Aucun probleme depuis mon inscription.,Non
CLI00140,Kankan,Femme,18,491000,52,Prépayé,Oui,Oui,42000,Espèces,229,89,61,1837,4,0,1,1,Offres interessantes et service fiable.,Non
CLI00141,Labé,Femme,45,570000,13,Postpayé,Non,Non,31000,Orange Money,226,109,1,2028,21,2,1,0,Tres decu par la qualite du reseau en ce moment.,Oui
CLI00142,Conakry,Homme,40,979000,19,Prépayé,Non,Oui,53000,Orange Money,214,79,4,896,73,3,1,0,Aucun probleme depuis mon inscription.,Non
CLI00143,Conakry,Homme,47,604000,2,Prépayé,Non,Oui,52000,Virement bancaire,150,144,2,3682,9,2,0,1,Aucun probleme depuis mon inscription.,Non
CLI00144,Conakry,Homme,32,936000,25,Prépayé,Non,Non,58000,Virement bancaire,191,0,2,2504,49,2,1,2,Service correct dans l'ensemble.,Oui
CLI00145,Kankan,Homme,56,885000,56,Prépayé,Non,Oui,54000,Orange Money,166,77,2,2012,12,1,0,3,Aucun probleme depuis mon inscription.,Non
CLI00146,Conakry,Homme,47,1261000,10,Illimité,Oui,Oui,88000,Carte bancaire,117,77,25,2637,47,1,1,1,Tres satisfait du reseau et du service.,Non
CLI00147,Conakry,Femme,18,896000,24,Illimité,Oui,Oui,47000,Orange Money,244,75,54,4130,11,1,1,0,Tres satisfait du reseau et du service.,Non
CLI00148,Kindia,Homme,18,405000,40,Prépayé,Non,Oui,21000,Orange Money,133,83,2,1012,19,1,1,15,"Bon rapport qualite prix, je recommande.",Non
CLI00149,Conakry,Femme,37,367000,70,Postpayé,Non,Oui,32000,Orange Money,254,138,5,1965,26,1,1,12,Aucun probleme depuis mon inscription.,Non
CLI00150,Conakry,Femme,19,587000,32,Prépayé,Oui,Non,40000,Espèces,196,92,23,3956,37,2,0,3,Trop de coupures de reseau ces derniers temps.,Oui
CLI00151,Conakry,Homme,32,639000,5,Prépayé,Non,Oui,36000,Orange Money,199,68,9,3379,16,2,1,0,Tres satisfait du reseau et du service.,Non
CLI00152,Labé,Homme,32,392000,6,Prépayé,Non,Oui,16000,Orange Money,210,66,8,50,25,1,1,2,Tres decu par la qualite du reseau en ce moment.,Oui
CLI00153,Faranah,Femme,31,697000,40,Prépayé,Non,Non,56000,Espèces,132,62,3,3644,16,0,0,2,Aucun probleme depuis mon inscription.,Non
CLI00154,Boké,Homme,50,782000,57,Postpayé,Non,Non,47000,Espèces,268,144,0,2456,6,0,1,6,Service client reactif et efficace.,Non
CLI00155,Conakry,Homme,40,1274000,12,Prépayé,Oui,Oui,109000,Espèces,191,113,35,1342,1,1,0,0,Rien de particulier a signaler.,Non
CLI00156,Kindia,Femme,41,672000,60,Prépayé,Non,Oui,27000,Espèces,212,0,1,3841,18,1,1,0,Facturation incorrecte plusieurs fois de suite.,Oui
CLI00157,Labé,Homme,37,352000,8,Postpayé,Non,Oui,28000,Espèces,222,68,1,1502,2,2,1,4,Aucun probleme depuis mon inscription.,Non
CLI00158,N'Zérékoré,Homme,66,346000,2,Postpayé,Oui,Oui,22000,Virement bancaire,257,49,37,2453,36,1,2,1,Offres interessantes et service fiable.,Non
CLI00159,N'Zérékoré,Femme,49,447000,5,Postpayé,Non,Oui,32000,Orange Money,243,46,0,2053,5,2,0,3,"Utilisation standard, pas de souci majeur.",Oui
CLI00160,Conakry,Homme,27,2857000,66,Prépayé,Non,Non,159000,Orange Money,222,94,8,1678,59,0,1,0,Aucune reponse a mes reclamations depuis un mois.,Oui
CLI00161,Conakry,Homme,40,643000,23,Illimité,Non,Non,33000,Espèces,186,99,6,2767,27,2,0,0,Offres interessantes et service fiable.,Non
CLI00162,Kankan,Homme,26,736000,8,Prépayé,Non,Non,43000,Orange Money,324,144,3,3196,0,2,0,6,Aucun probleme depuis mon inscription.,Non
CLI00163,N'Zérékoré,Homme,32,447000,16,Prépayé,Oui,Non,35000,Espèces,203,94,37,937,70,2,1,0,Service correct dans l'ensemble.,Oui
CLI00164,Boké,Femme,33,1143000,1,Illimité,Non,Oui,60000,Orange Money,167,71,4,4614,29,0,1,0,Tres satisfait du reseau et du service.,Non
CLI00165,Kankan,Femme,19,460000,20,Prépayé,Non,Oui,30000,Virement bancaire,295,102,2,2872,10,0,0,2,Service correct dans l'ensemble.,Non
CLI00166,Kankan,Homme,18,446000,19,Prépayé,Non,Oui,33000,Virement bancaire,82,80,5,2496,8,1,0,15,Facturation incorrecte plusieurs fois de suite.,Oui
CLI00167,Labé,Homme,21,852000,18,Prépayé,Non,Non,53000,Espèces,253,105,3,3057,26,3,2,20,Rien de particulier a signaler.,Oui
CLI00168,Kankan,Femme,40,589000,10,Prépayé,Non,Oui,20000,Orange Money,129,84,4,1851,14,0,0,1,"Bon rapport qualite prix, je recommande.",Non
CLI00169,Conakry,Homme,18,2248000,48,Prépayé,Non,Non,145000,Espèces,183,92,2,2760,7,2,0,0,Rien de particulier a signaler.,Non
CLI00170,Conakry,Homme,41,592000,1,Prépayé,Non,Non,39000,Orange Money,107,138,0,4487,12,0,0,3,Tres satisfait du reseau et du service.,Non
CLI00171,Conakry,Homme,18,1477000,11,Prépayé,Oui,Non,84000,Espèces,134,42,50,1822,1,1,1,0,Rien de particulier a signaler.,Non
CLI00172,Conakry,Femme,25,427000,8,Prépayé,Oui,Oui,23000,Espèces,283,59,49,3258,23,0,1,0,Facturation incorrecte plusieurs fois de suite.,Oui
CLI00173,N'Zérékoré,Homme,28,683000,71,Prépayé,Non,Oui,28000,Espèces,230,115,6,1316,30,3,0,0,Tres satisfait du reseau et du service.,Non
CLI00174,Conakry,Femme,42,604000,14,Prépayé,Non,Oui,20000,Orange Money,20,173,17,50,11,0,0,0,Offres interessantes et service fiable.,Non
CLI00175,Mamou,Homme,34,1057000,4,Postpayé,Non,Non,60000,Espèces,126,105,8,2750,28,0,0,5,"Utilisation standard, pas de souci majeur.",Non
CLI00176,Conakry,Homme,22,1092000,34,Prépayé,Non,Non,46000,Orange Money,133,70,1,1794,2,2,1,17,Le forfait ne correspond plus a mes besoins.,Oui
CLI00177,Kindia,Homme,28,473000,42,Postpayé,Non,Non,28000,Carte bancaire,138,97,2,50,16,0,1,0,"Utilisation standard, pas de souci majeur.",Non
CLI00178,Kindia,Homme,37,1456000,59,Prépayé,Non,Oui,44000,Carte bancaire,178,143,3,4025,21,0,4,7,"Je pense changer d'operateur, trop de pannes.",Oui
CLI00179,Conakry,Femme,46,869000,23,Postpayé,Non,Oui,52000,Virement bancaire,176,54,3,3260,16,2,1,3,"Utilisation standard, pas de souci majeur.",Non
CLI00180,Labé,Homme,37,389000,16,Illimité,Non,Oui,28000,Orange Money,79,115,2,1533,57,0,0,7,Trop de coupures de reseau ces derniers temps.,Oui
CLI00181,Labé,Femme,33,862000,9,Prépayé,Non,Oui,69000,Orange Money,263,49,4,4305,39,1,1,1,Service client reactif et efficace.,Non
CLI00182,Kindia,Femme,31,708000,20,Postpayé,Non,Oui,36000,Carte bancaire,59,96,2,1308,18,0,0,3,"Utilisation standard, pas de souci majeur.",Non
CLI00183,Faranah,Homme,51,1028000,6,Prépayé,Oui,Oui,66000,Carte bancaire,223,73,86,2191,48,1,2,4,"Je pense changer d'operateur, trop de pannes.",Oui
CLI00184,Conakry,Femme,25,838000,21,Prépayé,Non,Non,48000,Orange Money,191,82,3,1167,112,2,0,0,Le service client ne repond jamais rapidement.,Oui
CLI00185,Conakry,Homme,29,500000,35,Prépayé,Non,Non,26000,Espèces,203,135,1,1464,5,3,0,1,Content de la couverture reseau dans ma zone.,Non
CLI00186,Kindia,Homme,38,1219000,14,Prépayé,Non,Non,75000,Espèces,265,48,1,2948,2,0,0,9,"Bon rapport qualite prix, je recommande.",Non
CLI00187,Kindia,Homme,48,300000,4,Prépayé,Non,Non,22000,Espèces,251,151,0,4214,3,1,3,0,Service correct dans l'ensemble.,Oui
CLI00188,Conakry,Femme,18,503000,20,Prépayé,Non,Non,15000,Orange Money,204,142,0,2728,74,1,2,0,"Utilisation standard, pas de souci majeur.",Oui
CLI00189,N'Zérékoré,Femme,45,815000,14,Prépayé,Non,Oui,36000,Orange Money,169,47,7,2463,32,1,1,0,Service correct dans l'ensemble.,Oui
CLI00190,Kankan,Homme,47,515000,29,Postpayé,Non,Oui,17000,Carte bancaire,115,84,1,3174,2,1,1,2,"Bon rapport qualite prix, je recommande.",Non
CLI00191,Conakry,Femme,37,722000,40,Prépayé,Oui,Non,27000,Espèces,102,42,44,3057,6,1,0,0,Content de la couverture reseau dans ma zone.,Non
CLI00192,Kindia,Femme,18,624000,15,Prépayé,Non,Non,47000,Orange Money,28,114,0,2845,3,0,0,1,Aucun probleme depuis mon inscription.,Non
CLI00193,Conakry,Homme,26,476000,26,Postpayé,Non,Oui,33000,Espèces,223,59,2,688,119,2,0,0,Trop cher par rapport a la qualite recue.,Oui
CLI00194,Boké,Homme,32,1017000,28,Postpayé,Non,Non,76000,Orange Money,221,95,1,1619,11,2,0,1,"Utilisation standard, pas de souci majeur.",Non
CLI00195,Conakry,Homme,37,516000,5,Prépayé,Non,Oui,43000,Espèces,168,137,2,2904,38,0,0,16,Facturation incorrecte plusieurs fois de suite.,Oui
CLI00196,Boké,Femme,20,386000,9,Postpayé,Non,Oui,14000,Virement bancaire,202,50,2,3522,1,1,0,8,Service client reactif et efficace.,Non
CLI00197,N'Zérékoré,Homme,31,1311000,50,Prépayé,Oui,Non,56000,Virement bancaire,219,62,67,2047,0,0,0,2,"Utilisation standard, pas de souci majeur.",Non
CLI00198,Kindia,Femme,42,531000,9,Prépayé,Non,Oui,42000,Espèces,144,89,2,3486,35,2,1,11,Service client reactif et efficace.,Non
CLI00199,Mamou,Homme,28,1205000,28,Prépayé,Non,Oui,68000,Orange Money,218,105,1,3715,10,3,0,0,Rien de particulier a signaler.,Non
CLI00200,Labé,Femme,31,855000,26,Postpayé,Non,Non,60000,Espèces,149,93,1,680,5,4,0,5,Tres decu par la qualite du reseau en ce moment.,Oui
CLI00201,Faranah,Homme,29,650000,63,Postpayé,Oui,Non,54000,Orange Money,136,66,69,1977,26,1,0,9,Tres satisfait du reseau et du service.,Non
CLI00202,Conakry,Femme,18,806000,78,Prépayé,Non,Oui,31000,Espèces,206,114,1,211,6,2,2,0,Rien de particulier a signaler.,Non
CLI00203,Faranah,Femme,30,988000,2,Prépayé,Non,Oui,56000,Espèces,230,58,3,2008,6,1,1,0,"Utilisation standard, pas de souci majeur.",Non
CLI00204,N'Zérékoré,Femme,32,621000,38,Postpayé,Oui,Oui,42000,Espèces,183,116,65,1776,25,2,0,7,Aucun probleme depuis mon inscription.,Non
CLI00205,Labé,Homme,42,300000,7,Prépayé,Oui,Oui,15000,Orange Money,216,88,33,2051,3,2,1,3,Tres satisfait du reseau et du service.,Non
CLI00206,Conakry,Homme,25,584000,24,Prépayé,Oui,Non,24000,Orange Money,238,79,47,2047,5,2,1,2,Service client reactif et efficace.,Non
CLI00207,Mamou,Homme,20,388000,6,Prépayé,Non,Non,28000,Carte bancaire,162,99,7,50,51,1,1,0,Offres interessantes et service fiable.,Non
CLI00208,Faranah,Femme,29,811000,82,Illimité,Non,Non,24000,Espèces,262,75,8,3466,11,1,1,0,"Utilisation standard, pas de souci majeur.",Non
CLI00209,Mamou,Femme,24,864000,47,Prépayé,Non,Oui,71000,Orange Money,108,48,1,2992,22,1,0,3,Offres interessantes et service fiable.,Non
CLI00210,Conakry,Homme,40,416000,13,Prépayé,Non,Oui,32000,Espèces,249,31,13,2449,1,1,1,11,Service correct dans l'ensemble.,Oui
CLI00211,N'Zérékoré,Homme,28,1321000,12,Prépayé,Non,Oui,83000,Orange Money,72,76,3,2589,12,1,0,16,Service correct dans l'ensemble.,Non
CLI00212,N'Zérékoré,Homme,18,583000,11,Prépayé,Non,Oui,43000,Orange Money,124,52,4,4509,39,1,0,0,Service client reactif et efficace.,Non
CLI00213,Boké,Femme,41,741000,4,Prépayé,Oui,Oui,62000,Espèces,132,108,44,240,17,0,1,4,Offres interessantes et service fiable.,Non
CLI00214,Labé,Femme,33,604000,4,Prépayé,Non,Non,42000,Carte bancaire,147,129,0,3079,106,0,0,2,Service correct dans l'ensemble.,Non
CLI00215,Conakry,Homme,36,534000,47,Prépayé,Oui,Non,44000,Orange Money,181,10,62,1981,54,2,1,3,"Je pense changer d'operateur, trop de pannes.",Oui
CLI00216,N'Zérékoré,Femme,38,1365000,15,Illimité,Non,Non,109000,Espèces,203,167,3,2957,9,1,0,0,"Je pense changer d'operateur, trop de pannes.",Oui
CLI00217,Kankan,Homme,46,701000,5,Illimité,Oui,Non,27000,Espèces,228,114,40,2582,17,1,1,7,"Utilisation standard, pas de souci majeur.",Non
CLI00218,Mamou,Homme,24,300000,2,Prépayé,Non,Non,11000,Carte bancaire,176,134,2,50,4,1,0,0,Content de la couverture reseau dans ma zone.,Non
CLI00219,Faranah,Homme,41,473000,39,Prépayé,Non,Non,39000,Carte bancaire,271,64,4,1994,7,1,3,8,Trop de coupures de reseau ces derniers temps.,Oui
CLI00220,Conakry,Homme,35,583000,40,Prépayé,Non,Non,45000,Orange Money,174,108,2,1287,34,3,0,9,Le forfait ne correspond plus a mes besoins.,Oui
CLI00221,Kindia,Femme,35,1011000,44,Prépayé,Non,Non,58000,Espèces,120,119,3,3222,28,1,2,7,Facturation incorrecte plusieurs fois de suite.,Oui
CLI00222,Conakry,Femme,33,686000,19,Prépayé,Non,Oui,54000,Orange Money,227,66,5,3422,44,1,0,1,Le service client ne repond jamais rapidement.,Oui
CLI00223,Labé,Femme,29,613000,21,Prépayé,Non,Oui,52000,Orange Money,34,110,1,2885,4,1,1,7,Aucune reponse a mes reclamations depuis un mois.,Oui
CLI00224,Conakry,Homme,36,685000,20,Postpayé,Oui,Oui,50000,Orange Money,207,88,50,3067,44,0,0,0,Rien de particulier a signaler.,Non
CLI00225,Kankan,Femme,34,860000,52,Postpayé,Non,Non,46000,Espèces,438,112,1,2168,40,0,0,24,Trop cher par rapport a la qualite recue.,Oui
CLI00226,Boké,Femme,41,554000,34,Prépayé,Non,Oui,33000,Espèces,204,119,2,4448,22,1,0,0,Content de la couverture reseau dans ma zone.,Non
CLI00227,Boké,Femme,50,859000,10,Prépayé,Oui,Non,49000,Orange Money,158,89,85,3918,11,2,1,0,Tres decu par la qualite du reseau en ce moment.,Oui
CLI00228,Conakry,Femme,23,571000,6,Prépayé,Oui,Non,22000,Orange Money,223,119,36,3670,38,2,0,0,Le service client ne repond jamais rapidement.,Oui
CLI00229,Mamou,Homme,55,1030000,24,Postpayé,Non,Non,76000,Orange Money,194,120,4,5410,40,2,0,0,Content de la couverture reseau dans ma zone.,Non
CLI00230,Kankan,Femme,46,463000,14,Prépayé,Non,Oui,23000,Espèces,102,9,1,2581,28,0,0,7,"Utilisation standard, pas de souci majeur.",Non
CLI00231,Mamou,Femme,21,318000,1,Prépayé,Non,Oui,21000,Orange Money,217,117,1,1363,0,1,0,0,"Utilisation standard, pas de souci majeur.",Non
CLI00232,Conakry,Homme,32,787000,1,Prépayé,Oui,Oui,67000,Espèces,238,100,24,2913,73,2,0,0,Le service client ne repond jamais rapidement.,Oui
CLI00233,Kankan,Homme,34,592000,36,Postpayé,Non,Oui,44000,Espèces,352,62,4,3913,4,1,2,8,Rien de particulier a signaler.,Oui
CLI00234,Conakry,Homme,47,1731000,64,Prépayé,Non,Oui,88000,Virement bancaire,100,20,1,3175,119,3,1,4,Content de la couverture reseau dans ma zone.,Non
CLI00235,Kankan,Homme,23,853000,11,Prépayé,Non,Non,64000,Orange Money,209,136,0,1274,10,1,1,0,Aucun probleme depuis mon inscription.,Non
CLI00236,Labé,Femme,53,774000,22,Prépayé,Non,Oui,30000,Orange Money,200,104,2,3667,101,0,1,0,Offres interessantes et service fiable.,Non
CLI00237,Conakry,Femme,22,1842000,11,Prépayé,Oui,Oui,102000,Espèces,157,156,36,931,15,1,0,3,Rien de particulier a signaler.,Oui
CLI00238,Labé,Femme,30,984000,37,Prépayé,Non,Oui,69000,Orange Money,62,90,7,603,4,1,0,3,Content de la couverture reseau dans ma zone.,Non
CLI00239,Mamou,Homme,27,504000,33,Postpayé,Oui,Oui,40000,Orange Money,204,113,50,3813,1,1,0,0,"Utilisation standard, pas de souci majeur.",Non
CLI00240,Conakry,Femme,20,711000,4,Prépayé,Non,Oui,36000,Orange Money,158,103,6,2641,35,1,0,5,Offres interessantes et service fiable.,Non
CLI00241,Kankan,Homme,22,706000,13,Prépayé,Non,Non,33000,Virement bancaire,199,44,2,1689,56,1,0,7,Service correct dans l'ensemble.,Non
CLI00242,Boké,Homme,27,1331000,13,Prépayé,Non,Oui,117000,Espèces,203,109,0,580,13,1,0,5,"Utilisation standard, pas de souci majeur.",Oui
CLI00243,Kankan,Femme,31,981000,21,Illimité,Oui,Oui,31000,Carte bancaire,216,140,22,3367,12,1,0,0,Rien de particulier a signaler.,Non
CLI00244,Kankan,Homme,27,689000,35,Prépayé,Non,Non,31000,Orange Money,253,206,4,50,15,1,0,7,Aucune reponse a mes reclamations depuis un mois.,Oui
CLI00245,Conakry,Homme,24,507000,60,Prépayé,Non,Non,44000,Espèces,137,70,7,2729,34,2,1,2,"Utilisation standard, pas de souci majeur.",Non
CLI00246,Mamou,Homme,18,469000,12,Prépayé,Non,Non,14000,Orange Money,200,80,0,1568,14,1,0,0,Service client reactif et efficace.,Non
CLI00247,Kindia,Homme,31,779000,58,Prépayé,Non,Non,54000,Espèces,125,92,5,3754,1,2,0,1,"Utilisation standard, pas de souci majeur.",Non
CLI00248,Faranah,Femme,55,367000,2,Prépayé,Non,Non,27000,Orange Money,124,87,0,1275,7,0,0,18,Tres decu par la qualite du reseau en ce moment.,Oui
CLI00249,Labé,Homme,52,1290000,4,Postpayé,Non,Oui,56000,Orange Money,118,130,11,2552,48,1,0,0,Rien de particulier a signaler.,Non
CLI00250,Boké,Femme,47,739000,24,Illimité,Non,Non,43000,Orange Money,150,95,1,2405,6,0,1,6,"Bon rapport qualite prix, je recommande.",Non
CLI00251,Kankan,Femme,30,1208000,11,Prépayé,Non,Non,81000,Espèces,62,143,1,2913,38,0,2,1,Le forfait ne correspond plus a mes besoins.,Oui
CLI00252,Conakry,Femme,40,556000,74,Postpayé,Non,Oui,50000,Virement bancaire,98,0,2,2680,9,3,1,1,Content de la couverture reseau dans ma zone.,Non
CLI00253,Labé,Femme,28,1421000,2,Prépayé,Non,Non,82000,Espèces,197,100,6,3297,12,3,2,0,Facturation incorrecte plusieurs fois de suite.,Oui
CLI00254,Kindia,Femme,29,729000,19,Illimité,Non,Non,48000,Orange Money,219,125,3,2787,7,0,1,0,"Bon rapport qualite prix, je recommande.",Non
CLI00255,Conakry,Femme,36,404000,24,Prépayé,Oui,Non,27000,Orange Money,171,170,13,2880,94,0,3,0,Service correct dans l'ensemble.,Non
CLI00256,Faranah,Femme,45,1302000,14,Postpayé,Non,Non,87000,Carte bancaire,137,100,2,4488,2,0,0,1,Content de la couverture reseau dans ma zone.,Non
CLI00257,Labé,Homme,29,883000,96,Prépayé,Oui,Oui,34000,Orange Money,172,70,48,2771,34,0,1,1,Content de la couverture reseau dans ma zone.,Non
CLI00258,Kankan,Homme,27,979000,18,Illimité,Non,Oui,42000,Espèces,188,86,6,2719,43,1,1,0,Content de la couverture reseau dans ma zone.,Non
CLI00259,Labé,Homme,34,655000,19,Postpayé,Non,Non,58000,Carte bancaire,216,0,3,4429,15,1,1,7,Service correct dans l'ensemble.,Oui
CLI00260,Kindia,Homme,18,1023000,28,Illimité,Oui,Oui,51000,Orange Money,280,74,35,3081,4,2,0,1,Service correct dans l'ensemble.,Non
CLI00261,N'Zérékoré,Homme,43,1857000,8,Postpayé,Non,Non,99000,Espèces,157,131,5,1416,3,2,1,0,Service client reactif et efficace.,Non
CLI00262,Conakry,Homme,45,1059000,22,Prépayé,Non,Non,53000,Espèces,220,99,2,1820,6,2,0,3,Service correct dans l'ensemble.,Non
CLI00263,Conakry,Homme,47,717000,28,Prépayé,Oui,Non,59000,Orange Money,143,120,61,2493,7,2,0,1,Tres decu par la qualite du reseau en ce moment.,Oui
CLI00264,Faranah,Homme,42,398000,20,Prépayé,Non,Non,14000,Orange Money,136,78,1,3654,22,2,0,1,"Bon rapport qualite prix, je recommande.",Non
CLI00265,Kindia,Homme,27,521000,4,Postpayé,Oui,Oui,23000,Espèces,127,129,60,1648,45,2,0,4,Service correct dans l'ensemble.,Non
CLI00266,Kindia,Femme,31,1392000,24,Prépayé,Non,Oui,67000,Carte bancaire,218,50,1,1188,13,2,1,0,Tres satisfait du reseau et du service.,Non
CLI00267,Kankan,Homme,24,803000,18,Prépayé,Non,Non,32000,Espèces,216,47,5,4756,16,1,0,25,Service client reactif et efficace.,Non
CLI00268,Kindia,Homme,37,993000,9,Prépayé,Non,Non,75000,Orange Money,149,157,1,2753,2,1,1,0,"Bon rapport qualite prix, je recommande.",Non
CLI00269,Kankan,Homme,58,1067000,15,Prépayé,Non,Non,69000,Carte bancaire,180,155,6,4764,1,2,1,0,Service correct dans l'ensemble.,Non
CLI00270,Mamou,Femme,23,2726000,9,Prépayé,Non,Oui,185000,Orange Money,277,135,6,3078,14,1,0,0,Service correct dans l'ensemble.,Non
CLI00271,Kindia,Homme,41,915000,6,Prépayé,Non,Non,57000,Carte bancaire,163,55,3,2872,54,1,0,0,Le service client ne repond jamais rapidement.,Oui
CLI00272,Conakry,Femme,49,1497000,8,Illimité,Non,Oui,108000,Orange Money,188,73,3,2718,96,1,1,0,Tres satisfait du reseau et du service.,Non
CLI00273,Conakry,Homme,23,645000,49,Prépayé,Non,Oui,45000,Orange Money,135,93,2,2826,75,1,0,0,Tres satisfait du reseau et du service.,Non
CLI00274,N'Zérékoré,Homme,57,1052000,68,Prépayé,Non,Oui,54000,Orange Money,232,88,5,3412,33,0,1,4,Service client reactif et efficace.,Non
CLI00275,Kindia,Femme,27,864000,9,Prépayé,Non,Non,49000,Orange Money,118,48,2,2479,5,3,1,3,"Utilisation standard, pas de souci majeur.",Non
CLI00276,Conakry,Femme,33,364000,25,Postpayé,Non,Oui,16000,Espèces,255,67,4,2956,43,1,0,0,Service correct dans l'ensemble.,Non
CLI00277,Conakry,Homme,39,532000,1,Prépayé,Non,Oui,29000,Espèces,175,147,7,1642,23,1,0,0,Tres decu par la qualite du reseau en ce moment.,Oui
CLI00278,Kankan,Femme,44,379000,69,Prépayé,Non,Oui,28000,Orange Money,79,61,4,605,4,1,1,6,Tres decu par la qualite du reseau en ce moment.,Oui
CLI00279,Conakry,Homme,43,666000,60,Prépayé,Non,Oui,23000,Espèces,311,26,1,2792,29,0,1,0,"Bon rapport qualite prix, je recommande.",Non
CLI00280,Kankan,Femme,31,977000,29,Postpayé,Non,Non,52000,Orange Money,240,107,3,3077,17,0,1,0,"Utilisation standard, pas de souci majeur.",Non
CLI00281,Conakry,Homme,27,1967000,6,Postpayé,Oui,Oui,99000,Carte bancaire,205,42,52,1112,15,0,0,0,Rien de particulier a signaler.,Non
CLI00282,N'Zérékoré,Homme,18,1334000,6,Prépayé,Non,Non,106000,Espèces,193,143,0,3057,6,0,1,0,Aucun probleme depuis mon inscription.,Non
CLI00283,Labé,Homme,28,1367000,9,Prépayé,Non,Oui,87000,Orange Money,238,39,1,2501,18,0,0,0,Content de la couverture reseau dans ma zone.,Non
CLI00284,Conakry,Homme,48,579000,46,Illimité,Non,Non,21000,Carte bancaire,206,121,3,4973,6,3,1,0,Content de la couverture reseau dans ma zone.,Non
CLI00285,N'Zérékoré,Femme,25,467000,64,Prépayé,Oui,Non,19000,Espèces,163,84,45,1259,5,1,0,2,Service correct dans l'ensemble.,Non
CLI00286,Kindia,Femme,41,976000,65,Prépayé,Non,Oui,54000,Espèces,180,96,0,2459,37,3,0,2,Tres satisfait du reseau et du service.,Non
CLI00287,Faranah,Homme,42,568000,43,Prépayé,Non,Oui,35000,Orange Money,319,109,6,2581,53,0,0,0,Service client reactif et efficace.,Non
CLI00288,Labé,Homme,36,1230000,13,Postpayé,Non,Oui,94000,Orange Money,188,85,4,2403,10,0,0,8,Aucun probleme depuis mon inscription.,Non
CLI00289,Conakry,Homme,28,1206000,24,Prépayé,Non,Non,106000,Orange Money,29,36,4,2634,6,3,1,2,Rien de particulier a signaler.,Non
CLI00290,Conakry,Homme,28,550000,20,Prépayé,Oui,Non,33000,Virement bancaire,118,110,18,3077,21,1,1,8,Tres satisfait du reseau et du service.,Non
CLI00291,Conakry,Homme,34,800000,7,Prépayé,Non,Oui,48000,Virement bancaire,210,46,1,3034,12,0,0,2,Aucun probleme depuis mon inscription.,Non
CLI00292,Conakry,Homme,18,840000,54,Postpayé,Oui,Oui,63000,Orange Money,259,98,14,2507,30,1,2,36,Tres decu par la qualite du reseau en ce moment.,Oui
CLI00293,Conakry,Femme,49,531000,20,Prépayé,Oui,Oui,32000,Virement bancaire,240,0,45,1579,12,5,0,0,Trop de coupures de reseau ces derniers temps.,Oui
CLI00294,Conakry,Homme,23,1002000,49,Prépayé,Non,Non,77000,Orange Money,258,169,1,1839,1,0,0,0,Rien de particulier a signaler.,Non
CLI00295,N'Zérékoré,Homme,27,781000,41,Prépayé,Non,Non,27000,Espèces,126,47,4,2812,52,0,1,0,Tres satisfait du reseau et du service.,Non
CLI00296,Conakry,Homme,27,954000,2,Prépayé,Oui,Oui,72000,Orange Money,209,87,40,2692,4,1,0,0,Aucun probleme depuis mon inscription.,Non
CLI00297,Boké,Homme,31,377000,19,Prépayé,Non,Oui,27000,Espèces,182,15,1,2136,30,1,1,1,"Utilisation standard, pas de souci majeur.",Non
CLI00298,Conakry,Femme,38,791000,50,Prépayé,Non,Non,59000,Espèces,154,70,1,2667,24,2,0,11,Offres interessantes et service fiable.,Non
CLI00299,Conakry,Homme,47,782000,40,Illimité,Non,Oui,39000,Orange Money,140,113,1,3345,9,0,0,0,Offres interessantes et service fiable.,Non
CLI00300,Faranah,Femme,37,1068000,3,Illimité,Non,Non,91000,Espèces,285,25,0,4199,49,2,0,0,Aucun probleme depuis mon inscription.,Non
CLI00301,N'Zérékoré,Femme,51,479000,37,Prépayé,Non,Oui,21000,Carte bancaire,189,144,2,2032,101,1,1,0,"Utilisation standard, pas de souci majeur.",Non
CLI00302,Boké,Femme,30,1098000,24,Prépayé,Oui,Non,50000,Carte bancaire,111,75,45,3286,53,0,1,0,Service correct dans l'ensemble.,Non
CLI00303,Conakry,Homme,42,585000,17,Postpayé,Oui,Non,42000,Orange Money,172,33,10,3022,50,1,0,3,Facturation incorrecte plusieurs fois de suite.,Oui
CLI00304,N'Zérékoré,Femme,43,928000,23,Prépayé,Non,Non,37000,Espèces,245,95,3,2111,78,1,1,0,"Utilisation standard, pas de souci majeur.",Oui
CLI00305,Conakry,Homme,36,304000,8,Postpayé,Non,Non,22000,Espèces,193,96,5,2575,38,1,1,0,Rien de particulier a signaler.,Non
CLI00306,Kindia,Femme,41,832000,8,Postpayé,Non,Oui,46000,Carte bancaire,222,141,3,2377,20,1,0,0,Service client reactif et efficace.,Non
CLI00307,Labé,Femme,23,453000,34,Prépayé,Non,Oui,22000,Orange Money,223,132,5,5021,29,0,0,0,"Utilisation standard, pas de souci majeur.",Non
CLI00308,Kankan,Homme,49,407000,4,Postpayé,Non,Non,20000,Espèces,145,86,10,2953,5,0,0,2,Service correct dans l'ensemble.,Oui
CLI00309,Kankan,Homme,43,558000,10,Prépayé,Non,Oui,23000,Orange Money,134,83,3,3554,5,0,2,0,"Utilisation standard, pas de souci majeur.",Non
CLI00310,Labé,Homme,36,838000,5,Postpayé,Oui,Non,28000,Orange Money,223,98,50,1408,33,2,0,0,Rien de particulier a signaler.,Oui
CLI00311,Kindia,Homme,30,316000,2,Postpayé,Oui,Non,21000,Orange Money,87,12,80,2209,20,0,0,0,Service client reactif et efficace.,Non
CLI00312,Kankan,Homme,43,728000,30,Postpayé,Oui,Oui,32000,Carte bancaire,99,114,48,1245,3,2,1,4,"Utilisation standard, pas de souci majeur.",Non
CLI00313,Kankan,Femme,22,726000,18,Prépayé,Non,Oui,31000,Orange Money,146,7,1,1194,3,2,0,3,Service correct dans l'ensemble.,Non
CLI00314,Kankan,Femme,42,361000,12,Prépayé,Non,Non,14000,Espèces,283,75,1,2439,0,3,0,0,Le service client ne repond jamais rapidement.,Oui
CLI00315,Faranah,Femme,44,935000,28,Prépayé,Non,Oui,72000,Carte bancaire,280,90,1,1293,1,1,1,0,Service correct dans l'ensemble.,Non
CLI00316,Conakry,Femme,62,1244000,19,Prépayé,Non,Non,67000,Espèces,239,87,1,1575,20,0,2,0,Facturation incorrecte plusieurs fois de suite.,Oui
CLI00317,Conakry,Femme,33,1031000,17,Postpayé,Oui,Non,70000,Orange Money,167,127,34,2222,26,1,1,7,Service client reactif et efficace.,Non
CLI00318,Boké,Femme,49,3372000,17,Postpayé,Non,Non,174000,Orange Money,231,73,4,1877,19,1,0,3,"Bon rapport qualite prix, je recommande.",Non
CLI00319,Boké,Femme,41,1113000,58,Postpayé,Non,Non,79000,Espèces,187,47,1,4147,1,2,0,7,Offres interessantes et service fiable.,Non
CLI00320,Kankan,Homme,18,480000,1,Postpayé,Non,Oui,28000,Orange Money,299,136,10,3291,19,0,1,0,"Bon rapport qualite prix, je recommande.",Non
CLI00321,Conakry,Homme,20,304000,15,Postpayé,Non,Oui,14000,Orange Money,146,105,1,1552,25,4,0,5,"Je pense changer d'operateur, trop de pannes.",Oui
CLI00322,Mamou,Homme,28,946000,13,Postpayé,Oui,Oui,56000,Orange Money,115,75,35,1396,44,2,1,0,Trop cher par rapport a la qualite recue.,Oui
CLI00323,Kindia,Homme,47,881000,66,Prépayé,Non,Non,56000,Espèces,62,69,1,933,6,5,0,1,"Utilisation standard, pas de souci majeur.",Non
CLI00324,Kankan,Homme,50,334000,21,Illimité,Non,Non,28000,Carte bancaire,307,46,3,3607,1,2,0,1,Service correct dans l'ensemble.,Oui
CLI00325,Conakry,Homme,31,657000,18,Prépayé,Oui,Oui,33000,Espèces,117,144,29,691,35,1,0,9,Rien de particulier a signaler.,Non
CLI00326,Boké,Femme,39,848000,13,Prépayé,Non,Oui,44000,Espèces,200,167,3,3501,30,1,0,4,Service correct dans l'ensemble.,Non
CLI00327,Conakry,Femme,37,825000,58,Illimité,Non,Non,27000,Espèces,67,177,3,3215,16,0,0,0,Rien de particulier a signaler.,Non
CLI00328,Conakry,Femme,18,584000,32,Postpayé,Oui,Non,19000,Orange Money,260,131,46,2598,61,0,2,7,Aucun probleme depuis mon inscription.,Non
CLI00329,N'Zérékoré,Femme,46,1243000,5,Prépayé,Non,Oui,81000,Orange Money,304,102,2,3424,32,1,0,1,Offres interessantes et service fiable.,Non
CLI00330,Kindia,Homme,50,1006000,22,Prépayé,Non,Oui,84000,Orange Money,203,85,1,4287,2,2,0,5,Service correct dans l'ensemble.,Non
CLI00331,Kankan,Homme,18,1069000,25,Prépayé,Oui,Oui,90000,Orange Money,98,38,27,1276,18,2,0,6,Rien de particulier a signaler.,Non
CLI00332,Labé,Femme,24,778000,59,Prépayé,Non,Oui,31000,Orange Money,226,82,2,2214,11,2,0,8,"Je pense changer d'operateur, trop de pannes.",Oui
CLI00333,Conakry,Homme,33,835000,3,Postpayé,Non,Non,29000,Orange Money,83,99,1,3180,33,1,1,0,Offres interessantes et service fiable.,Non
CLI00334,Kankan,Homme,33,460000,1,Postpayé,Non,Non,34000,Orange Money,205,86,4,2919,15,1,1,0,Facturation incorrecte plusieurs fois de suite.,Oui
CLI00335,Conakry,Femme,46,691000,25,Prépayé,Non,Oui,55000,Virement bancaire,180,0,6,2991,66,2,1,1,Service correct dans l'ensemble.,Non
CLI00336,Kankan,Homme,47,543000,6,Prépayé,Non,Oui,26000,Orange Money,213,135,3,2626,10,2,0,2,"Utilisation standard, pas de souci majeur.",Non
CLI00337,Conakry,Femme,28,435000,96,Illimité,Non,Non,27000,Orange Money,244,142,11,2613,23,1,0,6,Aucun probleme depuis mon inscription.,Non
CLI00338,Mamou,Homme,42,1081000,35,Prépayé,Non,Oui,54000,Orange Money,159,63,0,1232,13,3,1,0,Service correct dans l'ensemble.,Non
CLI00339,Conakry,Femme,27,642000,62,Postpayé,Non,Non,40000,Espèces,112,128,7,3461,7,0,1,1,Rien de particulier a signaler.,Non
CLI00340,Kindia,Homme,31,1084000,18,Prépayé,Non,Oui,92000,Orange Money,225,5,1,2324,59,0,1,20,"Bon rapport qualite prix, je recommande.",Non
CLI00341,N'Zérékoré,Femme,37,588000,4,Prépayé,Non,Non,43000,Orange Money,190,65,0,2119,40,3,0,4,"Utilisation standard, pas de souci majeur.",Non
CLI00342,Boké,Femme,40,896000,17,Postpayé,Non,Oui,57000,Orange Money,261,68,5,1961,78,1,0,3,"Bon rapport qualite prix, je recommande.",Non
CLI00343,Mamou,Femme,27,373000,5,Prépayé,Non,Oui,32000,Carte bancaire,213,72,2,3402,12,0,0,0,Service correct dans l'ensemble.,Non
CLI00344,Faranah,Homme,55,1248000,5,Prépayé,Non,Non,49000,Carte bancaire,273,49,14,3688,17,1,1,0,Tres satisfait du reseau et du service.,Non
CLI00345,Conakry,Homme,36,1259000,4,Postpayé,Non,Oui,64000,Orange Money,312,98,7,1611,6,1,1,0,Service correct dans l'ensemble.,Non
CLI00346,Kankan,Homme,34,1135000,3,Postpayé,Non,Oui,99000,Espèces,154,0,4,3747,3,3,2,0,Service correct dans l'ensemble.,Oui
CLI00347,N'Zérékoré,Homme,43,626000,54,Prépayé,Non,Oui,40000,Orange Money,91,67,2,1341,92,2,0,2,Offres interessantes et service fiable.,Non
CLI00348,Conakry,Homme,27,1422000,14,Prépayé,Non,Oui,87000,Espèces,249,44,0,1032,15,1,1,5,Service correct dans l'ensemble.,Oui
CLI00349,Labé,Homme,38,410000,29,Prépayé,Non,Non,25000,Orange Money,142,139,1,1429,32,1,1,1,Content de la couverture reseau dans ma zone.,Non
CLI00350,Conakry,Femme,18,2199000,4,Prépayé,Non,Oui,105000,Orange Money,161,63,0,1505,17,1,1,4,Rien de particulier a signaler.,Oui
CLI00351,Faranah,Femme,18,969000,25,Prépayé,Non,Oui,57000,Orange Money,258,150,8,3345,28,1,0,0,Service client reactif et efficace.,Non
CLI00352,Conakry,Homme,30,563000,12,Postpayé,Non,Non,28000,Espèces,106,118,7,1794,5,0,0,0,Service client reactif et efficace.,Non
CLI00353,Labé,Homme,29,815000,4,Illimité,Non,Non,44000,Espèces,142,183,1,3876,10,2,1,7,Service client reactif et efficace.,Non
CLI00354,Kankan,Homme,30,738000,4,Illimité,Non,Non,63000,Orange Money,169,103,6,2684,27,1,2,0,Facturation incorrecte plusieurs fois de suite.,Oui
CLI00355,Faranah,Femme,27,300000,26,Prépayé,Non,Non,22000,Orange Money,186,95,0,4125,36,2,2,0,"Utilisation standard, pas de souci majeur.",Oui
CLI00356,Conakry,Femme,41,565000,13,Postpayé,Oui,Non,30000,Orange Money,166,64,60,4335,58,2,0,10,"Utilisation standard, pas de souci majeur.",Non
CLI00357,Kankan,Homme,48,569000,21,Prépayé,Non,Non,20000,Orange Money,175,103,12,2559,23,0,0,6,Tres decu par la qualite du reseau en ce moment.,Oui
CLI00358,Conakry,Femme,29,300000,11,Postpayé,Non,Non,14000,Espèces,141,180,3,3110,38,1,1,2,"Bon rapport qualite prix, je recommande.",Non
CLI00359,Kankan,Femme,46,1560000,8,Illimité,Non,Oui,51000,Carte bancaire,114,42,2,1619,7,1,1,9,Content de la couverture reseau dans ma zone.,Non
CLI00360,Boké,Homme,38,471000,20,Prépayé,Non,Non,24000,Orange Money,251,113,0,3840,5,2,0,0,Le service client ne repond jamais rapidement.,Oui
CLI00361,Conakry,Femme,21,900000,3,Illimité,Non,Non,68000,Espèces,192,141,1,2191,14,0,1,2,"Utilisation standard, pas de souci majeur.",Non
CLI00362,Faranah,Homme,19,300000,70,Prépayé,Non,Non,22000,Orange Money,240,71,1,1818,57,0,2,0,Service correct dans l'ensemble.,Non
CLI00363,Kankan,Homme,35,300000,3,Prépayé,Non,Oui,23000,Orange Money,65,104,3,2492,4,1,1,7,Service client reactif et efficace.,Non
CLI00364,Faranah,Femme,46,1572000,1,Prépayé,Oui,Oui,133000,Carte bancaire,197,50,50,3025,3,2,1,0,"Je pense changer d'operateur, trop de pannes.",Oui
CLI00365,N'Zérékoré,Femme,24,700000,1,Prépayé,Non,Oui,55000,Espèces,147,94,7,2916,35,0,2,1,Tres satisfait du reseau et du service.,Non
CLI00366,Conakry,Homme,18,1442000,3,Prépayé,Non,Oui,53000,Orange Money,213,101,4,2900,4,0,0,0,Aucun probleme depuis mon inscription.,Non
CLI00367,Conakry,Homme,45,1060000,4,Prépayé,Non,Oui,89000,Orange Money,186,103,4,2166,4,0,1,1,"Bon rapport qualite prix, je recommande.",Non
CLI00368,Conakry,Femme,47,1329000,17,Illimité,Non,Non,95000,Orange Money,182,119,3,3137,11,1,0,2,Content de la couverture reseau dans ma zone.,Non
CLI00369,Labé,Homme,32,408000,3,Prépayé,Oui,Non,16000,Espèces,256,2,32,1283,10,1,0,2,Rien de particulier a signaler.,Oui
CLI00370,Kindia,Homme,46,935000,8,Prépayé,Non,Non,40000,Orange Money,178,5,0,5132,14,1,0,1,Content de la couverture reseau dans ma zone.,Non
CLI00371,Kindia,Femme,57,628000,33,Prépayé,Non,Oui,52000,Orange Money,220,0,0,3274,14,1,0,0,Rien de particulier a signaler.,Oui
CLI00372,Boké,Homme,25,902000,33,Postpayé,Non,Non,36000,Espèces,181,162,5,2525,18,2,0,0,Tres satisfait du reseau et du service.,Non
CLI00373,Conakry,Femme,30,1178000,3,Prépayé,Non,Oui,63000,Virement bancaire,170,42,3,1672,16,2,2,0,Aucun probleme depuis mon inscription.,Non
CLI00374,Conakry,Femme,30,522000,67,Prépayé,Non,Non,16000,Orange Money,76,7,3,4336,55,1,0,0,Service client reactif et efficace.,Non
CLI00375,Boké,Homme,46,1293000,8,Postpayé,Non,Oui,58000,Orange Money,190,116,0,4339,24,1,0,0,"Utilisation standard, pas de souci majeur.",Non
CLI00376,Conakry,Femme,25,2058000,30,Postpayé,Non,Non,135000,Espèces,258,121,2,241,19,2,0,0,Tres satisfait du reseau et du service.,Non
CLI00377,Boké,Homme,31,300000,6,Postpayé,Oui,Oui,20000,Carte bancaire,201,80,43,2281,12,4,0,0,Trop cher par rapport a la qualite recue.,Oui
CLI00378,N'Zérékoré,Homme,48,782000,16,Prépayé,Non,Oui,31000,Espèces,220,87,2,3103,12,0,0,7,Rien de particulier a signaler.,Non
CLI00379,Conakry,Homme,45,584000,4,Postpayé,Non,Oui,38000,Espèces,216,36,5,1713,29,0,1,0,"Bon rapport qualite prix, je recommande.",Non
CLI00380,Mamou,Homme,46,1725000,20,Prépayé,Oui,Oui,71000,Orange Money,153,97,42,1852,52,1,2,4,Content de la couverture reseau dans ma zone.,Non
CLI00381,Mamou,Femme,24,869000,12,Prépayé,Oui,Oui,41000,Orange Money,201,123,27,3805,56,1,1,0,Tres satisfait du reseau et du service.,Non
CLI00382,Conakry,Homme,39,615000,16,Prépayé,Non,Non,55000,Carte bancaire,225,111,3,2842,21,3,0,7,Service correct dans l'ensemble.,Oui
CLI00383,Boké,Homme,28,882000,5,Prépayé,Non,Non,37000,Orange Money,231,195,0,2850,22,2,0,0,Tres satisfait du reseau et du service.,Non
CLI00384,N'Zérékoré,Homme,44,663000,7,Postpayé,Oui,Non,59000,Espèces,171,0,41,70,29,2,0,0,Tres satisfait du reseau et du service.,Non
CLI00385,Kindia,Homme,40,1158000,22,Prépayé,Non,Non,60000,Orange Money,219,57,1,3029,17,2,1,1,Offres interessantes et service fiable.,Non
CLI00386,Faranah,Homme,42,981000,4,Postpayé,Non,Non,36000,Orange Money,216,61,5,3144,17,2,0,0,Service client reactif et efficace.,Non
CLI00387,Kankan,Femme,33,491000,12,Postpayé,Non,Oui,32000,Espèces,194,94,1,642,12,2,0,0,Aucun probleme depuis mon inscription.,Non
CLI00388,Kindia,Homme,36,678000,2,Prépayé,Non,Non,48000,Carte bancaire,209,42,0,1475,2,3,0,0,"Je pense changer d'operateur, trop de pannes.",Oui
CLI00389,N'Zérékoré,Homme,39,574000,2,Illimité,Non,Oui,36000,Orange Money,187,57,0,1537,72,0,0,0,Content de la couverture reseau dans ma zone.,Non
CLI00390,Mamou,Homme,32,1335000,20,Prépayé,Non,Non,44000,Orange Money,184,99,2,896,49,1,0,1,Le service client ne repond jamais rapidement.,Oui
CLI00391,Boké,Homme,38,1281000,2,Prépayé,Non,Oui,92000,Orange Money,114,112,3,2156,26,0,1,3,Service correct dans l'ensemble.,Non
CLI00392,Faranah,Homme,24,1050000,12,Prépayé,Oui,Oui,66000,Espèces,134,43,58,2964,13,0,2,1,Aucun probleme depuis mon inscription.,Non
CLI00393,Boké,Femme,21,755000,62,Prépayé,Non,Non,60000,Espèces,193,75,6,3445,4,1,0,14,"Utilisation standard, pas de souci majeur.",Non
CLI00394,Faranah,Homme,18,1528000,2,Postpayé,Non,Oui,89000,Carte bancaire,186,75,0,2664,20,2,0,4,"Utilisation standard, pas de souci majeur.",Non
CLI00395,Conakry,Homme,33,300000,10,Prépayé,Oui,Oui,16000,Espèces,121,68,48,3836,9,2,1,1,Content de la couverture reseau dans ma zone.,Non
CLI00396,N'Zérékoré,Homme,44,549000,5,Prépayé,Non,Oui,33000,Orange Money,92,121,2,3547,3,2,0,7,Aucune reponse a mes reclamations depuis un mois.,Oui
CLI00397,Labé,Femme,39,1038000,45,Prépayé,Non,Oui,31000,Espèces,207,45,1,1594,14,1,0,8,Rien de particulier a signaler.,Non
CLI00398,Conakry,Homme,18,354000,4,Prépayé,Non,Oui,13000,Espèces,160,101,17,2415,24,3,0,0,"Bon rapport qualite prix, je recommande.",Non
CLI00399,Boké,Homme,39,300000,26,Illimité,Oui,Non,12000,Orange Money,117,67,103,1010,5,1,1,1,"Bon rapport qualite prix, je recommande.",Non
CLI00400,Kankan,Femme,35,832000,28,Prépayé,Non,Non,66000,Carte bancaire,144,75,3,2360,68,3,2,0,Facturation incorrecte plusieurs fois de suite.,Oui
CLI00401,Kankan,Femme,33,883000,34,Prépayé,Non,Non,60000,Orange Money,237,85,2,3809,0,0,0,9,Tres satisfait du reseau et du service.,Non
CLI00402,Boké,Homme,37,1012000,13,Postpayé,Non,Non,32000,Espèces,150,157,6,2932,21,4,0,0,"Bon rapport qualite prix, je recommande.",Non
CLI00403,Kindia,Femme,41,877000,7,Prépayé,Non,Oui,49000,Virement bancaire,124,74,12,2282,101,2,1,0,Tres decu par la qualite du reseau en ce moment.,Oui
CLI00404,Kindia,Homme,49,991000,38,Prépayé,Oui,Oui,88000,Espèces,151,80,66,3315,5,1,0,14,Offres interessantes et service fiable.,Non
CLI00405,N'Zérékoré,Homme,48,756000,33,Postpayé,Non,Non,33000,Orange Money,216,58,2,1501,3,0,1,0,Service correct dans l'ensemble.,Non
CLI00406,Conakry,Homme,55,413000,9,Illimité,Non,Non,19000,Orange Money,107,80,2,980,11,2,0,0,Rien de particulier a signaler.,Non
CLI00407,Kankan,Homme,41,540000,43,Postpayé,Non,Non,21000,Espèces,89,63,3,319,1,0,0,7,Content de la couverture reseau dans ma zone.,Non
CLI00408,Kankan,Femme,28,313000,12,Prépayé,Oui,Oui,22000,Orange Money,240,113,70,1915,19,4,3,2,Content de la couverture reseau dans ma zone.,Non
CLI00409,Conakry,Homme,49,790000,16,Prépayé,Non,Oui,26000,Espèces,179,32,3,4074,4,2,0,4,Aucun probleme depuis mon inscription.,Non
CLI00410,Kindia,Homme,21,582000,20,Postpayé,Non,Oui,26000,Orange Money,45,106,1,2213,5,1,0,3,Le forfait ne correspond plus a mes besoins.,Oui
CLI00411,Labé,Femme,44,822000,41,Prépayé,Non,Non,62000,Espèces,221,105,1,4322,9,2,0,1,"Bon rapport qualite prix, je recommande.",Non
CLI00412,Kankan,Femme,23,1182000,22,Prépayé,Oui,Oui,39000,Orange Money,112,2,55,50,47,0,1,0,Content de la couverture reseau dans ma zone.,Non
CLI00413,N'Zérékoré,Homme,28,1370000,5,Postpayé,Non,Non,59000,Espèces,133,12,7,2881,25,4,0,2,Service correct dans l'ensemble.,Non
CLI00414,N'Zérékoré,Homme,48,799000,14,Prépayé,Oui,Non,50000,Virement bancaire,178,86,35,1682,30,2,0,0,Content de la couverture reseau dans ma zone.,Non
CLI00415,Conakry,Femme,28,589000,26,Postpayé,Non,Non,21000,Orange Money,249,66,8,1826,18,3,1,0,"Je pense changer d'operateur, trop de pannes.",Oui
CLI00416,Conakry,Homme,46,919000,29,Illimité,Non,Oui,36000,Carte bancaire,133,76,1,530,8,1,1,2,Trop de coupures de reseau ces derniers temps.,Oui
CLI00417,Boké,Femme,41,796000,9,Prépayé,Non,Oui,56000,Espèces,194,135,2,3019,23,0,0,1,Facturation incorrecte plusieurs fois de suite.,Oui
CLI00418,Labé,Femme,33,797000,30,Postpayé,Oui,Oui,34000,Orange Money,305,30,13,2809,45,0,0,2,Offres interessantes et service fiable.,Non
CLI00419,Mamou,Homme,43,745000,15,Prépayé,Oui,Oui,62000,Orange Money,168,34,41,3892,12,0,0,0,"Utilisation standard, pas de souci majeur.",Non
CLI00420,Conakry,Homme,41,453000,2,Postpayé,Non,Non,14000,Orange Money,247,125,2,2143,4,1,0,0,"Utilisation standard, pas de souci majeur.",Non
CLI00421,Mamou,Homme,36,376000,33,Prépayé,Non,Oui,32000,Virement bancaire,221,86,1,4515,10,4,0,11,Service correct dans l'ensemble.,Oui
CLI00422,N'Zérékoré,Homme,28,637000,3,Prépayé,Non,Oui,51000,Espèces,239,104,2,3058,108,2,0,0,Content de la couverture reseau dans ma zone.,Non
CLI00423,N'Zérékoré,Femme,44,415000,19,Postpayé,Oui,Non,15000,Espèces,291,7,60,2154,29,1,2,3,Content de la couverture reseau dans ma zone.,Non
CLI00424,N'Zérékoré,Femme,31,694000,45,Prépayé,Non,Oui,34000,Orange Money,138,70,8,3688,3,1,0,0,"Utilisation standard, pas de souci majeur.",Non
CLI00425,N'Zérékoré,Femme,34,775000,3,Prépayé,Oui,Oui,62000,Orange Money,208,95,46,3341,34,1,1,3,Tres satisfait du reseau et du service.,Non
CLI00426,N'Zérékoré,Femme,39,442000,4,Prépayé,Non,Oui,40000,Orange Money,164,159,0,3380,17,0,0,5,Tres satisfait du reseau et du service.,Non
CLI00427,Conakry,Homme,34,856000,67,Prépayé,Non,Non,50000,Orange Money,128,102,1,3666,5,1,1,0,Service correct dans l'ensemble.,Non
CLI00428,N'Zérékoré,Homme,37,515000,56,Prépayé,Non,Oui,22000,Orange Money,163,139,7,1219,35,1,0,11,Tres satisfait du reseau et du service.,Non
CLI00429,Conakry,Femme,38,938000,39,Prépayé,Non,Oui,71000,Orange Money,143,138,0,949,38,0,2,0,Service client reactif et efficace.,Non
CLI00430,Kindia,Femme,38,607000,17,Prépayé,Oui,Non,28000,Orange Money,196,133,73,1267,12,2,0,0,"Bon rapport qualite prix, je recommande.",Non
CLI00431,Boké,Homme,36,456000,14,Prépayé,Non,Non,16000,Espèces,205,98,2,4017,14,2,0,5,"Utilisation standard, pas de souci majeur.",Non
CLI00432,N'Zérékoré,Homme,50,617000,16,Prépayé,Non,Non,50000,Orange Money,195,104,3,1043,78,2,0,3,"Utilisation standard, pas de souci majeur.",Non
CLI00433,Labé,Femme,29,1359000,37,Prépayé,Oui,Oui,100000,Orange Money,173,132,59,4969,20,2,2,0,Service correct dans l'ensemble.,Oui
CLI00434,Kindia,Homme,30,919000,13,Prépayé,Non,Oui,30000,Carte bancaire,191,105,4,3177,9,1,1,1,Service correct dans l'ensemble.,Non
CLI00435,Kindia,Homme,21,511000,28,Prépayé,Non,Non,27000,Virement bancaire,147,56,7,2448,14,2,0,1,Facturation incorrecte plusieurs fois de suite.,Oui
CLI00436,N'Zérékoré,Homme,18,679000,38,Postpayé,Non,Oui,29000,Espèces,287,132,7,4408,47,1,0,2,Aucun probleme depuis mon inscription.,Non
CLI00437,Kankan,Femme,42,900000,13,Postpayé,Non,Non,79000,Espèces,137,116,0,1925,11,2,1,0,Trop de coupures de reseau ces derniers temps.,Oui
CLI00438,Conakry,Femme,40,1541000,2,Prépayé,Non,Non,102000,Orange Money,144,65,1,4113,38,0,0,3,Service correct dans l'ensemble.,Non
CLI00439,Conakry,Homme,50,715000,6,Postpayé,Oui,Oui,58000,Orange Money,179,72,17,388,3,1,0,1,"Utilisation standard, pas de souci majeur.",Oui
CLI00440,Kindia,Homme,19,609000,5,Prépayé,Non,Oui,34000,Espèces,162,153,4,750,57,2,0,0,Service correct dans l'ensemble.,Non
CLI00441,Conakry,Homme,26,1006000,4,Prépayé,Non,Oui,74000,Espèces,81,81,8,2786,14,4,0,0,Service client reactif et efficace.,Non
CLI00442,Labé,Homme,28,395000,25,Postpayé,Non,Oui,20000,Orange Money,100,76,7,4498,103,1,0,1,Service correct dans l'ensemble.,Oui
CLI00443,Conakry,Homme,56,1036000,12,Postpayé,Non,Oui,54000,Carte bancaire,152,84,1,2731,14,1,1,3,Aucune reponse a mes reclamations depuis un mois.,Oui
CLI00444,Labé,Homme,45,432000,38,Prépayé,Non,Non,24000,Espèces,176,84,5,2924,15,0,0,0,Content de la couverture reseau dans ma zone.,Non
CLI00445,N'Zérékoré,Femme,33,425000,30,Prépayé,Non,Oui,23000,Espèces,151,104,2,156,57,0,0,2,Rien de particulier a signaler.,Non
CLI00446,Kankan,Homme,34,499000,23,Prépayé,Non,Oui,19000,Carte bancaire,197,91,3,4239,8,1,1,0,Content de la couverture reseau dans ma zone.,Non
CLI00447,Conakry,Homme,38,456000,14,Prépayé,Non,Oui,32000,Espèces,199,105,1,1718,11,1,0,0,"Utilisation standard, pas de souci majeur.",Non
CLI00448,Conakry,Femme,22,909000,10,Prépayé,Non,Oui,57000,Espèces,145,80,11,4267,38,1,1,0,"Bon rapport qualite prix, je recommande.",Non
CLI00449,Kindia,Femme,38,1082000,11,Illimité,Non,Non,65000,Espèces,202,0,0,2104,48,1,0,3,"Utilisation standard, pas de souci majeur.",Oui
CLI00450,Mamou,Femme,23,413000,15,Prépayé,Non,Non,32000,Orange Money,224,76,2,3016,69,0,1,0,Service client reactif et efficace.,Non
CLI00451,Kindia,Femme,36,760000,8,Prépayé,Non,Oui,28000,Orange Money,184,65,1,996,77,1,0,6,Service client reactif et efficace.,Non
CLI00452,Conakry,Homme,42,487000,1,Prépayé,Non,Oui,24000,Espèces,298,33,1,2964,35,4,1,4,Aucune reponse a mes reclamations depuis un mois.,Oui
CLI00453,Kindia,Homme,38,561000,26,Prépayé,Oui,Non,47000,Orange Money,182,93,3,2268,12,0,0,3,"Utilisation standard, pas de souci majeur.",Non
CLI00454,Conakry,Homme,27,1317000,72,Prépayé,Oui,Non,114000,Orange Money,234,155,37,3476,19,2,3,4,Content de la couverture reseau dans ma zone.,Non
CLI00455,Kankan,Homme,31,421000,10,Prépayé,Oui,Oui,29000,Orange Money,155,35,45,2590,51,0,0,11,Content de la couverture reseau dans ma zone.,Non
CLI00456,Faranah,Homme,43,537000,43,Prépayé,Non,Non,40000,Orange Money,145,82,3,4229,19,0,1,0,Service correct dans l'ensemble.,Oui
CLI00457,Kindia,Femme,29,545000,5,Illimité,Non,Oui,26000,Espèces,156,110,5,1688,8,0,1,1,Offres interessantes et service fiable.,Non
CLI00458,Faranah,Femme,20,528000,25,Prépayé,Non,Oui,18000,Carte bancaire,252,67,1,1160,41,1,1,0,Service client reactif et efficace.,Non
CLI00459,Labé,Femme,31,423000,8,Prépayé,Oui,Oui,29000,Orange Money,226,134,36,3792,37,1,0,0,"Utilisation standard, pas de souci majeur.",Non
CLI00460,Labé,Femme,29,745000,19,Prépayé,Non,Oui,40000,Espèces,165,97,2,3800,20,2,2,1,Le service client ne repond jamais rapidement.,Oui
CLI00461,Kindia,Femme,32,333000,8,Prépayé,Non,Non,23000,Espèces,197,64,0,4329,33,0,0,0,Rien de particulier a signaler.,Oui
CLI00462,Boké,Femme,34,828000,89,Prépayé,Non,Oui,53000,Carte bancaire,194,58,1,3867,75,2,1,1,"Utilisation standard, pas de souci majeur.",Non
CLI00463,N'Zérékoré,Homme,31,810000,4,Postpayé,Non,Oui,68000,Orange Money,123,72,2,651,32,1,1,2,Rien de particulier a signaler.,Non
CLI00464,Kankan,Homme,30,1443000,42,Illimité,Non,Non,70000,Orange Money,247,113,1,2803,29,1,1,0,Rien de particulier a signaler.,Non
CLI00465,Kankan,Femme,44,1282000,19,Prépayé,Oui,Oui,87000,Orange Money,233,75,51,3145,33,1,0,7,Service client reactif et efficace.,Non
CLI00466,Conakry,Femme,40,763000,17,Postpayé,Non,Non,25000,Espèces,160,118,1,3830,2,2,0,9,Service client reactif et efficace.,Non
CLI00467,Boké,Femme,45,632000,59,Illimité,Non,Oui,49000,Espèces,293,95,2,2204,1,1,0,7,"Utilisation standard, pas de souci majeur.",Non
CLI00468,Kindia,Femme,35,1780000,31,Prépayé,Oui,Oui,124000,Virement bancaire,68,49,40,1233,2,0,1,0,Offres interessantes et service fiable.,Non
CLI00469,Conakry,Femme,30,658000,48,Illimité,Non,Non,29000,Virement bancaire,248,92,3,2431,11,1,1,0,Rien de particulier a signaler.,Non
CLI00470,Kindia,Femme,37,1984000,37,Prépayé,Oui,Oui,107000,Orange Money,130,123,59,2581,48,2,1,11,Service correct dans l'ensemble.,Oui
CLI00471,Conakry,Homme,18,628000,96,Postpayé,Non,Oui,34000,Orange Money,173,92,4,3449,23,2,0,1,Content de la couverture reseau dans ma zone.,Non
CLI00472,Conakry,Femme,22,552000,2,Illimité,Non,Oui,46000,Espèces,142,52,2,2661,24,1,0,3,Le forfait ne correspond plus a mes besoins.,Oui
CLI00473,Kankan,Homme,43,1054000,96,Prépayé,Non,Oui,46000,Orange Money,83,146,1,1441,54,1,1,11,Aucun probleme depuis mon inscription.,Non
CLI00474,Mamou,Femme,29,1130000,6,Prépayé,Non,Oui,52000,Carte bancaire,126,91,7,3256,86,1,0,2,Rien de particulier a signaler.,Oui
CLI00475,Faranah,Homme,27,747000,8,Prépayé,Non,Oui,45000,Orange Money,298,101,2,3279,14,3,0,1,Le service client ne repond jamais rapidement.,Oui
CLI00476,Conakry,Homme,22,377000,6,Prépayé,Non,Non,14000,Orange Money,156,98,1,82,28,2,0,1,"Bon rapport qualite prix, je recommande.",Non
CLI00477,Conakry,Femme,39,957000,15,Prépayé,Non,Non,36000,Espèces,174,124,1,2289,5,5,1,2,Rien de particulier a signaler.,Oui
CLI00478,Conakry,Homme,21,524000,11,Postpayé,Non,Non,46000,Virement bancaire,180,148,1,2460,70,3,0,7,"Utilisation standard, pas de souci majeur.",Non
CLI00479,Conakry,Femme,47,853000,12,Illimité,Non,Non,36000,Orange Money,176,61,1,3501,23,1,0,1,Service correct dans l'ensemble.,Non
CLI00480,Conakry,Homme,36,670000,33,Prépayé,Non,Oui,59000,Espèces,74,73,3,710,3,0,1,0,Content de la couverture reseau dans ma zone.,Non
CLI00481,N'Zérékoré,Femme,18,405000,23,Prépayé,Non,Non,34000,Espèces,109,42,1,1333,5,0,2,0,Aucun probleme depuis mon inscription.,Non
CLI00482,Kankan,Homme,28,411000,6,Prépayé,Non,Non,35000,Espèces,262,136,5,4175,15,2,1,0,Content de la couverture reseau dans ma zone.,Non
CLI00483,Conakry,Femme,23,882000,16,Illimité,Non,Non,38000,Espèces,127,61,1,5087,27,1,0,0,Rien de particulier a signaler.,Non
CLI00484,Conakry,Femme,40,758000,45,Illimité,Non,Oui,67000,Orange Money,214,19,3,1304,17,0,0,0,Service client reactif et efficace.,Non
CLI00485,N'Zérékoré,Homme,40,1635000,43,Prépayé,Non,Non,147000,Orange Money,185,203,3,2400,64,0,1,0,Aucun probleme depuis mon inscription.,Non
CLI00486,Labé,Homme,29,1058000,18,Postpayé,Non,Oui,39000,Orange Money,189,41,2,1619,6,0,0,0,Tres satisfait du reseau et du service.,Non
CLI00487,Kindia,Femme,27,1109000,9,Prépayé,Non,Oui,65000,Virement bancaire,227,19,2,2852,28,4,1,0,Le forfait ne correspond plus a mes besoins.,Oui
CLI00488,Boké,Homme,39,784000,96,Postpayé,Non,Oui,45000,Orange Money,204,122,4,3531,7,0,1,0,Rien de particulier a signaler.,Non
CLI00489,Conakry,Homme,27,300000,3,Prépayé,Non,Oui,14000,Espèces,199,76,2,3844,46,2,1,1,Rien de particulier a signaler.,Non
CLI00490,Labé,Homme,48,678000,1,Prépayé,Non,Oui,33000,Orange Money,56,121,3,852,21,1,0,0,Le service client ne repond jamais rapidement.,Oui
CLI00491,Faranah,Homme,27,751000,21,Prépayé,Oui,Non,50000,Carte bancaire,185,134,41,3317,16,0,2,11,Tres decu par la qualite du reseau en ce moment.,Oui
CLI00492,Labé,Homme,38,1001000,13,Illimité,Non,Oui,57000,Espèces,192,122,1,2329,6,0,0,3,Aucun probleme depuis mon inscription.,Non
CLI00493,Kankan,Homme,18,1095000,22,Postpayé,Non,Non,97000,Orange Money,227,96,2,1772,7,1,0,0,"Utilisation standard, pas de souci majeur.",Non
CLI00494,Conakry,Femme,38,422000,1,Prépayé,Oui,Oui,38000,Orange Money,112,71,78,1989,7,4,0,2,Trop cher par rapport a la qualite recue.,Oui
CLI00495,Labé,Femme,27,1564000,1,Postpayé,Non,Non,82000,Espèces,263,73,8,4169,1,0,0,0,Service correct dans l'ensemble.,Non
CLI00496,N'Zérékoré,Homme,37,1900000,2,Prépayé,Non,Oui,160000,Orange Money,94,157,2,50,30,1,1,13,Service client reactif et efficace.,Non
CLI00497,Conakry,Femme,46,1584000,19,Prépayé,Non,Oui,67000,Orange Money,85,19,4,2965,44,0,0,5,Service client reactif et efficace.,Non
CLI00498,Boké,Femme,32,553000,11,Prépayé,Non,Oui,47000,Orange Money,219,107,1,3192,21,1,0,3,Trop cher par rapport a la qualite recue.,Oui
CLI00499,Mamou,Homme,18,341000,62,Prépayé,Oui,Oui,13000,Virement bancaire,158,0,44,50,36,2,0,2,Service correct dans l'ensemble.,Non
CLI00500,Kindia,Homme,18,1183000,2,Prépayé,Non,Oui,39000,Espèces,161,61,1,2779,39,0,1,3,Rien de particulier a signaler.,Non
CLI00501,N'Zérékoré,Femme,35,1322000,36,Illimité,Non,Non,53000,Orange Money,172,46,1,1369,32,1,0,0,Tres satisfait du reseau et du service.,Non
CLI00502,Boké,Homme,24,872000,36,Prépayé,Non,Non,65000,Espèces,181,72,5,2804,163,3,0,8,Service client reactif et efficace.,Non
CLI00503,Boké,Homme,21,800000,5,Prépayé,Non,Oui,44000,Orange Money,82,113,0,1219,65,1,0,3,Service client reactif et efficace.,Non
CLI00504,N'Zérékoré,Homme,45,566000,1,Postpayé,Non,Non,38000,Orange Money,103,81,1,1711,11,0,0,1,"Bon rapport qualite prix, je recommande.",Non
CLI00505,Conakry,Femme,31,539000,41,Prépayé,Non,Oui,34000,Espèces,270,90,1,2987,10,1,0,0,Rien de particulier a signaler.,Non
CLI00506,Kankan,Homme,44,830000,18,Prépayé,Non,Oui,42000,Orange Money,310,69,0,1809,0,2,1,14,"Je pense changer d'operateur, trop de pannes.",Oui
CLI00507,Conakry,Femme,43,557000,86,Postpayé,Non,Non,27000,Espèces,170,52,3,1805,7,0,0,6,"Utilisation standard, pas de souci majeur.",Non
CLI00508,Kindia,Homme,29,642000,68,Postpayé,Non,Oui,24000,Espèces,225,52,5,2406,8,0,2,4,Aucun probleme depuis mon inscription.,Non
CLI00509,Boké,Femme,35,431000,58,Prépayé,Non,Non,21000,Orange Money,168,87,7,1927,1,3,0,0,Rien de particulier a signaler.,Non
CLI00510,Boké,Homme,21,1741000,18,Prépayé,Non,Non,89000,Orange Money,157,119,11,3525,13,1,2,0,Service client reactif et efficace.,Non
CLI00511,Conakry,Homme,38,502000,33,Postpayé,Non,Oui,44000,Espèces,169,43,2,3659,14,1,0,0,Content de la couverture reseau dans ma zone.,Non
CLI00512,Kindia,Homme,33,367000,2,Prépayé,Non,Oui,28000,Carte bancaire,187,100,0,1403,136,1,0,2,Offres interessantes et service fiable.,Non
CLI00513,Kindia,Femme,50,817000,12,Prépayé,Non,Oui,38000,Espèces,200,150,4,2065,27,1,1,0,Rien de particulier a signaler.,Non
CLI00514,N'Zérékoré,Homme,42,576000,29,Postpayé,Non,Non,27000,Carte bancaire,107,83,4,2602,2,0,1,0,Offres interessantes et service fiable.,Non
CLI00515,N'Zérékoré,Homme,32,523000,4,Postpayé,Oui,Oui,39000,Espèces,116,108,27,2968,13,1,0,0,Service correct dans l'ensemble.,Oui
CLI00516,Labé,Homme,26,798000,17,Prépayé,Non,Oui,42000,Orange Money,191,106,1,1254,34,1,1,0,"Utilisation standard, pas de souci majeur.",Oui
CLI00517,N'Zérékoré,Homme,31,1042000,51,Prépayé,Non,Oui,60000,Orange Money,117,86,3,2002,19,2,1,0,Rien de particulier a signaler.,Non
CLI00518,Kankan,Femme,33,611000,90,Prépayé,Oui,Non,19000,Orange Money,163,71,0,168,15,1,0,8,Service correct dans l'ensemble.,Non
CLI00519,Kindia,Femme,41,698000,1,Postpayé,Oui,Oui,21000,Espèces,98,147,34,2788,26,0,0,1,"Bon rapport qualite prix, je recommande.",Non
CLI00520,Conakry,Femme,44,300000,23,Postpayé,Non,Oui,18000,Carte bancaire,153,85,0,3528,28,1,0,4,"Bon rapport qualite prix, je recommande.",Non
CLI00521,Labé,Femme,20,1465000,56,Prépayé,Non,Oui,115000,Orange Money,300,93,0,2774,40,1,1,1,Service client reactif et efficace.,Non
CLI00522,Kindia,Femme,22,552000,59,Prépayé,Non,Oui,39000,Espèces,122,137,0,3395,5,1,0,0,Rien de particulier a signaler.,Non
CLI00523,Conakry,Femme,37,2068000,1,Prépayé,Oui,Oui,143000,Orange Money,136,90,50,2412,6,2,1,3,Service correct dans l'ensemble.,Non
CLI00524,N'Zérékoré,Femme,20,395000,12,Prépayé,Non,Oui,33000,Orange Money,205,63,2,2788,26,0,0,1,Rien de particulier a signaler.,Non
CLI00525,N'Zérékoré,Femme,32,813000,1,Postpayé,Non,Oui,62000,Espèces,132,120,4,2240,23,3,1,0,Tres satisfait du reseau et du service.,Non
CLI00526,Labé,Femme,18,734000,5,Postpayé,Non,Non,35000,Virement bancaire,209,109,0,1783,80,2,0,0,Tres decu par la qualite du reseau en ce moment.,Oui
CLI00527,Labé,Homme,30,419000,11,Prépayé,Oui,Oui,27000,Espèces,231,93,39,2575,64,0,0,6,Le forfait ne correspond plus a mes besoins.,Oui
CLI00528,Mamou,Femme,28,1208000,62,Postpayé,Oui,Oui,65000,Orange Money,205,60,19,3500,22,0,0,5,Offres interessantes et service fiable.,Non
CLI00529,N'Zérékoré,Homme,30,513000,66,Postpayé,Non,Oui,40000,Orange Money,143,57,5,4267,27,0,1,4,"Utilisation standard, pas de souci majeur.",Non
CLI00530,Boké,Femme,26,1348000,1,Prépayé,Oui,Oui,60000,Espèces,262,136,41,2941,5,1,1,3,Le forfait ne correspond plus a mes besoins.,Oui
CLI00531,Labé,Femme,38,1128000,15,Prépayé,Oui,Oui,42000,Orange Money,203,122,5,1839,29,0,0,2,"Utilisation standard, pas de souci majeur.",Non
CLI00532,Conakry,Femme,43,1022000,59,Prépayé,Non,Oui,84000,Orange Money,176,107,2,789,10,1,0,10,"Utilisation standard, pas de souci majeur.",Non
CLI00533,Conakry,Femme,41,1485000,35,Prépayé,Non,Non,48000,Orange Money,190,139,1,2122,6,1,1,0,Trop cher par rapport a la qualite recue.,Oui
CLI00534,Labé,Femme,30,300000,8,Postpayé,Non,Oui,23000,Orange Money,223,79,1,2081,110,1,0,5,Service correct dans l'ensemble.,Non
CLI00535,Conakry,Homme,30,674000,15,Prépayé,Non,Non,25000,Orange Money,204,100,0,3383,40,2,2,2,Service client reactif et efficace.,Non
CLI00536,Conakry,Femme,26,1266000,96,Illimité,Oui,Oui,57000,Orange Money,197,75,61,543,94,2,1,0,Offres interessantes et service fiable.,Non
CLI00537,Kindia,Homme,25,1313000,15,Prépayé,Non,Oui,51000,Orange Money,220,90,1,3396,25,1,0,3,"Bon rapport qualite prix, je recommande.",Non
CLI00538,Faranah,Femme,31,571000,10,Prépayé,Non,Non,38000,Carte bancaire,129,69,1,3291,27,2,1,0,"Je pense changer d'operateur, trop de pannes.",Oui
CLI00539,Conakry,Femme,31,1011000,76,Illimité,Non,Non,60000,Espèces,165,155,0,902,50,0,0,0,Content de la couverture reseau dans ma zone.,Non
CLI00540,Kankan,Homme,31,348000,26,Prépayé,Non,Non,15000,Espèces,312,74,3,4649,21,0,0,2,Service correct dans l'ensemble.,Non
CLI00541,Faranah,Homme,36,700000,15,Prépayé,Non,Non,42000,Orange Money,184,136,1,1502,3,2,0,0,"Utilisation standard, pas de souci majeur.",Oui
CLI00542,Mamou,Homme,42,1077000,14,Prépayé,Non,Non,84000,Virement bancaire,213,91,0,2018,58,1,0,3,Tres decu par la qualite du reseau en ce moment.,Oui
CLI00543,Kankan,Homme,26,349000,14,Prépayé,Non,Oui,29000,Carte bancaire,110,108,0,3559,29,1,1,0,Aucun probleme depuis mon inscription.,Non
CLI00544,Conakry,Homme,31,699000,34,Postpayé,Oui,Non,28000,Espèces,127,48,46,2748,49,0,0,1,Rien de particulier a signaler.,Non
CLI00545,Conakry,Homme,39,1154000,69,Prépayé,Non,Non,104000,Carte bancaire,113,91,3,685,24,1,0,0,Aucun probleme depuis mon inscription.,Non
CLI00546,N'Zérékoré,Femme,35,768000,37,Prépayé,Non,Non,36000,Orange Money,123,53,2,3192,8,1,0,0,Tres decu par la qualite du reseau en ce moment.,Oui
CLI00547,N'Zérékoré,Homme,25,745000,18,Illimité,Non,Oui,38000,Carte bancaire,197,118,4,50,17,1,1,3,Trop cher par rapport a la qualite recue.,Oui
CLI00548,Conakry,Homme,21,730000,61,Prépayé,Non,Non,47000,Orange Money,283,122,4,123,15,2,0,3,Content de la couverture reseau dans ma zone.,Non
CLI00549,Kankan,Homme,40,778000,1,Postpayé,Non,Oui,47000,Espèces,178,131,1,4643,9,1,1,0,Aucun probleme depuis mon inscription.,Non
CLI00550,Conakry,Femme,22,494000,75,Prépayé,Non,Non,36000,Espèces,140,95,1,4085,2,0,0,0,Service correct dans l'ensemble.,Non
CLI00551,Conakry,Homme,38,972000,7,Prépayé,Non,Non,84000,Orange Money,140,106,0,2011,7,0,2,22,Tres decu par la qualite du reseau en ce moment.,Oui
CLI00552,Conakry,Homme,23,600000,11,Postpayé,Non,Oui,22000,Espèces,114,86,5,2370,8,1,0,13,Service correct dans l'ensemble.,Non
CLI00553,Conakry,Femme,52,1176000,61,Prépayé,Non,Non,105000,Espèces,119,72,3,2689,18,0,0,4,"Utilisation standard, pas de souci majeur.",Non
CLI00554,Kindia,Homme,22,1961000,14,Postpayé,Non,Oui,137000,Orange Money,95,129,0,2129,13,1,0,10,Aucun probleme depuis mon inscription.,Non
CLI00555,N'Zérékoré,Homme,53,367000,96,Prépayé,Non,Non,18000,Orange Money,95,85,6,6068,14,1,0,0,Aucun probleme depuis mon inscription.,Non
CLI00556,Boké,Femme,41,1199000,96,Prépayé,Non,Non,65000,Espèces,107,117,5,50,23,0,0,0,Tres satisfait du reseau et du service.,Non
CLI00557,Conakry,Femme,48,627000,7,Prépayé,Non,Oui,37000,Espèces,204,156,3,1371,13,2,1,0,Trop cher par rapport a la qualite recue.,Oui
CLI00558,Conakry,Femme,47,1735000,17,Postpayé,Oui,Oui,124000,Orange Money,235,25,68,50,7,1,1,15,Service client reactif et efficace.,Non
CLI00559,Conakry,Homme,39,955000,11,Illimité,Non,Non,80000,Carte bancaire,170,43,2,2526,16,2,1,0,Offres interessantes et service fiable.,Non
CLI00560,Conakry,Homme,30,871000,3,Postpayé,Non,Oui,33000,Orange Money,151,93,3,4922,15,1,1,0,"Bon rapport qualite prix, je recommande.",Non
CLI00561,Boké,Homme,60,864000,51,Postpayé,Oui,Oui,63000,Espèces,284,86,52,2740,9,0,0,0,"Bon rapport qualite prix, je recommande.",Non
CLI00562,Labé,Femme,29,370000,19,Prépayé,Non,Oui,32000,Carte bancaire,83,149,1,1844,19,1,2,2,"Bon rapport qualite prix, je recommande.",Non
CLI00563,Conakry,Femme,36,379000,14,Illimité,Non,Non,16000,Carte bancaire,204,64,3,3248,43,0,1,3,Rien de particulier a signaler.,Non
CLI00564,Kindia,Homme,19,391000,20,Prépayé,Non,Non,25000,Orange Money,275,85,0,4765,4,0,0,0,Service correct dans l'ensemble.,Non
CLI00565,Conakry,Homme,34,585000,89,Postpayé,Non,Oui,24000,Orange Money,161,45,7,2610,21,0,1,1,Rien de particulier a signaler.,Non
CLI00566,Mamou,Homme,40,847000,1,Prépayé,Non,Oui,45000,Espèces,161,115,2,4591,1,0,2,8,"Bon rapport qualite prix, je recommande.",Non
CLI00567,Kindia,Homme,26,604000,27,Prépayé,Non,Oui,30000,Espèces,145,53,7,183,1,1,1,0,Aucune reponse a mes reclamations depuis un mois.,Oui
CLI00568,Conakry,Femme,35,939000,38,Prépayé,Non,Oui,49000,Orange Money,75,20,0,3206,5,1,1,0,"Bon rapport qualite prix, je recommande.",Non
CLI00569,Boké,Homme,31,300000,16,Prépayé,Non,Non,17000,Carte bancaire,71,87,3,4658,12,0,0,0,Aucune reponse a mes reclamations depuis un mois.,Oui
CLI00570,Conakry,Femme,30,1529000,49,Postpayé,Non,Oui,81000,Espèces,135,100,3,3531,42,1,0,11,"Bon rapport qualite prix, je recommande.",Non
CLI00571,Conakry,Homme,40,639000,15,Postpayé,Non,Non,40000,Espèces,302,145,3,3742,100,3,0,16,Rien de particulier a signaler.,Oui
CLI00572,Conakry,Femme,43,1216000,12,Prépayé,Non,Non,72000,Espèces,166,37,3,1978,36,1,0,2,Aucun probleme depuis mon inscription.,Non
CLI00573,Kankan,Femme,26,1109000,18,Postpayé,Non,Oui,74000,Espèces,213,82,1,3089,1,1,0,0,"Utilisation standard, pas de souci majeur.",Non
CLI00574,Conakry,Femme,18,1230000,34,Illimité,Non,Oui,46000,Orange Money,114,92,3,2555,21,0,0,2,Content de la couverture reseau dans ma zone.,Non
CLI00575,N'Zérékoré,Homme,39,646000,24,Postpayé,Non,Oui,40000,Orange Money,99,126,0,3629,145,4,0,0,Le forfait ne correspond plus a mes besoins.,Oui
CLI00576,Kindia,Femme,22,465000,9,Prépayé,Non,Non,15000,Espèces,169,71,12,2300,55,0,0,9,Service client reactif et efficace.,Non
CLI00577,Conakry,Homme,29,1892000,62,Prépayé,Oui,Non,98000,Carte bancaire,150,50,55,2858,14,3,1,0,Tres satisfait du reseau et du service.,Non
CLI00578,Faranah,Femme,25,682000,2,Prépayé,Non,Oui,46000,Orange Money,214,171,1,3163,38,2,1,1,Service correct dans l'ensemble.,Non
CLI00579,Faranah,Homme,44,712000,6,Prépayé,Non,Non,45000,Orange Money,220,121,3,4994,36,3,1,2,Offres interessantes et service fiable.,Non
CLI00580,Kankan,Femme,57,469000,25,Prépayé,Non,Non,29000,Orange Money,217,112,1,4606,6,2,1,0,"Bon rapport qualite prix, je recommande.",Non
CLI00581,Conakry,Femme,28,534000,2,Prépayé,Non,Oui,21000,Espèces,144,42,2,2750,38,2,0,0,Offres interessantes et service fiable.,Non
CLI00582,Kankan,Femme,57,491000,84,Prépayé,Non,Oui,42000,Carte bancaire,225,104,9,2284,7,3,2,11,Rien de particulier a signaler.,Non
CLI00583,Kankan,Homme,36,509000,5,Postpayé,Non,Oui,28000,Orange Money,93,136,6,1515,5,1,0,6,Aucun probleme depuis mon inscription.,Non
CLI00584,Kindia,Homme,30,1462000,5,Postpayé,Non,Oui,52000,Espèces,185,139,3,3711,1,0,1,4,Service client reactif et efficace.,Non
CLI00585,Boké,Homme,46,1068000,3,Postpayé,Non,Oui,59000,Orange Money,76,85,1,4675,2,0,0,2,Le forfait ne correspond plus a mes besoins.,Oui
CLI00586,Labé,Femme,54,674000,11,Prépayé,Non,Non,45000,Orange Money,86,54,2,50,3,0,0,0,Offres interessantes et service fiable.,Non
CLI00587,Conakry,Femme,31,1475000,19,Prépayé,Non,Non,132000,Espèces,205,134,0,1546,38,2,2,4,Le forfait ne correspond plus a mes besoins.,Oui
CLI00588,Kankan,Femme,30,447000,7,Prépayé,Non,Non,21000,Orange Money,208,76,13,2379,18,0,0,0,Content de la couverture reseau dans ma zone.,Non
CLI00589,Faranah,Femme,54,810000,13,Prépayé,Non,Non,30000,Orange Money,195,79,4,4337,22,0,1,8,Offres interessantes et service fiable.,Non
CLI00590,Kankan,Femme,43,1055000,46,Postpayé,Non,Non,58000,Orange Money,207,27,0,4604,53,3,0,1,"Bon rapport qualite prix, je recommande.",Non
CLI00591,Boké,Femme,18,2433000,9,Prépayé,Non,Oui,140000,Orange Money,125,126,7,1789,19,2,0,7,Le service client ne repond jamais rapidement.,Oui
CLI00592,Labé,Homme,32,510000,21,Postpayé,Non,Oui,42000,Espèces,136,129,18,1837,50,0,0,0,Content de la couverture reseau dans ma zone.,Non
CLI00593,Conakry,Homme,25,374000,14,Prépayé,Non,Non,24000,Virement bancaire,149,129,3,2884,8,2,0,0,Le service client ne repond jamais rapidement.,Oui
CLI00594,Kindia,Homme,27,444000,9,Prépayé,Non,Non,22000,Carte bancaire,143,71,4,2133,133,0,0,2,"Bon rapport qualite prix, je recommande.",Non
CLI00595,Faranah,Homme,35,713000,13,Prépayé,Non,Non,56000,Espèces,199,38,2,3334,36,1,0,0,Facturation incorrecte plusieurs fois de suite.,Oui
CLI00596,N'Zérékoré,Homme,29,300000,95,Prépayé,Oui,Oui,15000,Carte bancaire,267,19,57,2845,54,0,0,4,Rien de particulier a signaler.,Non
CLI00597,Conakry,Homme,29,972000,21,Prépayé,Non,Oui,86000,Orange Money,160,93,7,3926,31,2,0,0,Offres interessantes et service fiable.,Non
CLI00598,Conakry,Homme,56,911000,30,Prépayé,Non,Non,54000,Carte bancaire,129,115,2,2990,23,0,0,2,Offres interessantes et service fiable.,Non
CLI00599,Conakry,Homme,18,478000,37,Prépayé,Non,Non,35000,Virement bancaire,133,93,2,4133,53,1,1,6,Tres satisfait du reseau et du service.,Non
CLI00600,Boké,Homme,35,550000,5,Prépayé,Oui,Non,34000,Orange Money,136,103,69,2276,12,1,0,0,Rien de particulier a signaler.,Non
CLI00601,Kankan,Femme,40,315000,53,Postpayé,Non,Non,17000,Orange Money,299,136,3,1356,4,0,2,0,Service client reactif et efficace.,Non
CLI00602,Conakry,Homme,18,1365000,32,Prépayé,Oui,Non,69000,Carte bancaire,235,31,15,1730,140,0,1,7,Content de la couverture reseau dans ma zone.,Non
CLI00603,Boké,Femme,22,599000,1,Prépayé,Non,Oui,50000,Espèces,171,84,2,3247,12,1,0,0,Service client reactif et efficace.,Non
CLI00604,Labé,Femme,22,778000,42,Prépayé,Non,Oui,33000,Orange Money,176,84,1,50,29,0,0,1,Tres satisfait du reseau et du service.,Non
CLI00605,Kankan,Femme,43,918000,16,Prépayé,Non,Non,60000,Carte bancaire,125,97,2,3393,25,2,0,3,Aucun probleme depuis mon inscription.,Non
CLI00606,Conakry,Femme,22,698000,36,Prépayé,Non,Non,27000,Carte bancaire,222,102,3,2272,65,1,1,0,Rien de particulier a signaler.,Non
CLI00607,Conakry,Homme,39,519000,35,Prépayé,Non,Non,22000,Orange Money,250,72,6,1048,42,1,0,0,Tres satisfait du reseau et du service.,Non
CLI00608,Boké,Femme,21,622000,22,Illimité,Non,Oui,20000,Orange Money,189,145,1,719,62,0,0,0,"Utilisation standard, pas de souci majeur.",Non
CLI00609,Kindia,Homme,20,974000,51,Prépayé,Non,Non,42000,Orange Money,182,149,6,3936,8,0,1,4,Aucun probleme depuis mon inscription.,Non
CLI00610,Conakry,Homme,38,715000,26,Prépayé,Non,Oui,33000,Espèces,215,154,1,398,38,0,2,0,"Utilisation standard, pas de souci majeur.",Oui
CLI00611,Kankan,Femme,43,1665000,43,Prépayé,Non,Oui,136000,Espèces,233,105,0,3184,16,1,0,4,Rien de particulier a signaler.,Non
CLI00612,Mamou,Femme,19,402000,35,Illimité,Non,Non,18000,Espèces,180,74,0,505,34,0,0,5,Offres interessantes et service fiable.,Non
CLI00613,Conakry,Homme,23,424000,78,Prépayé,Non,Oui,31000,Orange Money,278,43,1,2420,20,2,1,5,"Bon rapport qualite prix, je recommande.",Non
CLI00614,Labé,Femme,36,580000,60,Prépayé,Non,Oui,39000,Orange Money,147,86,2,1951,32,1,1,0,Rien de particulier a signaler.,Non
CLI00615,Kankan,Femme,23,951000,9,Illimité,Non,Non,84000,Espèces,153,88,2,1051,16,1,1,9,Tres decu par la qualite du reseau en ce moment.,Oui
CLI00616,N'Zérékoré,Homme,21,607000,11,Illimité,Oui,Oui,53000,Espèces,181,118,24,2637,24,0,0,2,Tres satisfait du reseau et du service.,Non
CLI00617,Conakry,Femme,22,307000,16,Postpayé,Non,Oui,17000,Carte bancaire,102,26,2,1886,52,3,0,1,Service correct dans l'ensemble.,Non
CLI00618,Kankan,Femme,37,300000,11,Prépayé,Oui,Non,25000,Orange Money,274,79,14,50,30,1,0,6,Rien de particulier a signaler.,Non
CLI00619,Conakry,Femme,18,771000,7,Prépayé,Non,Oui,42000,Orange Money,263,129,1,4725,77,1,0,0,Tres satisfait du reseau et du service.,Non
CLI00620,Mamou,Homme,52,661000,4,Postpayé,Non,Oui,23000,Orange Money,231,122,2,2742,49,1,1,1,Service correct dans l'ensemble.,Non
CLI00621,Labé,Homme,51,623000,1,Prépayé,Non,Non,25000,Virement bancaire,171,86,3,1758,14,0,0,0,Content de la couverture reseau dans ma zone.,Non
CLI00622,N'Zérékoré,Homme,47,560000,30,Prépayé,Non,Non,45000,Virement bancaire,195,101,1,1197,8,3,1,6,Aucune reponse a mes reclamations depuis un mois.,Oui
CLI00623,Mamou,Homme,31,1282000,1,Prépayé,Non,Non,80000,Orange Money,221,126,1,1617,42,2,1,0,Facturation incorrecte plusieurs fois de suite.,Oui
CLI00624,Conakry,Femme,26,636000,33,Prépayé,Non,Oui,36000,Virement bancaire,231,21,1,2424,16,3,0,0,Service correct dans l'ensemble.,Non
CLI00625,Mamou,Homme,39,680000,79,Prépayé,Oui,Oui,27000,Virement bancaire,214,146,43,1105,15,0,3,9,Service client reactif et efficace.,Non
CLI00626,Conakry,Femme,22,1169000,1,Prépayé,Non,Oui,75000,Virement bancaire,165,181,0,2885,89,0,0,1,Service correct dans l'ensemble.,Non
CLI00627,Kankan,Femme,57,334000,74,Prépayé,Non,Oui,30000,Orange Money,148,42,6,2323,20,1,1,3,Content de la couverture reseau dans ma zone.,Non
CLI00628,Conakry,Femme,27,481000,16,Postpayé,Non,Non,43000,Orange Money,182,82,1,1686,36,4,0,0,Rien de particulier a signaler.,Non
CLI00629,Kindia,Homme,46,1122000,26,Prépayé,Non,Oui,87000,Espèces,160,49,1,2020,70,5,0,0,Tres decu par la qualite du reseau en ce moment.,Oui
CLI00630,Mamou,Homme,42,847000,1,Prépayé,Non,Non,67000,Espèces,40,19,3,2573,7,1,1,0,Service client reactif et efficace.,Non
CLI00631,Conakry,Homme,29,1225000,10,Prépayé,Non,Non,77000,Orange Money,215,149,1,3024,47,0,0,2,"Utilisation standard, pas de souci majeur.",Non
CLI00632,Mamou,Femme,31,924000,8,Prépayé,Non,Oui,44000,Orange Money,246,126,13,3195,27,0,0,2,Offres interessantes et service fiable.,Non
CLI00633,Faranah,Femme,24,1141000,22,Illimité,Non,Non,101000,Espèces,130,154,0,3188,39,3,0,0,Service correct dans l'ensemble.,Non
CLI00634,Faranah,Homme,35,617000,37,Prépayé,Non,Non,49000,Espèces,161,115,2,2596,0,2,2,2,"Bon rapport qualite prix, je recommande.",Non
CLI00635,Kankan,Femme,40,661000,29,Postpayé,Oui,Oui,56000,Espèces,149,78,42,1597,4,3,0,0,Service client reactif et efficace.,Non
CLI00636,Kindia,Femme,34,434000,6,Postpayé,Non,Oui,17000,Orange Money,246,62,4,2932,20,0,0,0,"Utilisation standard, pas de souci majeur.",Non
CLI00637,Conakry,Homme,30,441000,11,Prépayé,Non,Oui,36000,Orange Money,162,96,3,3685,10,1,0,4,Offres interessantes et service fiable.,Non
CLI00638,Conakry,Homme,34,1264000,4,Postpayé,Non,Non,90000,Orange Money,249,46,10,4861,28,2,0,6,"Utilisation standard, pas de souci majeur.",Non
CLI00639,Kindia,Homme,47,623000,9,Postpayé,Oui,Non,36000,Espèces,208,0,58,3524,2,2,0,0,Tres satisfait du reseau et du service.,Non
CLI00640,Conakry,Femme,43,658000,6,Prépayé,Non,Non,21000,Espèces,149,147,7,539,49,0,3,0,Tres decu par la qualite du reseau en ce moment.,Oui
CLI00641,Faranah,Homme,39,300000,10,Prépayé,Non,Non,22000,Orange Money,145,112,1,668,178,0,0,0,Rien de particulier a signaler.,Non
CLI00642,Conakry,Homme,27,1288000,74,Prépayé,Non,Non,108000,Espèces,127,157,2,1041,3,2,0,0,Offres interessantes et service fiable.,Non
CLI00643,Conakry,Femme,28,481000,16,Postpayé,Oui,Non,23000,Orange Money,211,126,61,3008,98,1,1,0,Trop de coupures de reseau ces derniers temps.,Oui
CLI00644,N'Zérékoré,Femme,39,353000,1,Postpayé,Non,Oui,17000,Carte bancaire,110,62,4,1784,23,2,0,0,Rien de particulier a signaler.,Oui
CLI00645,Kankan,Homme,29,348000,4,Postpayé,Non,Non,17000,Orange Money,135,55,3,1160,7,0,1,0,"Utilisation standard, pas de souci majeur.",Oui
CLI00646,Conakry,Homme,26,758000,2,Prépayé,Non,Oui,32000,Orange Money,196,61,1,1885,39,4,1,0,Facturation incorrecte plusieurs fois de suite.,Oui
CLI00647,Kindia,Femme,48,1233000,51,Prépayé,Non,Oui,44000,Espèces,257,130,0,2734,2,2,1,0,Service correct dans l'ensemble.,Non
CLI00648,Kankan,Femme,35,767000,2,Prépayé,Non,Non,65000,Orange Money,127,129,1,50,1,2,0,8,Rien de particulier a signaler.,Non
CLI00649,Labé,Homme,36,767000,1,Prépayé,Non,Non,24000,Espèces,349,93,9,2330,45,3,1,0,Service correct dans l'ensemble.,Oui
CLI00650,Conakry,Homme,27,4694000,10,Prépayé,Non,Non,307000,Espèces,73,63,2,1631,24,2,0,0,"Utilisation standard, pas de souci majeur.",Non
CLI00651,Boké,Femme,36,1284000,50,Prépayé,Non,Oui,76000,Carte bancaire,217,91,2,1126,1,0,0,0,Rien de particulier a signaler.,Non
CLI00652,Kankan,Femme,42,533000,27,Prépayé,Non,Non,39000,Virement bancaire,268,100,3,2917,17,1,1,0,Offres interessantes et service fiable.,Non
CLI00653,Conakry,Homme,36,364000,48,Postpayé,Non,Non,24000,Carte bancaire,143,51,3,3785,2,3,0,4,Offres interessantes et service fiable.,Non
CLI00654,N'Zérékoré,Femme,18,459000,11,Postpayé,Oui,Oui,33000,Orange Money,255,67,12,2199,8,0,0,0,Content de la couverture reseau dans ma zone.,Non
CLI00655,Labé,Femme,28,959000,96,Postpayé,Non,Oui,66000,Espèces,147,114,3,2648,73,1,0,11,"Utilisation standard, pas de souci majeur.",Non
CLI00656,Conakry,Femme,39,699000,6,Postpayé,Non,Non,38000,Orange Money,360,124,2,4721,3,2,0,3,Rien de particulier a signaler.,Oui
CLI00657,Kankan,Homme,36,832000,15,Prépayé,Non,Oui,58000,Orange Money,151,98,5,1857,34,0,0,4,Aucun probleme depuis mon inscription.,Non
CLI00658,Conakry,Femme,44,590000,1,Prépayé,Non,Non,40000,Virement bancaire,248,81,1,2356,27,4,1,0,Tres decu par la qualite du reseau en ce moment.,Oui
CLI00659,Kindia,Femme,30,587000,3,Prépayé,Non,Oui,23000,Orange Money,101,124,1,2285,2,2,1,4,Le service client ne repond jamais rapidement.,Oui
CLI00660,Labé,Femme,33,1006000,6,Prépayé,Non,Non,63000,Carte bancaire,256,64,1,2092,11,3,0,13,Offres interessantes et service fiable.,Non
CLI00661,Conakry,Femme,43,1039000,2,Prépayé,Oui,Oui,50000,Carte bancaire,236,130,55,1108,19,0,0,0,"Bon rapport qualite prix, je recommande.",Non
CLI00662,Kankan,Homme,33,1104000,12,Postpayé,Oui,Oui,38000,Virement bancaire,251,34,30,1043,9,1,0,7,Trop de coupures de reseau ces derniers temps.,Oui
CLI00663,Faranah,Homme,43,991000,6,Prépayé,Oui,Non,30000,Orange Money,151,76,11,4466,58,1,0,0,"Bon rapport qualite prix, je recommande.",Non
CLI00664,Conakry,Homme,18,1165000,49,Prépayé,Non,Non,98000,Orange Money,217,42,4,3324,1,1,0,1,"Utilisation standard, pas de souci majeur.",Non
CLI00665,Conakry,Homme,23,371000,34,Postpayé,Non,Oui,15000,Orange Money,50,65,0,1825,7,0,1,1,Tres satisfait du reseau et du service.,Non
CLI00666,Conakry,Femme,43,719000,7,Postpayé,Non,Oui,60000,Espèces,50,135,11,559,21,1,0,3,Service client reactif et efficace.,Non
CLI00667,Labé,Femme,42,1073000,5,Prépayé,Non,Non,90000,Virement bancaire,159,82,4,3226,25,1,0,0,Facturation incorrecte plusieurs fois de suite.,Oui
CLI00668,Conakry,Femme,41,946000,2,Postpayé,Oui,Non,38000,Virement bancaire,142,7,60,2888,0,1,2,0,Tres decu par la qualite du reseau en ce moment.,Oui
CLI00669,Labé,Femme,43,1533000,38,Prépayé,Non,Non,50000,Espèces,208,128,2,1459,17,2,1,0,Tres decu par la qualite du reseau en ce moment.,Oui
CLI00670,Kankan,Homme,43,1011000,30,Prépayé,Non,Non,72000,Espèces,37,25,1,2667,12,0,0,1,Service correct dans l'ensemble.,Non
CLI00671,Kankan,Femme,21,1435000,29,Prépayé,Oui,Non,63000,Carte bancaire,115,115,40,2439,19,2,1,3,Aucune reponse a mes reclamations depuis un mois.,Oui
CLI00672,Conakry,Homme,50,991000,96,Prépayé,Non,Non,32000,Orange Money,260,77,6,4049,7,3,0,2,Trop de coupures de reseau ces derniers temps.,Oui
CLI00673,Kindia,Homme,43,683000,10,Prépayé,Non,Non,29000,Espèces,235,66,7,50,69,3,0,9,Service correct dans l'ensemble.,Oui
CLI00674,Kindia,Femme,20,724000,46,Prépayé,Non,Oui,54000,Espèces,111,87,1,4912,33,0,1,0,"Je pense changer d'operateur, trop de pannes.",Oui
CLI00675,Kindia,Femme,19,1068000,1,Postpayé,Non,Oui,40000,Espèces,251,133,3,597,2,2,0,2,Offres interessantes et service fiable.,Non
CLI00676,Kindia,Homme,38,444000,3,Prépayé,Oui,Non,38000,Orange Money,142,62,17,751,1,2,0,1,Service client reactif et efficace.,Non
CLI00677,Boké,Homme,26,478000,90,Prépayé,Non,Oui,17000,Espèces,146,151,4,3612,25,0,0,22,"Je pense changer d'operateur, trop de pannes.",Oui
CLI00678,Faranah,Femme,39,779000,19,Prépayé,Non,Oui,24000,Orange Money,250,109,1,3398,37,1,2,0,"Bon rapport qualite prix, je recommande.",Non
CLI00679,Kindia,Homme,30,1284000,22,Prépayé,Oui,Oui,77000,Orange Money,257,71,39,2673,51,3,0,0,Rien de particulier a signaler.,Non
CLI00680,Kindia,Femme,18,636000,58,Prépayé,Non,Oui,40000,Espèces,162,121,2,5986,3,1,0,2,Content de la couverture reseau dans ma zone.,Non
CLI00681,Kindia,Homme,24,1011000,3,Prépayé,Non,Non,76000,Orange Money,225,103,2,5168,43,1,0,9,"Je pense changer d'operateur, trop de pannes.",Oui
CLI00682,Conakry,Homme,29,539000,9,Prépayé,Non,Non,41000,Orange Money,204,105,32,3040,12,0,0,14,Aucun probleme depuis mon inscription.,Non
CLI00683,Mamou,Homme,33,439000,25,Prépayé,Non,Non,15000,Espèces,184,176,0,1437,43,1,1,1,Tres decu par la qualite du reseau en ce moment.,Oui
CLI00684,Kindia,Femme,42,623000,28,Prépayé,Non,Non,43000,Espèces,161,76,1,4636,24,1,0,0,Content de la couverture reseau dans ma zone.,Non
CLI00685,N'Zérékoré,Homme,26,780000,12,Prépayé,Non,Oui,46000,Orange Money,155,94,4,1859,78,1,0,0,"Utilisation standard, pas de souci majeur.",Non
CLI00686,Kankan,Femme,38,970000,19,Prépayé,Non,Non,68000,Orange Money,46,76,2,754,5,4,2,1,Content de la couverture reseau dans ma zone.,Non
CLI00687,Conakry,Homme,31,714000,9,Postpayé,Oui,Non,29000,Carte bancaire,290,114,67,2385,2,3,0,3,Aucun probleme depuis mon inscription.,Non
CLI00688,Conakry,Homme,32,637000,54,Prépayé,Non,Oui,48000,Orange Money,171,139,3,2654,69,3,0,1,"Bon rapport qualite prix, je recommande.",Non
CLI00689,Kankan,Homme,18,450000,2,Postpayé,Non,Oui,36000,Espèces,163,83,1,599,31,0,0,7,Service correct dans l'ensemble.,Non
CLI00690,Labé,Homme,28,1477000,2,Prépayé,Non,Non,108000,Espèces,139,15,3,3678,17,2,0,2,Service correct dans l'ensemble.,Non
CLI00691,Conakry,Homme,18,655000,10,Prépayé,Non,Oui,50000,Espèces,114,124,6,2778,13,1,0,0,Rien de particulier a signaler.,Oui
CLI00692,Mamou,Femme,40,1018000,15,Illimité,Non,Oui,50000,Carte bancaire,74,49,2,4376,7,2,1,1,Tres satisfait du reseau et du service.,Non
CLI00693,Kindia,Homme,45,508000,26,Prépayé,Oui,Oui,22000,Espèces,211,59,60,50,6,3,1,0,Rien de particulier a signaler.,Oui
CLI00694,Kankan,Femme,38,651000,10,Postpayé,Oui,Oui,39000,Espèces,208,134,58,3172,7,2,2,1,"Bon rapport qualite prix, je recommande.",Non
CLI00695,Faranah,Homme,55,1302000,36,Postpayé,Non,Oui,59000,Espèces,237,138,1,2805,26,0,0,3,Aucun probleme depuis mon inscription.,Non
CLI00696,N'Zérékoré,Homme,36,650000,28,Illimité,Non,Oui,33000,Espèces,161,115,1,3711,19,0,1,0,Service client reactif et efficace.,Non
CLI00697,Faranah,Homme,42,673000,63,Prépayé,Oui,Oui,45000,Orange Money,138,153,51,2888,82,0,0,3,Service correct dans l'ensemble.,Non
CLI00698,N'Zérékoré,Femme,29,1007000,71,Postpayé,Oui,Non,43000,Espèces,293,107,21,3395,2,1,1,3,Rien de particulier a signaler.,Non
CLI00699,Conakry,Homme,37,1019000,45,Prépayé,Oui,Oui,81000,Espèces,141,143,46,1887,15,0,0,4,"Utilisation standard, pas de souci majeur.",Non
CLI00700,Kindia,Femme,22,1143000,10,Prépayé,Non,Oui,40000,Virement bancaire,227,145,13,1773,1,2,1,0,Rien de particulier a signaler.,Oui
CLI00701,Conakry,Femme,30,503000,29,Prépayé,Non,Oui,22000,Orange Money,263,42,4,3205,12,1,0,0,Service client reactif et efficace.,Non
CLI00702,Kankan,Femme,44,1287000,31,Postpayé,Non,Oui,103000,Carte bancaire,2,149,1,3473,33,3,0,3,Aucun probleme depuis mon inscription.,Non
CLI00703,Conakry,Femme,33,975000,8,Postpayé,Non,Non,58000,Espèces,125,64,4,2779,17,3,0,1,Facturation incorrecte plusieurs fois de suite.,Oui
CLI00704,Labé,Homme,29,759000,5,Illimité,Non,Oui,30000,Orange Money,220,112,1,3379,21,1,1,13,Trop de coupures de reseau ces derniers temps.,Oui
CLI00705,Boké,Homme,32,712000,89,Postpayé,Oui,Non,46000,Espèces,101,83,59,2910,22,1,1,0,Offres interessantes et service fiable.,Non
CLI00706,Kankan,Homme,38,1073000,22,Prépayé,Non,Oui,91000,Virement bancaire,167,101,4,2251,14,1,1,0,"Utilisation standard, pas de souci majeur.",Non
CLI00707,Kindia,Homme,48,1183000,22,Prépayé,Non,Oui,82000,Orange Money,220,92,0,2542,8,1,0,5,Le service client ne repond jamais rapidement.,Oui
CLI00708,Conakry,Femme,18,485000,9,Prépayé,Non,Oui,22000,Orange Money,271,51,1,3734,25,0,1,1,Rien de particulier a signaler.,Non
CLI00709,Kindia,Femme,33,694000,10,Postpayé,Non,Non,44000,Orange Money,290,62,0,2145,30,0,0,1,Tres satisfait du reseau et du service.,Non
CLI00710,Conakry,Femme,32,1200000,2,Postpayé,Oui,Oui,98000,Carte bancaire,84,57,68,2051,64,1,1,2,Service client reactif et efficace.,Non
CLI00711,Kindia,Homme,30,300000,32,Prépayé,Oui,Non,25000,Orange Money,201,49,42,4144,13,0,1,0,"Bon rapport qualite prix, je recommande.",Non
CLI00712,Mamou,Homme,33,441000,39,Postpayé,Oui,Non,37000,Virement bancaire,201,20,21,1175,5,1,1,1,Tres decu par la qualite du reseau en ce moment.,Oui
CLI00713,Conakry,Homme,39,1052000,18,Prépayé,Oui,Non,63000,Virement bancaire,201,70,34,1463,14,0,0,0,Aucun probleme depuis mon inscription.,Non
CLI00714,N'Zérékoré,Homme,46,858000,28,Prépayé,Non,Oui,44000,Orange Money,219,49,3,5370,31,1,0,5,Facturation incorrecte plusieurs fois de suite.,Oui
CLI00715,Labé,Homme,18,462000,9,Postpayé,Non,Non,16000,Orange Money,207,137,1,3517,8,0,0,5,Rien de particulier a signaler.,Non
CLI00716,Kindia,Homme,20,1323000,16,Illimité,Non,Non,45000,Espèces,153,54,18,722,4,1,0,0,"Je pense changer d'operateur, trop de pannes.",Oui
CLI00717,Kankan,Femme,34,1090000,24,Prépayé,Oui,Non,38000,Espèces,174,123,47,1186,18,0,1,10,Content de la couverture reseau dans ma zone.,Non
CLI00718,Conakry,Femme,18,748000,6,Prépayé,Oui,Non,46000,Espèces,149,78,53,2966,86,0,2,0,Rien de particulier a signaler.,Non
CLI00719,Kindia,Femme,38,300000,34,Postpayé,Non,Oui,20000,Espèces,93,51,1,4428,9,4,3,0,Tres decu par la qualite du reseau en ce moment.,Oui
CLI00720,N'Zérékoré,Femme,24,494000,32,Prépayé,Non,Non,23000,Orange Money,176,99,0,5678,14,2,0,0,"Utilisation standard, pas de souci majeur.",Non
CLI00721,Conakry,Homme,31,866000,5,Prépayé,Non,Non,38000,Espèces,147,91,0,1318,40,2,1,0,Le service client ne repond jamais rapidement.,Oui
CLI00722,Faranah,Femme,20,814000,17,Illimité,Non,Non,64000,Orange Money,238,128,2,2543,19,1,1,0,Offres interessantes et service fiable.,Non
CLI00723,Conakry,Homme,23,876000,15,Prépayé,Non,Oui,40000,Espèces,179,111,0,1897,26,1,0,3,Tres satisfait du reseau et du service.,Non
CLI00724,Labé,Homme,62,915000,12,Postpayé,Non,Non,65000,Espèces,160,125,1,2792,24,1,0,5,Rien de particulier a signaler.,Non
CLI00725,Mamou,Femme,29,1512000,3,Illimité,Oui,Oui,125000,Carte bancaire,147,136,20,4246,61,1,2,3,Aucun probleme depuis mon inscription.,Non
CLI00726,Conakry,Homme,48,1321000,49,Illimité,Oui,Non,107000,Carte bancaire,265,89,48,1896,6,1,0,0,Content de la couverture reseau dans ma zone.,Non
CLI00727,Kindia,Femme,32,352000,43,Illimité,Non,Non,18000,Orange Money,236,86,0,1647,46,2,0,8,Trop de coupures de reseau ces derniers temps.,Oui
CLI00728,Labé,Femme,40,601000,6,Prépayé,Non,Oui,33000,Espèces,134,136,7,2548,3,1,0,5,"Utilisation standard, pas de souci majeur.",Non
CLI00729,Labé,Homme,24,671000,26,Postpayé,Oui,Oui,28000,Espèces,140,144,42,1897,63,1,0,7,Rien de particulier a signaler.,Non
CLI00730,Conakry,Femme,38,913000,26,Prépayé,Non,Non,36000,Espèces,175,63,1,2471,26,0,0,0,Content de la couverture reseau dans ma zone.,Non
CLI00731,Kindia,Femme,27,1505000,11,Prépayé,Non,Oui,94000,Orange Money,311,100,3,2132,16,2,0,7,Tres decu par la qualite du reseau en ce moment.,Oui
CLI00732,N'Zérékoré,Homme,18,1502000,11,Postpayé,Non,Oui,122000,Orange Money,185,146,1,5714,63,0,1,6,"Utilisation standard, pas de souci majeur.",Non
CLI00733,Kindia,Homme,18,633000,19,Prépayé,Non,Non,29000,Carte bancaire,171,121,6,2110,18,2,0,0,Offres interessantes et service fiable.,Non
CLI00734,Kankan,Femme,31,845000,5,Prépayé,Oui,Oui,53000,Virement bancaire,237,61,34,874,0,2,1,0,Le service client ne repond jamais rapidement.,Oui
CLI00735,Conakry,Femme,40,961000,8,Prépayé,Non,Oui,60000,Espèces,197,30,3,1822,35,0,0,3,Tres satisfait du reseau et du service.,Non
CLI00736,Boké,Femme,24,847000,62,Prépayé,Non,Oui,27000,Espèces,203,13,5,1354,132,1,0,7,Aucun probleme depuis mon inscription.,Non
CLI00737,Labé,Homme,21,863000,51,Postpayé,Non,Non,45000,Orange Money,189,78,4,1052,12,0,0,6,Aucun probleme depuis mon inscription.,Non
CLI00738,Labé,Homme,26,312000,1,Prépayé,Non,Non,25000,Carte bancaire,107,57,10,3068,19,2,1,3,Aucune reponse a mes reclamations depuis un mois.,Oui
CLI00739,Faranah,Homme,51,1645000,54,Prépayé,Non,Oui,132000,Orange Money,194,54,6,1163,35,1,0,0,"Utilisation standard, pas de souci majeur.",Non
CLI00740,Kankan,Femme,18,580000,21,Prépayé,Non,Oui,41000,Virement bancaire,181,72,6,1271,5,2,0,0,Aucune reponse a mes reclamations depuis un mois.,Oui
CLI00741,Faranah,Femme,40,711000,45,Postpayé,Non,Non,33000,Espèces,135,136,8,2344,10,1,0,0,Tres satisfait du reseau et du service.,Non
CLI00742,Kankan,Femme,45,423000,18,Illimité,Non,Oui,16000,Orange Money,176,108,1,3326,9,3,0,0,Tres satisfait du reseau et du service.,Non
CLI00743,Kankan,Homme,18,514000,96,Prépayé,Non,Non,28000,Orange Money,236,69,7,1877,20,0,1,0,Service correct dans l'ensemble.,Non
CLI00744,Kindia,Femme,22,798000,11,Prépayé,Non,Oui,38000,Espèces,194,145,1,3845,59,1,0,1,Facturation incorrecte plusieurs fois de suite.,Oui
CLI00745,Kankan,Femme,28,732000,16,Prépayé,Non,Oui,40000,Virement bancaire,82,134,1,3324,14,2,0,8,Offres interessantes et service fiable.,Non
CLI00746,Labé,Femme,25,1017000,52,Prépayé,Oui,Non,31000,Orange Money,172,106,42,3379,86,0,0,0,Service client reactif et efficace.,Non
CLI00747,Conakry,Homme,43,311000,4,Prépayé,Non,Oui,19000,Espèces,117,114,1,3505,6,1,0,6,"Je pense changer d'operateur, trop de pannes.",Oui
CLI00748,Conakry,Homme,33,427000,1,Illimité,Non,Oui,32000,Espèces,375,95,0,2843,2,2,1,3,Tres decu par la qualite du reseau en ce moment.,Oui
CLI00749,Faranah,Femme,27,608000,5,Illimité,Non,Oui,43000,Espèces,68,151,2,3205,58,1,1,14,Trop de coupures de reseau ces derniers temps.,Oui
CLI00750,Mamou,Femme,36,1360000,28,Illimité,Non,Oui,120000,Orange Money,139,0,0,2269,11,4,1,0,"Utilisation standard, pas de souci majeur.",Non
CLI00751,Conakry,Homme,46,453000,1,Prépayé,Non,Non,15000,Orange Money,173,87,2,50,26,0,1,1,Service correct dans l'ensemble.,Oui
CLI00752,Labé,Homme,29,438000,4,Illimité,Oui,Oui,39000,Orange Money,89,122,20,2910,2,3,0,0,Service correct dans l'ensemble.,Non
CLI00753,Conakry,Femme,24,358000,3,Prépayé,Oui,Oui,28000,Carte bancaire,152,104,59,2713,34,1,0,6,Offres interessantes et service fiable.,Non
CLI00754,Kindia,Femme,43,707000,31,Illimité,Oui,Non,54000,Espèces,212,84,95,1315,5,0,0,1,Service correct dans l'ensemble.,Non
CLI00755,Labé,Homme,51,300000,23,Prépayé,Non,Oui,15000,Orange Money,152,126,3,3134,57,1,0,0,Rien de particulier a signaler.,Non
CLI00756,Mamou,Homme,50,583000,28,Prépayé,Non,Oui,35000,Orange Money,171,74,0,2881,12,0,0,2,Rien de particulier a signaler.,Non
CLI00757,Conakry,Femme,42,1262000,3,Prépayé,Non,Oui,47000,Orange Money,286,67,4,2895,11,1,0,3,Aucun probleme depuis mon inscription.,Non
CLI00758,Conakry,Homme,31,542000,5,Postpayé,Oui,Oui,46000,Carte bancaire,283,33,34,2920,4,3,1,0,Aucun probleme depuis mon inscription.,Non
CLI00759,Labé,Femme,42,313000,17,Postpayé,Non,Non,24000,Virement bancaire,142,32,7,3679,30,0,0,0,Service correct dans l'ensemble.,Non
CLI00760,Kankan,Homme,39,782000,15,Prépayé,Non,Oui,63000,Espèces,269,27,6,2491,46,2,1,2,"Utilisation standard, pas de souci majeur.",Oui
CLI00761,Kankan,Homme,40,443000,52,Prépayé,Non,Oui,17000,Espèces,81,93,1,1463,4,1,0,0,Service client reactif et efficace.,Non
CLI00762,Kindia,Femme,33,362000,59,Postpayé,Non,Non,13000,Orange Money,225,99,2,2351,28,0,1,7,Service client reactif et efficace.,Non
CLI00763,Labé,Femme,45,1122000,36,Illimité,Non,Oui,94000,Espèces,196,15,0,4310,12,2,0,0,Rien de particulier a signaler.,Non
CLI00764,Faranah,Homme,43,861000,39,Postpayé,Oui,Oui,26000,Orange Money,153,61,48,4044,11,1,0,0,Content de la couverture reseau dans ma zone.,Non
CLI00765,Kankan,Homme,20,610000,2,Illimité,Non,Oui,19000,Espèces,234,10,1,2746,53,2,0,15,Le service client ne repond jamais rapidement.,Oui
CLI00766,Boké,Femme,41,832000,38,Prépayé,Non,Oui,53000,Espèces,272,114,4,469,0,1,0,5,"Utilisation standard, pas de souci majeur.",Non
CLI00767,Kankan,Femme,23,569000,20,Prépayé,Non,Oui,43000,Orange Money,238,39,10,2389,52,3,2,3,Le service client ne repond jamais rapidement.,Oui
CLI00768,Kindia,Homme,35,881000,11,Prépayé,Non,Oui,36000,Espèces,210,61,1,1504,4,2,1,5,Service client reactif et efficace.,Non
CLI00769,Conakry,Homme,32,1499000,5,Prépayé,Non,Non,100000,Espèces,233,60,5,3111,11,0,0,0,Rien de particulier a signaler.,Non
CLI00770,Conakry,Femme,39,2356000,34,Prépayé,Non,Oui,211000,Orange Money,79,118,2,1670,4,1,1,1,"Utilisation standard, pas de souci majeur.",Non
CLI00771,Faranah,Homme,28,717000,51,Postpayé,Non,Non,26000,Carte bancaire,281,106,0,3215,31,3,1,0,Rien de particulier a signaler.,Non
CLI00772,Kankan,Femme,30,1055000,4,Illimité,Non,Oui,65000,Espèces,169,67,0,1940,5,1,0,0,Offres interessantes et service fiable.,Non
CLI00773,Boké,Femme,28,977000,26,Prépayé,Non,Oui,80000,Orange Money,127,48,6,330,92,0,0,4,Offres interessantes et service fiable.,Non
CLI00774,Faranah,Homme,28,2295000,40,Postpayé,Non,Oui,188000,Espèces,119,111,0,3422,34,0,0,0,Offres interessantes et service fiable.,Non
CLI00775,Conakry,Homme,18,421000,8,Prépayé,Non,Oui,27000,Espèces,254,123,1,3131,23,1,0,0,Service correct dans l'ensemble.,Non
CLI00776,Boké,Femme,39,346000,28,Prépayé,Non,Non,16000,Carte bancaire,158,41,1,3115,17,2,0,2,Aucun probleme depuis mon inscription.,Non
CLI00777,Boké,Homme,27,1604000,18,Prépayé,Oui,Oui,73000,Orange Money,86,142,78,4341,20,1,0,0,Le forfait ne correspond plus a mes besoins.,Oui
CLI00778,Boké,Femme,37,797000,5,Prépayé,Oui,Oui,35000,Orange Money,250,122,50,2511,12,0,0,0,Service correct dans l'ensemble.,Oui
CLI00779,Conakry,Femme,34,1410000,18,Prépayé,Oui,Non,61000,Orange Money,207,131,19,3198,15,3,0,6,Content de la couverture reseau dans ma zone.,Non
CLI00780,Mamou,Homme,38,668000,3,Prépayé,Oui,Oui,44000,Orange Money,208,50,53,1944,38,2,0,1,Service correct dans l'ensemble.,Non
CLI00781,Mamou,Femme,40,1725000,1,Prépayé,Non,Oui,136000,Orange Money,52,93,4,2805,1,2,0,5,Aucun probleme depuis mon inscription.,Non
CLI00782,Mamou,Homme,20,1120000,5,Illimité,Non,Non,100000,Carte bancaire,182,122,1,2880,26,1,0,2,Aucun probleme depuis mon inscription.,Non
CLI00783,Faranah,Femme,32,988000,12,Prépayé,Non,Oui,35000,Orange Money,269,87,2,3286,3,1,1,0,Aucun probleme depuis mon inscription.,Non
CLI00784,Boké,Homme,36,490000,13,Prépayé,Non,Non,17000,Virement bancaire,136,84,1,2881,31,0,0,3,Le service client ne repond jamais rapidement.,Oui
CLI00785,Kankan,Femme,26,468000,8,Postpayé,Non,Non,28000,Carte bancaire,95,84,2,1533,15,0,0,6,Rien de particulier a signaler.,Non
CLI00786,Labé,Femme,27,2328000,17,Prépayé,Non,Oui,101000,Orange Money,165,93,3,1482,28,2,0,4,Aucun probleme depuis mon inscription.,Non
CLI00787,Kankan,Femme,38,608000,9,Prépayé,Non,Non,44000,Espèces,168,103,0,3264,14,3,0,0,Tres satisfait du reseau et du service.,Non
CLI00788,Kindia,Homme,48,492000,57,Postpayé,Oui,Non,24000,Espèces,306,69,53,2692,21,1,0,5,Content de la couverture reseau dans ma zone.,Non
CLI00789,Faranah,Homme,40,1487000,8,Illimité,Non,Non,85000,Orange Money,230,174,1,2522,5,1,1,1,Offres interessantes et service fiable.,Non
CLI00790,Conakry,Femme,41,579000,68,Postpayé,Non,Non,17000,Virement bancaire,146,87,3,5629,67,0,0,7,Offres interessantes et service fiable.,Non
CLI00791,Conakry,Homme,37,300000,25,Illimité,Non,Oui,27000,Espèces,149,66,2,3887,34,2,0,0,Tres decu par la qualite du reseau en ce moment.,Oui
CLI00792,N'Zérékoré,Homme,55,707000,23,Postpayé,Non,Oui,50000,Orange Money,157,43,0,3014,27,0,0,1,Content de la couverture reseau dans ma zone.,Non
CLI00793,Kindia,Femme,34,691000,58,Prépayé,Non,Non,31000,Orange Money,41,66,1,1804,87,2,1,6,Aucun probleme depuis mon inscription.,Non
CLI00794,Conakry,Femme,44,1470000,9,Postpayé,Non,Non,72000,Espèces,241,91,3,1542,19,1,0,2,Trop de coupures de reseau ces derniers temps.,Oui
CLI00795,Labé,Femme,71,643000,23,Prépayé,Oui,Oui,45000,Virement bancaire,198,89,41,2609,26,2,0,4,Tres satisfait du reseau et du service.,Non
CLI00796,N'Zérékoré,Femme,38,656000,28,Prépayé,Non,Oui,55000,Virement bancaire,166,82,0,395,14,2,0,0,Service correct dans l'ensemble.,Non
CLI00797,Faranah,Femme,34,699000,37,Postpayé,Non,Non,56000,Espèces,182,222,3,2583,67,1,1,8,Rien de particulier a signaler.,Non
CLI00798,N'Zérékoré,Homme,18,413000,5,Illimité,Oui,Oui,28000,Carte bancaire,143,70,0,1705,16,1,0,1,Service client reactif et efficace.,Non
CLI00799,N'Zérékoré,Femme,18,300000,2,Prépayé,Non,Non,22000,Espèces,142,124,0,1515,3,0,0,1,Aucun probleme depuis mon inscription.,Non
CLI00800,Boké,Femme,57,1667000,55,Prépayé,Oui,Oui,140000,Espèces,217,85,53,2213,75,1,0,11,Service client reactif et efficace.,Non
CLI00801,Conakry,Homme,35,391000,2,Prépayé,Oui,Non,15000,Espèces,132,128,58,2714,23,0,0,0,"Utilisation standard, pas de souci majeur.",Non
CLI00802,Conakry,Homme,24,1604000,14,Illimité,Non,Oui,142000,Orange Money,190,105,2,1515,115,1,0,7,"Je pense changer d'operateur, trop de pannes.",Oui
CLI00803,Conakry,Homme,29,448000,7,Postpayé,Non,Oui,32000,Orange Money,128,176,0,1980,68,2,0,0,Aucune reponse a mes reclamations depuis un mois.,Oui
CLI00804,Mamou,Femme,22,865000,2,Postpayé,Non,Oui,35000,Orange Money,137,86,3,3230,4,4,0,2,Aucun probleme depuis mon inscription.,Non
CLI00805,N'Zérékoré,Femme,34,797000,1,Prépayé,Non,Non,54000,Orange Money,104,87,1,88,53,1,1,0,Offres interessantes et service fiable.,Non
CLI00806,Conakry,Homme,27,593000,11,Prépayé,Non,Non,35000,Orange Money,198,79,2,1971,19,0,2,1,"Utilisation standard, pas de souci majeur.",Non
CLI00807,Kankan,Homme,40,760000,29,Prépayé,Non,Oui,49000,Orange Money,120,135,0,511,26,1,1,0,Tres satisfait du reseau et du service.,Non
CLI00808,Faranah,Homme,50,984000,13,Postpayé,Non,Oui,65000,Orange Money,137,126,11,983,37,3,0,0,"Utilisation standard, pas de souci majeur.",Non
CLI00809,Faranah,Homme,39,729000,3,Prépayé,Oui,Oui,36000,Orange Money,152,90,17,1223,72,0,1,2,"Bon rapport qualite prix, je recommande.",Non
CLI00810,Conakry,Homme,34,682000,7,Prépayé,Non,Oui,23000,Carte bancaire,278,64,3,4378,6,0,0,3,Service correct dans l'ensemble.,Non
CLI00811,Conakry,Homme,34,566000,69,Prépayé,Non,Non,37000,Orange Money,147,32,3,3096,14,2,1,0,Trop de coupures de reseau ces derniers temps.,Oui
CLI00812,Faranah,Femme,49,3277000,7,Prépayé,Non,Oui,146000,Orange Money,139,76,0,1607,81,3,0,0,Trop cher par rapport a la qualite recue.,Oui
CLI00813,Mamou,Femme,20,1034000,10,Prépayé,Non,Non,37000,Carte bancaire,111,108,1,2910,18,2,0,8,Aucun probleme depuis mon inscription.,Non
CLI00814,Kindia,Homme,24,907000,35,Postpayé,Non,Oui,38000,Carte bancaire,189,51,2,3487,10,1,0,0,Tres satisfait du reseau et du service.,Non
CLI00815,Kindia,Homme,28,566000,2,Prépayé,Non,Oui,30000,Orange Money,243,62,2,2027,2,0,1,0,"Utilisation standard, pas de souci majeur.",Non
CLI00816,Conakry,Homme,21,528000,1,Prépayé,Oui,Non,31000,Espèces,285,13,48,4018,16,0,0,0,Content de la couverture reseau dans ma zone.,Non
CLI00817,N'Zérékoré,Femme,39,696000,16,Postpayé,Non,Non,61000,Espèces,158,104,5,2185,15,1,0,0,Service correct dans l'ensemble.,Non
CLI00818,Kankan,Homme,30,665000,96,Postpayé,Non,Non,20000,Orange Money,253,40,2,3675,23,2,0,4,Service client reactif et efficace.,Non
CLI00819,N'Zérékoré,Femme,24,529000,2,Prépayé,Non,Oui,43000,Orange Money,226,48,0,4411,4,0,0,0,"Bon rapport qualite prix, je recommande.",Non
CLI00820,Kankan,Homme,40,624000,50,Prépayé,Non,Non,51000,Orange Money,193,141,4,1382,3,0,0,6,Offres interessantes et service fiable.,Non
CLI00821,Boké,Homme,33,964000,96,Prépayé,Non,Oui,85000,Orange Money,192,81,0,2408,73,0,1,6,Tres satisfait du reseau et du service.,Non
CLI00822,Kankan,Homme,38,947000,80,Prépayé,Non,Non,73000,Orange Money,124,103,6,1726,5,0,0,0,Aucun probleme depuis mon inscription.,Non
CLI00823,Conakry,Femme,34,328000,28,Prépayé,Non,Oui,14000,Orange Money,184,149,5,3800,2,3,0,2,Service client reactif et efficace.,Non
CLI00824,Mamou,Homme,28,312000,3,Prépayé,Non,Non,24000,Orange Money,119,45,3,866,66,2,0,0,Service client reactif et efficace.,Non
CLI00825,Conakry,Homme,22,889000,71,Illimité,Non,Non,60000,Carte bancaire,131,94,2,1438,43,1,0,4,Content de la couverture reseau dans ma zone.,Non
CLI00826,Kindia,Femme,39,566000,39,Prépayé,Non,Oui,36000,Orange Money,274,165,1,1083,1,2,1,0,Service correct dans l'ensemble.,Non
CLI00827,Kankan,Femme,24,641000,14,Postpayé,Non,Non,35000,Espèces,311,103,2,1952,17,0,1,5,Service client reactif et efficace.,Non
CLI00828,Boké,Homme,45,1212000,20,Prépayé,Non,Oui,90000,Orange Money,219,119,6,1704,39,1,0,0,Service client reactif et efficace.,Non
CLI00829,Kankan,Femme,37,913000,12,Postpayé,Non,Oui,55000,Orange Money,148,69,2,3755,6,2,0,0,Le forfait ne correspond plus a mes besoins.,Oui
CLI00830,Labé,Homme,34,604000,15,Prépayé,Oui,Non,25000,Orange Money,79,162,41,2818,25,1,0,0,Rien de particulier a signaler.,Non
CLI00831,Conakry,Femme,25,565000,11,Prépayé,Non,Oui,25000,Espèces,257,95,3,3968,1,3,0,1,"Je pense changer d'operateur, trop de pannes.",Oui
CLI00832,Conakry,Homme,52,967000,16,Postpayé,Non,Oui,74000,Orange Money,61,106,4,2477,4,2,0,4,Service correct dans l'ensemble.,Non
CLI00833,Conakry,Homme,31,797000,17,Postpayé,Non,Non,51000,Orange Money,47,59,4,3406,13,1,0,0,"Bon rapport qualite prix, je recommande.",Non
CLI00834,Labé,Homme,40,660000,3,Illimité,Oui,Oui,41000,Orange Money,316,69,79,2719,88,4,0,1,Tres satisfait du reseau et du service.,Non
CLI00835,Kankan,Femme,27,755000,18,Prépayé,Non,Oui,58000,Orange Money,214,58,3,704,66,3,0,0,Content de la couverture reseau dans ma zone.,Non
CLI00836,Conakry,Femme,47,300000,19,Prépayé,Non,Non,22000,Orange Money,88,94,3,1263,2,0,0,0,"Utilisation standard, pas de souci majeur.",Non
CLI00837,Boké,Femme,39,300000,5,Prépayé,Non,Non,10000,Espèces,203,97,0,2060,2,2,0,4,Trop de coupures de reseau ces derniers temps.,Oui
CLI00838,N'Zérékoré,Femme,45,811000,52,Postpayé,Non,Oui,53000,Espèces,157,163,2,1648,5,0,1,1,Aucun probleme depuis mon inscription.,Non
CLI00839,Kindia,Femme,43,1152000,41,Prépayé,Non,Oui,65000,Carte bancaire,203,99,10,4091,9,3,0,0,Content de la couverture reseau dans ma zone.,Non
CLI00840,N'Zérékoré,Homme,33,325000,33,Prépayé,Non,Oui,14000,Orange Money,97,124,11,2077,26,1,0,0,"Bon rapport qualite prix, je recommande.",Non
CLI00841,Kankan,Homme,25,300000,26,Prépayé,Non,Non,26000,Espèces,155,148,2,1748,7,1,1,0,"Utilisation standard, pas de souci majeur.",Non
CLI00842,Boké,Femme,35,742000,5,Prépayé,Non,Oui,53000,Espèces,140,126,6,2407,20,1,1,2,Facturation incorrecte plusieurs fois de suite.,Oui
CLI00843,Mamou,Homme,27,644000,7,Prépayé,Non,Oui,26000,Orange Money,135,82,4,4566,6,2,0,3,Service client reactif et efficace.,Non
CLI00844,Conakry,Homme,30,610000,28,Prépayé,Oui,Non,28000,Orange Money,63,145,40,1222,39,2,1,4,"Utilisation standard, pas de souci majeur.",Non
CLI00845,Labé,Homme,53,660000,10,Postpayé,Non,Oui,44000,Orange Money,170,89,4,2325,4,1,0,1,Offres interessantes et service fiable.,Non
CLI00846,Faranah,Femme,44,885000,29,Prépayé,Non,Non,61000,Orange Money,156,109,0,3997,3,1,0,4,Rien de particulier a signaler.,Non
CLI00847,Conakry,Femme,38,686000,3,Illimité,Non,Oui,24000,Orange Money,195,120,2,3089,8,0,1,1,Tres satisfait du reseau et du service.,Non
CLI00848,Conakry,Femme,42,1124000,2,Prépayé,Non,Oui,52000,Espèces,224,101,2,3436,32,2,0,0,Trop cher par rapport a la qualite recue.,Oui
CLI00849,Conakry,Homme,44,1231000,1,Illimité,Non,Non,68000,Orange Money,123,79,1,3201,11,0,1,7,"Utilisation standard, pas de souci majeur.",Non
CLI00850,Conakry,Homme,37,753000,78,Prépayé,Non,Non,67000,Orange Money,227,59,1,655,35,2,0,1,Tres satisfait du reseau et du service.,Non
CLI00851,Conakry,Femme,34,655000,96,Prépayé,Non,Non,40000,Carte bancaire,281,111,1,2987,71,1,0,3,Rien de particulier a signaler.,Non
CLI00852,Kankan,Femme,36,592000,6,Postpayé,Non,Oui,18000,Orange Money,61,41,1,3920,19,1,0,0,Service correct dans l'ensemble.,Non
CLI00853,Boké,Homme,40,1084000,73,Prépayé,Non,Non,68000,Orange Money,198,163,0,1163,25,0,1,7,Rien de particulier a signaler.,Non
CLI00854,Labé,Homme,57,858000,70,Postpayé,Non,Non,73000,Carte bancaire,172,74,1,3826,6,0,2,12,Le forfait ne correspond plus a mes besoins.,Oui
CLI00855,Kindia,Femme,22,1398000,4,Illimité,Non,Oui,115000,Orange Money,146,78,1,2956,5,3,1,0,"Bon rapport qualite prix, je recommande.",Non
CLI00856,Conakry,Homme,35,699000,34,Prépayé,Non,Non,63000,Espèces,107,120,1,3609,25,0,0,0,"Utilisation standard, pas de souci majeur.",Non
CLI00857,Labé,Homme,29,602000,14,Prépayé,Non,Non,39000,Espèces,135,49,0,3423,1,0,0,0,Aucun probleme depuis mon inscription.,Non
CLI00858,Faranah,Femme,61,1194000,14,Postpayé,Non,Non,92000,Espèces,251,162,1,628,25,2,0,0,Tres satisfait du reseau et du service.,Non
CLI00859,Conakry,Homme,29,852000,19,Prépayé,Non,Non,35000,Orange Money,127,62,2,2296,3,1,1,2,Aucun probleme depuis mon inscription.,Non
CLI00860,Boké,Homme,49,431000,58,Prépayé,Oui,Non,35000,Espèces,112,48,42,2014,5,4,0,3,Tres satisfait du reseau et du service.,Non
CLI00861,Mamou,Femme,42,1326000,9,Prépayé,Non,Oui,92000,Orange Money,113,126,0,3345,42,1,0,0,Service client reactif et efficace.,Non
CLI00862,N'Zérékoré,Homme,40,483000,45,Prépayé,Oui,Non,37000,Carte bancaire,129,144,67,1892,2,1,0,0,"Bon rapport qualite prix, je recommande.",Non
CLI00863,Conakry,Femme,47,683000,9,Prépayé,Oui,Non,23000,Espèces,154,124,32,4947,25,0,0,1,"Je pense changer d'operateur, trop de pannes.",Oui
CLI00864,Kindia,Homme,40,1349000,16,Prépayé,Non,Oui,74000,Orange Money,4,127,0,3757,1,2,1,0,"Utilisation standard, pas de souci majeur.",Non
CLI00865,Labé,Femme,32,393000,4,Illimité,Oui,Non,16000,Orange Money,186,78,33,1053,58,1,1,0,Aucune reponse a mes reclamations depuis un mois.,Oui
CLI00866,Conakry,Femme,56,549000,14,Illimité,Oui,Non,42000,Orange Money,285,108,47,301,1,3,0,3,Aucun probleme depuis mon inscription.,Non
CLI00867,Labé,Homme,23,640000,87,Postpayé,Non,Non,41000,Espèces,97,57,0,1694,10,2,0,0,Content de la couverture reseau dans ma zone.,Non
CLI00868,N'Zérékoré,Femme,18,540000,11,Illimité,Non,Non,47000,Orange Money,198,114,8,2743,17,1,1,11,Le forfait ne correspond plus a mes besoins.,Oui
CLI00869,Conakry,Homme,27,689000,30,Prépayé,Non,Non,36000,Orange Money,135,88,1,3008,15,2,0,0,Aucun probleme depuis mon inscription.,Non
CLI00870,Boké,Homme,43,576000,14,Prépayé,Non,Oui,42000,Orange Money,219,30,1,2065,20,0,0,14,Service client reactif et efficace.,Non
CLI00871,Conakry,Homme,28,830000,2,Postpayé,Non,Oui,42000,Orange Money,150,51,8,1732,0,1,0,6,Service client reactif et efficace.,Non
CLI00872,Labé,Femme,36,2293000,19,Postpayé,Non,Oui,169000,Carte bancaire,183,92,4,2341,47,0,0,0,Service correct dans l'ensemble.,Non
CLI00873,N'Zérékoré,Femme,45,614000,17,Prépayé,Non,Oui,51000,Carte bancaire,272,69,6,4295,66,2,0,5,Rien de particulier a signaler.,Non
CLI00874,Labé,Femme,43,520000,73,Prépayé,Non,Oui,18000,Orange Money,139,129,3,1993,0,1,0,6,Service client reactif et efficace.,Non
CLI00875,Conakry,Homme,40,493000,6,Postpayé,Non,Oui,22000,Orange Money,248,21,1,229,27,0,0,0,"Utilisation standard, pas de souci majeur.",Non
CLI00876,Kindia,Femme,47,461000,7,Postpayé,Non,Oui,15000,Orange Money,251,89,1,3128,88,2,0,15,Tres decu par la qualite du reseau en ce moment.,Oui
CLI00877,Mamou,Homme,36,702000,6,Prépayé,Non,Oui,52000,Orange Money,174,85,1,3861,3,0,0,7,Aucune reponse a mes reclamations depuis un mois.,Oui
CLI00878,Kankan,Homme,47,1201000,17,Prépayé,Oui,Non,104000,Espèces,265,129,66,3233,1,5,0,2,"Utilisation standard, pas de souci majeur.",Oui
CLI00879,Boké,Homme,38,1074000,25,Prépayé,Non,Oui,79000,Orange Money,155,162,5,3334,1,1,0,5,Aucune reponse a mes reclamations depuis un mois.,Oui
CLI00880,Boké,Homme,52,1009000,2,Prépayé,Non,Non,54000,Carte bancaire,268,73,2,2654,18,0,1,0,Service correct dans l'ensemble.,Non
CLI00881,Kankan,Femme,47,1116000,23,Prépayé,Non,Non,92000,Espèces,214,138,8,2332,8,0,0,3,Content de la couverture reseau dans ma zone.,Non
CLI00882,Conakry,Homme,36,390000,32,Postpayé,Non,Non,31000,Orange Money,189,139,3,2959,16,0,1,0,"Utilisation standard, pas de souci majeur.",Non
CLI00883,N'Zérékoré,Homme,48,1343000,12,Prépayé,Non,Oui,72000,Espèces,147,39,1,2136,58,1,0,0,Rien de particulier a signaler.,Non
CLI00884,Boké,Femme,46,587000,18,Prépayé,Non,Non,26000,Espèces,114,64,0,2146,55,2,1,0,Service correct dans l'ensemble.,Non
CLI00885,Kindia,Homme,45,300000,17,Illimité,Non,Non,13000,Orange Money,83,93,5,2754,12,0,0,0,Service client reactif et efficace.,Non
CLI00886,Kankan,Homme,40,918000,49,Prépayé,Non,Oui,81000,Espèces,83,133,1,3916,154,0,3,0,Offres interessantes et service fiable.,Non
CLI00887,Conakry,Femme,23,596000,21,Prépayé,Non,Non,35000,Orange Money,155,58,3,2296,110,3,1,0,Trop de coupures de reseau ces derniers temps.,Oui
CLI00888,Conakry,Femme,30,1317000,1,Prépayé,Non,Oui,47000,Espèces,221,67,6,2053,22,1,0,4,Rien de particulier a signaler.,Oui
CLI00889,Conakry,Homme,46,488000,8,Postpayé,Non,Oui,40000,Espèces,193,158,2,3975,15,1,0,13,Rien de particulier a signaler.,Oui
CLI00890,Mamou,Femme,50,1122000,96,Prépayé,Non,Non,43000,Espèces,140,77,4,4080,41,0,0,0,Trop cher par rapport a la qualite recue.,Oui
CLI00891,Conakry,Homme,19,852000,5,Prépayé,Oui,Non,50000,Espèces,109,91,29,2111,7,0,0,1,Aucune reponse a mes reclamations depuis un mois.,Oui
CLI00892,Boké,Femme,26,470000,96,Prépayé,Oui,Non,35000,Carte bancaire,149,66,61,1940,5,3,0,0,Aucun probleme depuis mon inscription.,Non
CLI00893,Conakry,Homme,18,951000,20,Prépayé,Non,Non,54000,Orange Money,151,51,2,2713,9,1,1,2,"Bon rapport qualite prix, je recommande.",Non
CLI00894,Labé,Homme,21,560000,11,Prépayé,Non,Non,25000,Espèces,157,74,1,3487,9,3,1,4,Service correct dans l'ensemble.,Non
CLI00895,Conakry,Homme,42,606000,7,Prépayé,Non,Oui,39000,Orange Money,146,68,4,3651,19,1,2,1,"Je pense changer d'operateur, trop de pannes.",Oui
CLI00896,Kankan,Homme,29,1185000,15,Prépayé,Non,Non,63000,Espèces,175,34,3,2349,58,1,2,9,Trop de coupures de reseau ces derniers temps.,Oui
CLI00897,N'Zérékoré,Femme,41,373000,12,Postpayé,Non,Oui,16000,Espèces,173,192,11,2407,6,3,0,2,Tres satisfait du reseau et du service.,Non
CLI00898,Kindia,Femme,51,1375000,10,Prépayé,Non,Non,49000,Orange Money,132,28,1,1621,2,0,0,0,Offres interessantes et service fiable.,Non
CLI00899,Kindia,Femme,18,544000,13,Prépayé,Non,Oui,38000,Orange Money,273,79,1,4548,25,0,0,0,Tres satisfait du reseau et du service.,Non
CLI00900,Labé,Homme,37,684000,17,Prépayé,Non,Non,42000,Orange Money,252,103,5,1929,34,0,1,2,Rien de particulier a signaler.,Non
CLI00901,Faranah,Homme,39,1754000,14,Postpayé,Non,Oui,61000,Orange Money,151,22,1,1396,9,2,0,0,Rien de particulier a signaler.,Non
CLI00902,Conakry,Femme,41,655000,22,Postpayé,Non,Oui,51000,Virement bancaire,193,70,4,4376,191,2,0,0,Tres satisfait du reseau et du service.,Non
CLI00903,Mamou,Femme,47,300000,9,Postpayé,Non,Non,26000,Carte bancaire,201,41,1,152,31,3,0,0,Aucun probleme depuis mon inscription.,Non
CLI00904,Kankan,Femme,49,487000,21,Postpayé,Non,Non,15000,Orange Money,162,156,2,2451,17,1,2,6,Tres satisfait du reseau et du service.,Non
CLI00905,Kankan,Homme,42,981000,92,Prépayé,Non,Non,49000,Espèces,177,59,1,2259,7,0,1,0,"Bon rapport qualite prix, je recommande.",Non
CLI00906,Boké,Femme,26,858000,7,Prépayé,Oui,Non,72000,Espèces,236,56,42,3305,20,3,0,0,"Utilisation standard, pas de souci majeur.",Non
CLI00907,Kankan,Homme,49,855000,33,Postpayé,Oui,Oui,32000,Orange Money,210,134,29,1939,55,1,0,8,Aucun probleme depuis mon inscription.,Non
CLI00908,Labé,Femme,59,1541000,60,Prépayé,Non,Non,68000,Espèces,223,112,1,3353,51,2,0,9,"Utilisation standard, pas de souci majeur.",Non
CLI00909,Conakry,Femme,24,450000,2,Illimité,Oui,Oui,24000,Orange Money,212,72,49,2595,30,1,0,0,Tres satisfait du reseau et du service.,Non
CLI00910,Conakry,Femme,35,725000,3,Prépayé,Non,Non,39000,Orange Money,142,76,1,2985,7,0,0,0,Service correct dans l'ensemble.,Non
CLI00911,Labé,Femme,40,1045000,46,Illimité,Non,Oui,68000,Orange Money,256,83,3,1985,104,1,0,0,Service correct dans l'ensemble.,Non
CLI00912,Labé,Femme,32,300000,24,Prépayé,Non,Oui,22000,Carte bancaire,140,88,6,2028,43,1,1,9,Service client reactif et efficace.,Non
CLI00913,Kankan,Homme,39,718000,6,Prépayé,Oui,Non,64000,Espèces,162,91,21,2446,21,1,1,0,Le service client ne repond jamais rapidement.,Oui
CLI00914,Faranah,Femme,40,1198000,82,Illimité,Non,Non,64000,Carte bancaire,102,131,0,3142,89,1,0,1,Aucun probleme depuis mon inscription.,Non
CLI00915,Conakry,Homme,49,649000,3,Postpayé,Oui,Oui,37000,Espèces,221,134,44,2465,14,1,0,17,Service client reactif et efficace.,Non
CLI00916,Kindia,Homme,33,533000,4,Illimité,Non,Oui,27000,Orange Money,269,93,7,4097,2,0,0,4,Tres satisfait du reseau et du service.,Non
CLI00917,Kankan,Femme,35,556000,13,Prépayé,Non,Oui,45000,Orange Money,130,69,2,289,4,3,0,4,Aucun probleme depuis mon inscription.,Non
CLI00918,Boké,Femme,57,602000,17,Prépayé,Non,Oui,48000,Espèces,159,129,1,2514,52,1,1,0,"Utilisation standard, pas de souci majeur.",Non
CLI00919,Conakry,Homme,48,525000,4,Postpayé,Non,Non,28000,Orange Money,174,44,2,2295,24,1,2,8,Tres decu par la qualite du reseau en ce moment.,Oui
CLI00920,N'Zérékoré,Femme,31,348000,30,Prépayé,Non,Oui,11000,Orange Money,199,103,0,2659,56,2,0,0,Content de la couverture reseau dans ma zone.,Non
CLI00921,Boké,Femme,23,685000,30,Prépayé,Non,Non,48000,Espèces,286,109,1,1638,34,0,1,0,"Utilisation standard, pas de souci majeur.",Non
CLI00922,Kindia,Homme,36,619000,6,Prépayé,Non,Oui,40000,Virement bancaire,166,85,2,2197,44,2,1,0,Tres decu par la qualite du reseau en ce moment.,Oui
CLI00923,Labé,Homme,42,510000,19,Prépayé,Non,Non,37000,Orange Money,251,119,5,1833,2,2,0,6,Content de la couverture reseau dans ma zone.,Non
CLI00924,Kindia,Femme,34,460000,22,Prépayé,Oui,Oui,29000,Orange Money,211,59,50,2089,142,0,0,5,Rien de particulier a signaler.,Non
CLI00925,Conakry,Femme,21,2614000,15,Postpayé,Non,Oui,141000,Carte bancaire,161,78,4,441,2,0,0,15,Rien de particulier a signaler.,Oui
CLI00926,Mamou,Femme,23,548000,4,Postpayé,Oui,Oui,23000,Espèces,241,81,50,2131,1,0,0,10,Content de la couverture reseau dans ma zone.,Non
CLI00927,Kankan,Homme,29,1150000,5,Illimité,Non,Oui,45000,Orange Money,186,62,0,3001,12,0,0,0,"Bon rapport qualite prix, je recommande.",Non
CLI00928,Kindia,Homme,36,648000,20,Prépayé,Oui,Oui,36000,Orange Money,130,50,57,3457,79,0,1,5,Rien de particulier a signaler.,Non
CLI00929,Conakry,Femme,39,790000,23,Prépayé,Oui,Oui,33000,Carte bancaire,215,58,14,2043,12,1,1,0,Aucun probleme depuis mon inscription.,Non
CLI00930,Boké,Homme,48,614000,33,Prépayé,Non,Oui,45000,Espèces,162,118,7,2260,27,1,0,1,Offres interessantes et service fiable.,Non
CLI00931,Kindia,Femme,28,1159000,14,Postpayé,Non,Non,49000,Espèces,166,119,7,485,15,1,0,0,"Utilisation standard, pas de souci majeur.",Oui
CLI00932,Boké,Homme,26,428000,54,Prépayé,Non,Non,17000,Espèces,230,108,3,3442,1,1,0,9,Aucun probleme depuis mon inscription.,Non
CLI00933,Conakry,Homme,18,713000,23,Postpayé,Oui,Non,48000,Carte bancaire,153,93,58,2152,88,0,1,0,Rien de particulier a signaler.,Non
CLI00934,Faranah,Femme,24,638000,4,Prépayé,Non,Oui,35000,Espèces,198,138,1,838,8,0,0,8,Aucun probleme depuis mon inscription.,Non
CLI00935,Conakry,Femme,33,409000,11,Illimité,Non,Oui,35000,Orange Money,295,156,3,1926,2,0,0,0,Rien de particulier a signaler.,Non
CLI00936,Conakry,Femme,32,934000,19,Prépayé,Oui,Non,50000,Carte bancaire,242,127,20,1991,21,2,1,0,"Je pense changer d'operateur, trop de pannes.",Oui
CLI00937,Faranah,Femme,33,499000,2,Prépayé,Oui,Non,17000,Espèces,138,125,22,1960,3,3,0,4,Offres interessantes et service fiable.,Non
CLI00938,Faranah,Homme,37,665000,22,Prépayé,Non,Oui,41000,Orange Money,210,77,1,2974,1,1,0,0,Content de la couverture reseau dans ma zone.,Non
CLI00939,Conakry,Homme,31,1081000,17,Prépayé,Oui,Non,37000,Orange Money,296,44,30,1439,10,1,1,4,"Je pense changer d'operateur, trop de pannes.",Oui
CLI00940,Conakry,Homme,19,999000,24,Postpayé,Non,Oui,72000,Orange Money,97,113,2,3271,41,3,1,0,Service client reactif et efficace.,Non
CLI00941,Labé,Homme,37,984000,18,Prépayé,Oui,Oui,71000,Carte bancaire,179,34,13,3712,3,3,0,0,Tres satisfait du reseau et du service.,Non
CLI00942,N'Zérékoré,Homme,39,744000,8,Illimité,Non,Oui,45000,Virement bancaire,200,77,6,2183,56,1,0,0,Service correct dans l'ensemble.,Non
CLI00943,Conakry,Homme,26,799000,4,Postpayé,Non,Oui,45000,Espèces,239,53,5,2404,18,0,0,0,"Bon rapport qualite prix, je recommande.",Non
CLI00944,Labé,Homme,71,569000,1,Prépayé,Non,Non,33000,Orange Money,61,88,1,532,1,3,0,0,Aucune reponse a mes reclamations depuis un mois.,Oui
CLI00945,Conakry,Homme,18,865000,79,Prépayé,Non,Non,41000,Orange Money,116,45,3,2115,0,3,1,1,"Utilisation standard, pas de souci majeur.",Non
CLI00946,Faranah,Homme,18,545000,21,Prépayé,Non,Oui,20000,Espèces,224,86,1,3485,5,1,1,0,Content de la couverture reseau dans ma zone.,Non
CLI00947,Boké,Femme,28,829000,1,Prépayé,Non,Oui,45000,Virement bancaire,155,81,3,2133,14,1,1,0,Offres interessantes et service fiable.,Non
CLI00948,Kindia,Femme,28,433000,47,Prépayé,Oui,Oui,17000,Orange Money,151,16,40,2410,98,1,0,0,Service correct dans l'ensemble.,Non
CLI00949,Mamou,Homme,25,504000,1,Illimité,Non,Oui,43000,Orange Money,168,21,1,4463,44,1,1,1,Service correct dans l'ensemble.,Oui
CLI00950,Labé,Homme,37,766000,3,Postpayé,Non,Oui,64000,Carte bancaire,71,96,1,958,10,2,1,5,"Utilisation standard, pas de souci majeur.",Oui
CLI00951,Conakry,Homme,47,817000,72,Prépayé,Non,Oui,32000,Orange Money,103,64,3,433,9,2,1,6,Tres decu par la qualite du reseau en ce moment.,Oui
CLI00952,Kindia,Femme,41,1399000,24,Prépayé,Non,Oui,110000,Orange Money,95,123,0,4269,7,0,0,9,Rien de particulier a signaler.,Non
CLI00953,N'Zérékoré,Homme,37,432000,17,Prépayé,Non,Non,31000,Orange Money,65,127,0,2038,2,2,0,0,Rien de particulier a signaler.,Non
CLI00954,Kankan,Homme,52,677000,7,Postpayé,Non,Oui,25000,Espèces,217,94,2,1113,41,1,1,3,Trop de coupures de reseau ces derniers temps.,Oui
CLI00955,Labé,Homme,18,919000,21,Prépayé,Non,Non,66000,Orange Money,248,196,8,2883,19,1,0,0,Rien de particulier a signaler.,Non
CLI00956,Mamou,Homme,33,1548000,41,Postpayé,Non,Oui,105000,Orange Money,279,101,4,2637,27,1,1,0,"Utilisation standard, pas de souci majeur.",Non
CLI00957,Conakry,Homme,36,480000,2,Prépayé,Non,Oui,27000,Orange Money,241,80,5,2809,7,2,0,6,Trop de coupures de reseau ces derniers temps.,Oui
CLI00958,Kindia,Homme,31,1252000,7,Postpayé,Non,Non,40000,Orange Money,175,87,4,2032,74,0,1,4,Aucun probleme depuis mon inscription.,Non
CLI00959,Kankan,Femme,33,1084000,9,Prépayé,Non,Oui,68000,Espèces,128,110,1,500,19,1,3,18,Trop de coupures de reseau ces derniers temps.,Oui
CLI00960,Conakry,Femme,32,1254000,1,Illimité,Non,Non,90000,Orange Money,192,68,2,3211,49,0,0,5,Rien de particulier a signaler.,Non
CLI00961,N'Zérékoré,Homme,28,1472000,49,Prépayé,Non,Non,69000,Orange Money,149,120,3,2297,4,2,1,0,Content de la couverture reseau dans ma zone.,Non
CLI00962,Kankan,Homme,22,707000,8,Prépayé,Oui,Non,56000,Orange Money,153,131,48,2906,24,1,0,3,Rien de particulier a signaler.,Oui
CLI00963,Mamou,Femme,23,467000,17,Prépayé,Non,Oui,24000,Espèces,136,95,1,3099,14,1,0,2,Trop de coupures de reseau ces derniers temps.,Oui
CLI00964,Kindia,Homme,31,947000,27,Postpayé,Non,Oui,65000,Orange Money,264,0,4,1719,41,1,0,0,Offres interessantes et service fiable.,Non
CLI00965,Conakry,Homme,39,656000,4,Postpayé,Non,Oui,49000,Carte bancaire,112,99,10,1559,12,1,0,10,"Utilisation standard, pas de souci majeur.",Non
CLI00966,Conakry,Femme,40,556000,27,Prépayé,Oui,Non,27000,Carte bancaire,156,64,25,3959,11,0,1,7,Tres decu par la qualite du reseau en ce moment.,Oui
CLI00967,Faranah,Femme,43,300000,58,Prépayé,Non,Non,10000,Orange Money,178,77,1,2459,48,1,0,1,Facturation incorrecte plusieurs fois de suite.,Oui
CLI00968,Boké,Femme,18,848000,31,Prépayé,Oui,Non,28000,Orange Money,115,111,44,3720,3,3,3,0,Tres decu par la qualite du reseau en ce moment.,Oui
CLI00969,Kankan,Femme,24,2264000,9,Prépayé,Non,Non,182000,Carte bancaire,37,96,3,1693,28,1,0,8,Rien de particulier a signaler.,Non
CLI00970,Conakry,Homme,21,454000,9,Illimité,Non,Oui,37000,Orange Money,96,51,3,4466,35,1,2,3,Rien de particulier a signaler.,Oui
CLI00971,Kankan,Femme,34,1201000,6,Postpayé,Non,Oui,104000,Espèces,154,127,3,3911,1,2,0,6,Service client reactif et efficace.,Non
CLI00972,Kankan,Homme,34,1792000,7,Prépayé,Non,Oui,160000,Orange Money,231,143,6,2450,2,1,0,0,Content de la couverture reseau dans ma zone.,Non
CLI00973,Faranah,Femme,30,691000,11,Postpayé,Oui,Oui,50000,Orange Money,205,91,34,2469,1,2,0,0,Trop cher par rapport a la qualite recue.,Oui
CLI00974,Conakry,Femme,45,2212000,1,Prépayé,Non,Non,178000,Virement bancaire,162,85,2,3178,10,2,1,4,Rien de particulier a signaler.,Non
CLI00975,Conakry,Femme,29,527000,33,Prépayé,Oui,Oui,37000,Orange Money,196,120,53,793,3,1,2,9,Aucune reponse a mes reclamations depuis un mois.,Oui
CLI00976,Conakry,Homme,35,835000,19,Prépayé,Oui,Non,39000,Espèces,166,98,15,3901,3,1,0,2,Aucun probleme depuis mon inscription.,Non
CLI00977,Conakry,Femme,40,557000,17,Prépayé,Non,Oui,33000,Carte bancaire,112,70,1,1996,127,0,0,10,Service correct dans l'ensemble.,Non
CLI00978,Faranah,Homme,39,837000,70,Prépayé,Non,Oui,41000,Virement bancaire,263,78,2,537,0,2,0,0,Aucun probleme depuis mon inscription.,Non
CLI00979,Boké,Homme,31,993000,48,Postpayé,Non,Non,65000,Orange Money,274,89,1,2150,34,2,1,13,"Bon rapport qualite prix, je recommande.",Non
CLI00980,Faranah,Homme,49,1580000,11,Prépayé,Non,Oui,113000,Espèces,178,65,0,2221,35,1,2,0,Service client reactif et efficace.,Non
CLI00981,Conakry,Homme,42,679000,5,Prépayé,Oui,Oui,34000,Orange Money,188,100,52,1629,46,2,0,0,Aucun probleme depuis mon inscription.,Non
CLI00982,Kindia,Femme,45,1038000,50,Postpayé,Non,Oui,84000,Espèces,237,75,1,2790,15,1,1,9,Service correct dans l'ensemble.,Non
CLI00983,Kankan,Femme,37,515000,10,Prépayé,Non,Non,17000,Espèces,198,135,4,1572,0,1,1,1,"Bon rapport qualite prix, je recommande.",Non
CLI00984,N'Zérékoré,Femme,36,957000,1,Postpayé,Non,Non,83000,Carte bancaire,56,65,1,821,53,3,1,0,Trop de coupures de reseau ces derniers temps.,Oui
CLI00985,Conakry,Homme,26,972000,21,Prépayé,Non,Oui,84000,Orange Money,175,43,5,879,55,0,1,1,Rien de particulier a signaler.,Non
CLI00986,Kankan,Homme,18,681000,7,Illimité,Non,Non,36000,Espèces,183,151,1,3982,5,1,1,4,Content de la couverture reseau dans ma zone.,Non
CLI00987,Labé,Femme,22,300000,35,Prépayé,Non,Non,10000,Carte bancaire,148,20,3,3684,17,1,0,0,Service correct dans l'ensemble.,Non
CLI00988,Conakry,Femme,18,1166000,43,Postpayé,Non,Non,48000,Virement bancaire,171,122,2,3146,13,0,1,3,Service client reactif et efficace.,Non
CLI00989,Labé,Homme,34,775000,5,Prépayé,Oui,Non,58000,Orange Money,203,136,24,1159,63,2,0,0,Le forfait ne correspond plus a mes besoins.,Oui
CLI00990,Conakry,Femme,18,915000,19,Prépayé,Oui,Oui,38000,Espèces,258,102,48,2634,10,2,0,0,Aucun probleme depuis mon inscription.,Non
CLI00991,Kindia,Homme,28,437000,1,Prépayé,Oui,Non,39000,Orange Money,215,118,54,923,29,3,0,1,Service client reactif et efficace.,Non
CLI00992,N'Zérékoré,Femme,24,424000,26,Postpayé,Non,Oui,15000,Orange Money,170,93,2,1623,12,1,2,3,Service correct dans l'ensemble.,Oui
CLI00993,Faranah,Femme,34,505000,3,Illimité,Oui,Oui,20000,Espèces,75,117,60,2255,25,2,1,0,Service correct dans l'ensemble.,Non
CLI00994,Conakry,Femme,32,653000,15,Prépayé,Non,Oui,20000,Orange Money,111,91,4,3440,19,1,0,2,Rien de particulier a signaler.,Oui
CLI00995,Mamou,Femme,49,757000,38,Prépayé,Oui,Oui,28000,Espèces,161,96,21,2427,24,1,2,1,Service correct dans l'ensemble.,Non
CLI00996,Conakry,Homme,44,553000,14,Postpayé,Non,Non,46000,Orange Money,249,50,0,3694,58,3,0,0,Tres decu par la qualite du reseau en ce moment.,Oui
CLI00997,Kankan,Femme,51,613000,15,Prépayé,Non,Oui,39000,Espèces,132,104,2,3150,15,2,1,6,Rien de particulier a signaler.,Oui
CLI00998,Labé,Homme,35,915000,2,Prépayé,Oui,Non,60000,Espèces,219,98,13,158,36,3,1,0,Aucun probleme depuis mon inscription.,Non
CLI00999,Mamou,Femme,18,375000,63,Prépayé,Oui,Non,27000,Orange Money,197,117,24,324,22,2,0,7,Tres satisfait du reseau et du service.,Non
CLI01000,Conakry,Homme,45,886000,31,Postpayé,Non,Oui,53000,Carte bancaire,164,229,3,4049,15,1,1,0,Facturation incorrecte plusieurs fois de suite.,Oui
CLI01001,Conakry,Homme,55,439000,12,Postpayé,Non,Oui,35000,Virement bancaire,166,119,2,3511,38,1,0,2,Aucun probleme depuis mon inscription.,Non
CLI01002,Labé,Femme,30,742000,5,Postpayé,Non,Oui,58000,Virement bancaire,70,59,0,3234,35,1,1,2,Rien de particulier a signaler.,Non
CLI01003,Kindia,Homme,50,857000,10,Prépayé,Non,Oui,71000,Virement bancaire,207,21,10,3142,22,1,1,0,Facturation incorrecte plusieurs fois de suite.,Oui
CLI01004,Kankan,Homme,32,445000,16,Prépayé,Non,Non,38000,Espèces,222,100,2,2746,20,0,0,4,Aucun probleme depuis mon inscription.,Non
CLI01005,Conakry,Femme,35,914000,29,Postpayé,Oui,Non,32000,Carte bancaire,259,102,49,1328,22,1,2,2,Service client reactif et efficace.,Non
CLI01006,Kindia,Femme,33,1430000,24,Prépayé,Non,Non,115000,Espèces,130,158,2,2307,18,2,0,0,Tres satisfait du reseau et du service.,Non
CLI01007,Conakry,Femme,27,357000,66,Postpayé,Non,Non,30000,Carte bancaire,204,105,6,2461,21,1,0,4,"Utilisation standard, pas de souci majeur.",Non
CLI01008,Boké,Homme,29,560000,24,Postpayé,Non,Oui,25000,Espèces,203,106,3,2310,10,1,1,3,"Utilisation standard, pas de souci majeur.",Non
CLI01009,N'Zérékoré,Homme,18,588000,30,Prépayé,Non,Oui,18000,Espèces,130,102,1,2985,2,2,1,0,Facturation incorrecte plusieurs fois de suite.,Oui
CLI01010,Conakry,Homme,36,2682000,29,Prépayé,Non,Oui,91000,Espèces,152,79,2,3650,3,2,1,7,"Bon rapport qualite prix, je recommande.",Non
CLI01011,Kankan,Homme,36,938000,11,Prépayé,Non,Oui,63000,Orange Money,166,73,8,1616,10,1,1,0,Service client reactif et efficace.,Non
CLI01012,Conakry,Femme,42,480000,24,Postpayé,Non,Non,32000,Orange Money,125,84,3,4147,15,1,2,2,"Je pense changer d'operateur, trop de pannes.",Oui
CLI01013,Kankan,Femme,34,838000,10,Postpayé,Non,Non,34000,Espèces,216,65,0,2424,18,4,0,0,Tres satisfait du reseau et du service.,Non
CLI01014,Labé,Femme,39,397000,10,Prépayé,Non,Non,14000,Virement bancaire,178,79,1,73,17,0,0,0,"Utilisation standard, pas de souci majeur.",Non
CLI01015,Conakry,Femme,59,742000,89,Prépayé,Non,Oui,65000,Espèces,220,98,2,1556,11,0,0,0,Service client reactif et efficace.,Non
CLI01016,Kankan,Femme,45,1053000,19,Prépayé,Non,Oui,77000,Virement bancaire,230,67,7,662,45,2,0,0,Offres interessantes et service fiable.,Non
CLI01017,Kankan,Femme,33,615000,14,Prépayé,Non,Non,19000,Espèces,200,101,3,3958,5,1,1,0,Tres satisfait du reseau et du service.,Non
CLI01018,Conakry,Homme,37,1185000,96,Prépayé,Non,Oui,80000,Carte bancaire,319,119,8,2109,9,1,0,0,Service client reactif et efficace.,Non
CLI01019,Conakry,Homme,34,1018000,24,Postpayé,Non,Oui,54000,Espèces,143,155,1,208,77,1,0,1,"Utilisation standard, pas de souci majeur.",Non
CLI01020,Conakry,Homme,48,757000,96,Prépayé,Non,Non,65000,Carte bancaire,256,73,1,4178,19,1,1,0,Tres satisfait du reseau et du service.,Non
CLI01021,Labé,Femme,29,300000,2,Postpayé,Non,Oui,13000,Orange Money,177,168,2,3408,13,2,0,0,Service client reactif et efficace.,Non
CLI01022,N'Zérékoré,Homme,46,708000,4,Postpayé,Non,Oui,59000,Orange Money,218,86,1,897,75,1,1,1,Le service client ne repond jamais rapidement.,Oui
CLI01023,Kankan,Femme,39,1225000,3,Prépayé,Non,Oui,41000,Orange Money,133,42,2,1870,66,2,0,0,"Bon rapport qualite prix, je recommande.",Non
CLI01024,Kindia,Femme,18,368000,18,Postpayé,Non,Oui,32000,Orange Money,207,32,1,3103,20,1,0,1,Tres decu par la qualite du reseau en ce moment.,Oui
CLI01025,Conakry,Femme,39,1202000,2,Postpayé,Non,Non,74000,Orange Money,183,119,1,2281,79,1,0,0,Service correct dans l'ensemble.,Non
CLI01026,Labé,Femme,28,930000,8,Prépayé,Oui,Oui,39000,Orange Money,256,79,59,3482,50,2,1,2,Trop cher par rapport a la qualite recue.,Oui
CLI01027,Labé,Homme,24,576000,11,Postpayé,Oui,Non,44000,Espèces,194,157,26,4496,26,1,0,2,Service correct dans l'ensemble.,Non
CLI01028,Conakry,Homme,34,300000,52,Illimité,Non,Oui,17000,Espèces,139,48,1,3156,28,1,0,0,Service correct dans l'ensemble.,Non
CLI01029,Labé,Femme,37,831000,16,Prépayé,Non,Non,53000,Orange Money,77,76,0,2353,8,1,0,1,Rien de particulier a signaler.,Non
CLI01030,N'Zérékoré,Femme,61,1852000,14,Prépayé,Non,Non,56000,Espèces,198,63,1,2721,46,1,0,0,"Bon rapport qualite prix, je recommande.",Non
CLI01031,Conakry,Femme,35,688000,11,Prépayé,Non,Non,44000,Orange Money,79,60,0,2419,18,1,1,3,Le forfait ne correspond plus a mes besoins.,Oui
CLI01032,Kindia,Femme,25,1006000,17,Postpayé,Non,Oui,47000,Orange Money,220,48,4,1835,1,2,0,4,Aucun probleme depuis mon inscription.,Non
CLI01033,Kankan,Homme,33,898000,19,Postpayé,Non,Non,42000,Espèces,206,124,1,2521,0,5,0,0,Trop cher par rapport a la qualite recue.,Oui
CLI01034,Conakry,Femme,39,1297000,12,Prépayé,Non,Oui,52000,Orange Money,192,138,0,2447,10,1,0,0,Aucun probleme depuis mon inscription.,Non
CLI01035,Conakry,Femme,24,488000,22,Illimité,Non,Oui,27000,Espèces,142,133,3,1681,222,1,0,1,Tres satisfait du reseau et du service.,Non
CLI01036,Conakry,Femme,32,480000,1,Prépayé,Non,Oui,14000,Orange Money,133,82,3,3948,13,4,2,5,Tres decu par la qualite du reseau en ce moment.,Oui
CLI01037,Faranah,Femme,18,901000,43,Prépayé,Oui,Oui,28000,Orange Money,228,19,95,2946,18,0,0,0,"Bon rapport qualite prix, je recommande.",Non
CLI01038,Conakry,Femme,21,1130000,65,Postpayé,Non,Oui,54000,Orange Money,166,78,3,2009,21,2,1,1,"Bon rapport qualite prix, je recommande.",Non
CLI01039,Conakry,Femme,29,417000,4,Illimité,Non,Non,37000,Virement bancaire,223,64,2,3975,3,2,1,0,Service correct dans l'ensemble.,Non
CLI01040,Mamou,Homme,42,335000,8,Prépayé,Non,Oui,20000,Carte bancaire,235,133,1,3139,7,1,0,7,"Bon rapport qualite prix, je recommande.",Non
CLI01041,Faranah,Homme,24,496000,52,Postpayé,Non,Oui,30000,Orange Money,202,98,1,3919,3,0,0,0,Service client reactif et efficace.,Non
CLI01042,Faranah,Femme,25,1543000,28,Prépayé,Non,Oui,130000,Orange Money,202,103,0,92,24,2,1,0,"Utilisation standard, pas de souci majeur.",Non
CLI01043,Boké,Homme,33,857000,7,Prépayé,Non,Oui,45000,Espèces,196,134,3,1355,14,2,0,0,Content de la couverture reseau dans ma zone.,Non
CLI01044,N'Zérékoré,Femme,23,718000,14,Prépayé,Non,Oui,27000,Espèces,161,26,1,1451,8,0,1,0,Aucune reponse a mes reclamations depuis un mois.,Oui
CLI01045,Conakry,Homme,28,632000,5,Prépayé,Non,Non,41000,Orange Money,208,103,1,2620,33,0,0,2,Service client reactif et efficace.,Non
CLI01046,Boké,Homme,24,636000,1,Prépayé,Non,Oui,41000,Orange Money,100,101,1,3707,6,1,1,0,"Bon rapport qualite prix, je recommande.",Non
CLI01047,Kindia,Homme,53,654000,56,Postpayé,Oui,Non,32000,Espèces,174,74,62,3042,9,2,1,0,Tres decu par la qualite du reseau en ce moment.,Oui
CLI01048,Labé,Homme,29,385000,27,Postpayé,Non,Non,22000,Carte bancaire,204,100,4,1624,74,2,0,1,Tres satisfait du reseau et du service.,Non
CLI01049,Conakry,Homme,49,1042000,25,Illimité,Non,Oui,51000,Espèces,181,64,0,3914,16,2,0,2,Rien de particulier a signaler.,Non
CLI01050,Conakry,Homme,35,1348000,11,Prépayé,Non,Non,70000,Espèces,205,102,1,2051,6,1,0,8,"Je pense changer d'operateur, trop de pannes.",Oui
CLI01051,N'Zérékoré,Homme,53,793000,30,Prépayé,Non,Oui,61000,Orange Money,249,77,0,1068,3,2,0,6,"Utilisation standard, pas de souci majeur.",Non
CLI01052,Kindia,Homme,23,1282000,20,Postpayé,Non,Oui,65000,Orange Money,209,58,0,2074,15,1,0,3,Tres satisfait du reseau et du service.,Non
CLI01053,Boké,Homme,36,437000,5,Illimité,Non,Oui,16000,Orange Money,110,28,0,1268,2,1,0,0,"Bon rapport qualite prix, je recommande.",Non
CLI01054,N'Zérékoré,Homme,18,1146000,11,Postpayé,Non,Non,57000,Orange Money,176,84,7,50,17,1,1,3,Tres satisfait du reseau et du service.,Non
CLI01055,Kindia,Homme,48,1415000,42,Prépayé,Non,Oui,74000,Orange Money,243,116,5,3180,25,1,1,0,Service correct dans l'ensemble.,Non
CLI01056,Kindia,Homme,41,300000,20,Prépayé,Non,Non,10000,Orange Money,178,43,0,4537,22,3,0,0,"Bon rapport qualite prix, je recommande.",Non
CLI01057,Labé,Homme,30,300000,4,Postpayé,Non,Oui,17000,Orange Money,118,71,5,2578,13,2,0,3,Le service client ne repond jamais rapidement.,Oui
CLI01058,Conakry,Femme,56,1705000,8,Prépayé,Non,Oui,83000,Orange Money,177,99,2,1240,100,1,1,0,Aucun probleme depuis mon inscription.,Non
CLI01059,Conakry,Homme,66,959000,66,Postpayé,Non,Non,65000,Espèces,208,112,0,3660,7,3,0,5,Content de la couverture reseau dans ma zone.,Non
CLI01060,Mamou,Femme,51,909000,6,Postpayé,Non,Oui,62000,Carte bancaire,173,50,6,361,24,2,0,4,Trop de coupures de reseau ces derniers temps.,Oui
CLI01061,Kindia,Homme,52,477000,3,Prépayé,Oui,Oui,29000,Orange Money,128,58,41,345,5,1,1,11,Rien de particulier a signaler.,Oui
CLI01062,Conakry,Femme,35,938000,5,Illimité,Non,Non,77000,Orange Money,118,102,1,1320,3,2,0,6,"Bon rapport qualite prix, je recommande.",Non
CLI01063,Conakry,Homme,25,1068000,7,Prépayé,Oui,Oui,57000,Espèces,232,95,36,1139,53,2,0,0,"Utilisation standard, pas de souci majeur.",Non
CLI01064,Faranah,Homme,18,914000,11,Postpayé,Oui,Oui,68000,Orange Money,265,71,12,521,16,0,2,0,"Utilisation standard, pas de souci majeur.",Oui
CLI01065,Faranah,Homme,46,1129000,10,Prépayé,Non,Oui,43000,Virement bancaire,261,66,2,1315,36,0,0,0,Service correct dans l'ensemble.,Non
CLI01066,Boké,Homme,18,930000,26,Prépayé,Non,Non,51000,Orange Money,253,61,1,2201,9,0,0,0,"Utilisation standard, pas de souci majeur.",Non
CLI01067,Conakry,Femme,32,588000,13,Prépayé,Non,Oui,33000,Carte bancaire,214,129,0,3357,32,1,1,3,Facturation incorrecte plusieurs fois de suite.,Oui
CLI01068,Kankan,Femme,53,448000,14,Prépayé,Oui,Oui,40000,Orange Money,208,100,51,1483,16,3,0,0,Tres satisfait du reseau et du service.,Non
CLI01069,Conakry,Homme,38,492000,3,Prépayé,Oui,Non,22000,Espèces,238,157,54,2254,52,1,0,2,"Bon rapport qualite prix, je recommande.",Non
CLI01070,Faranah,Homme,20,1003000,3,Illimité,Non,Oui,62000,Orange Money,151,115,1,3257,10,1,0,17,Trop de coupures de reseau ces derniers temps.,Oui
CLI01071,Conakry,Femme,25,774000,5,Postpayé,Oui,Non,67000,Espèces,267,111,44,2140,19,1,2,0,Tres decu par la qualite du reseau en ce moment.,Oui
CLI01072,N'Zérékoré,Femme,48,1053000,24,Postpayé,Non,Oui,40000,Espèces,159,75,1,3067,6,1,1,4,Offres interessantes et service fiable.,Non
CLI01073,Kankan,Femme,23,660000,1,Postpayé,Non,Non,55000,Orange Money,188,75,2,1652,1,0,3,6,Le service client ne repond jamais rapidement.,Oui
CLI01074,Boké,Femme,29,880000,23,Postpayé,Non,Oui,67000,Espèces,197,80,0,2774,59,0,0,0,Service client reactif et efficace.,Non
CLI01075,Boké,Homme,19,1356000,29,Prépayé,Non,Non,72000,Orange Money,190,123,2,3070,19,0,0,0,Rien de particulier a signaler.,Non
CLI01076,Labé,Homme,33,2642000,3,Prépayé,Oui,Non,223000,Orange Money,129,56,37,1198,4,0,1,0,Offres interessantes et service fiable.,Non
CLI01077,Mamou,Homme,27,421000,48,Prépayé,Non,Oui,31000,Espèces,208,71,0,4604,36,1,0,0,"Bon rapport qualite prix, je recommande.",Non
CLI01078,Labé,Homme,45,753000,25,Prépayé,Non,Non,67000,Espèces,130,104,1,1373,101,0,1,0,Aucun probleme depuis mon inscription.,Non
CLI01079,Faranah,Femme,23,887000,17,Postpayé,Non,Oui,59000,Virement bancaire,183,0,0,4348,36,3,0,0,Service correct dans l'ensemble.,Oui
CLI01080,Conakry,Femme,29,908000,20,Prépayé,Non,Oui,63000,Orange Money,175,97,4,757,74,2,0,9,Trop de coupures de reseau ces derniers temps.,Oui
CLI01081,Kindia,Homme,18,541000,31,Prépayé,Non,Oui,33000,Carte bancaire,145,33,0,2599,15,1,0,0,"Je pense changer d'operateur, trop de pannes.",Oui
CLI01082,Faranah,Femme,48,692000,39,Prépayé,Non,Oui,26000,Espèces,191,63,0,1905,7,0,1,0,"Bon rapport qualite prix, je recommande.",Non
CLI01083,Boké,Femme,47,478000,2,Postpayé,Non,Non,14000,Orange Money,185,108,0,2726,11,0,0,0,Content de la couverture reseau dans ma zone.,Non
CLI01084,N'Zérékoré,Homme,31,366000,4,Postpayé,Oui,Non,20000,Orange Money,69,87,62,3285,13,0,1,0,Le service client ne repond jamais rapidement.,Oui
CLI01085,Labé,Homme,36,748000,7,Postpayé,Non,Non,53000,Orange Money,211,67,3,1944,26,1,1,1,Trop de coupures de reseau ces derniers temps.,Oui
CLI01086,Kindia,Femme,39,515000,34,Postpayé,Non,Non,25000,Espèces,74,61,3,3361,16,0,0,0,Tres satisfait du reseau et du service.,Non
CLI01087,Kankan,Homme,46,1010000,25,Prépayé,Non,Oui,83000,Espèces,231,68,5,3352,9,3,0,13,"Bon rapport qualite prix, je recommande.",Non
CLI01088,Boké,Femme,18,617000,33,Postpayé,Non,Oui,54000,Orange Money,118,133,7,4065,5,0,3,1,Le forfait ne correspond plus a mes besoins.,Oui
CLI01089,Labé,Femme,24,926000,96,Postpayé,Non,Oui,48000,Orange Money,264,32,1,5047,10,3,2,4,Tres satisfait du reseau et du service.,Non
CLI01090,Mamou,Femme,59,914000,10,Prépayé,Oui,Oui,53000,Espèces,246,130,16,50,14,1,1,0,Tres satisfait du reseau et du service.,Non
CLI01091,Kankan,Homme,47,783000,22,Prépayé,Non,Oui,56000,Espèces,72,57,0,1751,88,2,0,3,Trop de coupures de reseau ces derniers temps.,Oui
CLI01092,Conakry,Homme,41,1191000,7,Postpayé,Non,Non,106000,Espèces,134,56,6,2930,2,0,1,4,Trop cher par rapport a la qualite recue.,Oui
CLI01093,Kankan,Femme,34,976000,1,Prépayé,Oui,Non,65000,Espèces,106,75,72,2648,6,3,0,2,Service correct dans l'ensemble.,Non
CLI01094,Labé,Femme,43,1356000,74,Postpayé,Non,Oui,111000,Orange Money,109,156,2,1324,10,0,1,1,Aucun probleme depuis mon inscription.,Non
CLI01095,Kindia,Femme,44,335000,1,Prépayé,Oui,Non,12000,Espèces,170,146,18,3822,37,1,2,1,Tres satisfait du reseau et du service.,Non
CLI01096,Kindia,Femme,44,1280000,96,Postpayé,Non,Oui,83000,Orange Money,257,140,2,4113,6,0,0,0,Service correct dans l'ensemble.,Non
CLI01097,N'Zérékoré,Femme,22,1493000,2,Prépayé,Oui,Oui,93000,Orange Money,169,27,46,2480,13,0,0,3,Rien de particulier a signaler.,Oui
CLI01098,N'Zérékoré,Femme,34,319000,50,Prépayé,Non,Oui,18000,Orange Money,147,86,0,1172,55,2,1,22,"Utilisation standard, pas de souci majeur.",Oui
CLI01099,Labé,Femme,39,490000,19,Prépayé,Non,Oui,28000,Orange Money,229,102,4,1666,25,1,0,0,"Utilisation standard, pas de souci majeur.",Non
CLI01100,Kindia,Femme,38,392000,1,Prépayé,Non,Oui,29000,Orange Money,225,65,1,3579,25,1,0,3,"Bon rapport qualite prix, je recommande.",Non
CLI01101,N'Zérékoré,Homme,23,801000,38,Illimité,Non,Oui,40000,Espèces,206,0,1,2218,34,1,1,0,"Utilisation standard, pas de souci majeur.",Non
CLI01102,Conakry,Homme,32,900000,2,Illimité,Non,Oui,53000,Espèces,229,67,2,1920,69,1,1,4,Offres interessantes et service fiable.,Non
CLI01103,Conakry,Homme,23,566000,17,Postpayé,Oui,Oui,34000,Orange Money,164,26,8,2596,58,2,1,0,Tres decu par la qualite du reseau en ce moment.,Oui
CLI01104,Boké,Homme,30,1162000,28,Prépayé,Non,Non,69000,Virement bancaire,197,143,4,3966,6,0,0,0,Rien de particulier a signaler.,Non
CLI01105,Labé,Homme,37,357000,37,Postpayé,Non,Oui,32000,Virement bancaire,188,27,0,1008,72,0,1,0,"Utilisation standard, pas de souci majeur.",Non
CLI01106,Conakry,Femme,41,581000,29,Prépayé,Non,Non,38000,Carte bancaire,18,121,2,3484,26,2,0,19,Facturation incorrecte plusieurs fois de suite.,Oui
CLI01107,Conakry,Homme,41,613000,96,Postpayé,Oui,Non,52000,Virement bancaire,262,0,43,1081,16,1,1,0,Service client reactif et efficace.,Non
CLI01108,Conakry,Homme,45,700000,40,Postpayé,Oui,Oui,55000,Virement bancaire,208,54,64,4927,69,1,0,2,Offres interessantes et service fiable.,Non
CLI01109,Conakry,Femme,36,2392000,7,Postpayé,Non,Non,206000,Espèces,267,142,1,2438,21,0,1,3,"Bon rapport qualite prix, je recommande.",Non
CLI01110,Conakry,Femme,20,479000,7,Postpayé,Non,Non,20000,Orange Money,130,68,1,2571,52,0,1,0,Service client reactif et efficace.,Non
CLI01111,Conakry,Homme,35,506000,19,Prépayé,Oui,Non,39000,Espèces,8,125,96,2371,25,4,0,0,Trop cher par rapport a la qualite recue.,Oui
CLI01112,Conakry,Homme,29,614000,5,Prépayé,Non,Non,46000,Carte bancaire,112,85,1,2087,0,1,0,3,Offres interessantes et service fiable.,Non
CLI01113,Kindia,Homme,18,2308000,12,Postpayé,Non,Non,129000,Orange Money,133,74,13,1873,14,0,0,0,"Bon rapport qualite prix, je recommande.",Non
CLI01114,Conakry,Homme,27,1305000,17,Prépayé,Non,Non,68000,Espèces,201,97,2,3418,8,0,0,2,Service client reactif et efficace.,Non
CLI01115,Kankan,Homme,39,727000,20,Postpayé,Oui,Oui,38000,Orange Money,68,116,51,2511,31,3,0,0,"Bon rapport qualite prix, je recommande.",Non
CLI01116,Kindia,Homme,46,448000,1,Postpayé,Non,Oui,26000,Orange Money,175,165,2,3332,17,0,1,1,Tres satisfait du reseau et du service.,Non
CLI01117,Conakry,Homme,33,1265000,5,Postpayé,Non,Oui,70000,Carte bancaire,181,67,2,1840,2,0,0,0,Service correct dans l'ensemble.,Non
CLI01118,Mamou,Homme,19,1871000,18,Illimité,Non,Non,99000,Espèces,174,92,3,1592,10,0,3,7,Service correct dans l'ensemble.,Non
CLI01119,Kankan,Femme,34,1203000,10,Prépayé,Non,Oui,107000,Orange Money,257,69,6,1564,28,1,4,1,Tres satisfait du reseau et du service.,Non
CLI01120,Kindia,Femme,26,706000,96,Illimité,Non,Oui,28000,Espèces,137,57,4,3903,27,2,0,0,"Bon rapport qualite prix, je recommande.",Non
CLI01121,Conakry,Femme,48,1520000,4,Postpayé,Non,Oui,54000,Orange Money,252,49,3,1120,17,5,1,3,"Utilisation standard, pas de souci majeur.",Oui
CLI01122,Mamou,Homme,20,689000,75,Prépayé,Non,Oui,60000,Espèces,262,0,5,4124,13,0,0,1,Content de la couverture reseau dans ma zone.,Non
CLI01123,Faranah,Femme,44,750000,32,Prépayé,Non,Oui,44000,Virement bancaire,238,142,2,2543,5,3,0,1,Content de la couverture reseau dans ma zone.,Non
CLI01124,Kankan,Homme,32,1005000,5,Prépayé,Non,Non,61000,Orange Money,201,102,11,2899,49,0,1,0,Service correct dans l'ensemble.,Non
CLI01125,Faranah,Femme,38,605000,15,Prépayé,Oui,Non,31000,Orange Money,135,76,24,4386,23,2,1,0,Le forfait ne correspond plus a mes besoins.,Oui
CLI01126,Labé,Homme,26,321000,96,Prépayé,Non,Non,26000,Espèces,161,72,1,2504,17,3,1,4,Content de la couverture reseau dans ma zone.,Non
CLI01127,Kindia,Femme,40,1196000,58,Postpayé,Non,Non,40000,Espèces,284,106,3,4872,9,0,0,0,Content de la couverture reseau dans ma zone.,Non
CLI01128,Conakry,Femme,34,618000,1,Illimité,Non,Oui,48000,Orange Money,220,111,3,3354,16,1,1,0,Content de la couverture reseau dans ma zone.,Non
CLI01129,Conakry,Homme,32,1043000,38,Prépayé,Non,Non,61000,Espèces,161,121,9,3702,1,1,1,0,Facturation incorrecte plusieurs fois de suite.,Oui
CLI01130,Kankan,Femme,22,967000,6,Postpayé,Oui,Non,40000,Espèces,210,121,60,2583,59,2,0,0,Offres interessantes et service fiable.,Non
CLI01131,Labé,Homme,28,863000,8,Postpayé,Non,Non,42000,Espèces,226,75,3,5495,7,3,1,0,Le service client ne repond jamais rapidement.,Oui
CLI01132,Conakry,Femme,18,697000,37,Prépayé,Non,Oui,51000,Espèces,190,77,3,2924,33,1,0,6,Aucun probleme depuis mon inscription.,Non
CLI01133,Conakry,Homme,40,612000,1,Prépayé,Non,Oui,39000,Carte bancaire,142,138,2,3232,17,0,0,11,Aucun probleme depuis mon inscription.,Non
CLI01134,Conakry,Homme,31,503000,23,Prépayé,Non,Oui,18000,Virement bancaire,179,100,6,2377,40,2,0,0,Facturation incorrecte plusieurs fois de suite.,Oui
CLI01135,Faranah,Homme,51,344000,67,Postpayé,Non,Non,18000,Carte bancaire,289,42,3,3873,0,2,2,0,"Bon rapport qualite prix, je recommande.",Non
CLI01136,Conakry,Femme,18,797000,7,Prépayé,Oui,Non,25000,Carte bancaire,141,133,67,4593,21,0,0,1,Aucun probleme depuis mon inscription.,Non
CLI01137,Conakry,Homme,52,492000,51,Postpayé,Non,Oui,21000,Carte bancaire,74,76,2,1119,2,1,1,1,Offres interessantes et service fiable.,Non
CLI01138,Kindia,Femme,39,408000,72,Prépayé,Non,Oui,15000,Carte bancaire,169,67,0,2551,2,0,1,5,Offres interessantes et service fiable.,Non
CLI01139,Kindia,Femme,29,637000,32,Postpayé,Oui,Non,22000,Espèces,211,130,42,3412,23,1,3,6,Offres interessantes et service fiable.,Non
CLI01140,Faranah,Homme,40,604000,19,Prépayé,Non,Oui,41000,Carte bancaire,261,86,8,2688,12,1,1,8,Le service client ne repond jamais rapidement.,Oui
CLI01141,Labé,Homme,20,422000,41,Prépayé,Non,Oui,16000,Orange Money,154,49,4,3050,3,2,0,0,Service client reactif et efficace.,Non
CLI01142,Boké,Homme,19,422000,96,Prépayé,Oui,Non,22000,Orange Money,135,41,75,3325,13,2,0,2,Offres interessantes et service fiable.,Non
CLI01143,N'Zérékoré,Femme,48,787000,50,Prépayé,Non,Oui,29000,Orange Money,132,94,0,2834,1,3,0,2,Content de la couverture reseau dans ma zone.,Non
CLI01144,Kankan,Homme,18,434000,30,Illimité,Oui,Oui,25000,Espèces,284,169,63,2649,46,2,0,0,Content de la couverture reseau dans ma zone.,Non
CLI01145,Conakry,Homme,34,1166000,22,Prépayé,Non,Oui,72000,Orange Money,144,30,6,4454,18,2,0,0,Offres interessantes et service fiable.,Non
CLI01146,Conakry,Femme,49,706000,22,Prépayé,Non,Non,32000,Espèces,206,121,8,2800,2,1,1,2,Content de la couverture reseau dans ma zone.,Non
CLI01147,Kindia,Femme,35,1102000,25,Prépayé,Non,Oui,73000,Carte bancaire,122,10,4,3879,33,0,0,8,Aucun probleme depuis mon inscription.,Non
CLI01148,Conakry,Homme,49,461000,88,Postpayé,Non,Non,23000,Espèces,98,77,1,2625,87,1,2,0,"Bon rapport qualite prix, je recommande.",Non
CLI01149,Faranah,Femme,32,659000,8,Prépayé,Non,Non,44000,Espèces,73,172,2,1450,22,2,0,0,Aucun probleme depuis mon inscription.,Non
CLI01150,Faranah,Femme,27,393000,6,Prépayé,Non,Oui,23000,Carte bancaire,175,56,0,1526,36,0,0,2,Le service client ne repond jamais rapidement.,Oui
CLI01151,Conakry,Homme,47,938000,35,Postpayé,Non,Oui,42000,Orange Money,187,117,1,2112,74,2,0,1,Aucun probleme depuis mon inscription.,Non
CLI01152,N'Zérékoré,Homme,44,1567000,12,Postpayé,Oui,Non,63000,Virement bancaire,307,124,67,3030,0,0,0,5,Rien de particulier a signaler.,Non
CLI01153,Labé,Femme,33,312000,4,Postpayé,Non,Non,24000,Orange Money,153,140,4,5825,19,0,1,3,Content de la couverture reseau dans ma zone.,Non
CLI01154,Conakry,Homme,50,782000,28,Prépayé,Non,Non,26000,Orange Money,145,154,0,2741,2,1,0,2,"Je pense changer d'operateur, trop de pannes.",Oui
CLI01155,Mamou,Homme,22,675000,26,Postpayé,Oui,Oui,42000,Espèces,201,137,57,50,5,0,0,3,Service client reactif et efficace.,Non
CLI01156,Mamou,Homme,46,1738000,30,Postpayé,Non,Non,64000,Virement bancaire,131,152,2,4145,16,2,0,2,"Bon rapport qualite prix, je recommande.",Non
CLI01157,Faranah,Homme,30,300000,2,Prépayé,Non,Non,16000,Orange Money,156,16,3,3211,17,1,0,0,Offres interessantes et service fiable.,Non
CLI01158,N'Zérékoré,Homme,37,728000,1,Postpayé,Oui,Oui,47000,Orange Money,166,73,77,2930,109,2,1,0,Le service client ne repond jamais rapidement.,Oui
CLI01159,N'Zérékoré,Homme,35,1001000,23,Prépayé,Oui,Oui,57000,Espèces,101,60,60,3969,54,0,0,4,Tres decu par la qualite du reseau en ce moment.,Oui
CLI01160,Kindia,Femme,36,1178000,18,Prépayé,Oui,Oui,101000,Espèces,135,139,40,2405,29,2,2,0,Tres decu par la qualite du reseau en ce moment.,Oui
CLI01161,Boké,Femme,40,661000,18,Prépayé,Oui,Non,54000,Espèces,256,85,34,2128,28,0,1,0,Aucune reponse a mes reclamations depuis un mois.,Oui
CLI01162,Conakry,Femme,50,420000,52,Prépayé,Oui,Non,17000,Espèces,142,50,40,461,21,2,0,0,Le service client ne repond jamais rapidement.,Oui
CLI01163,Kindia,Femme,50,718000,3,Prépayé,Oui,Non,42000,Orange Money,177,71,73,1360,49,0,0,2,Offres interessantes et service fiable.,Non
CLI01164,Conakry,Femme,35,514000,10,Prépayé,Non,Non,17000,Orange Money,119,73,1,2673,7,4,0,0,Content de la couverture reseau dans ma zone.,Non
CLI01165,Conakry,Homme,35,970000,6,Prépayé,Non,Oui,87000,Orange Money,178,106,0,3153,32,5,2,1,Trop de coupures de reseau ces derniers temps.,Oui
CLI01166,Kankan,Femme,23,755000,16,Prépayé,Non,Oui,59000,Virement bancaire,212,85,0,2067,28,0,1,0,Le service client ne repond jamais rapidement.,Oui
CLI01167,Conakry,Femme,53,868000,17,Prépayé,Non,Non,77000,Espèces,79,70,6,2139,2,3,0,0,Service correct dans l'ensemble.,Non
CLI01168,Conakry,Homme,45,728000,24,Postpayé,Non,Non,63000,Espèces,136,91,1,3058,1,1,0,0,Aucun probleme depuis mon inscription.,Non
CLI01169,Mamou,Homme,28,1109000,13,Prépayé,Non,Non,62000,Orange Money,250,0,3,1819,23,2,0,0,Offres interessantes et service fiable.,Non
CLI01170,Labé,Homme,36,1269000,22,Prépayé,Non,Non,48000,Carte bancaire,169,148,2,850,4,1,0,0,Service correct dans l'ensemble.,Non
CLI01171,Boké,Homme,51,524000,15,Prépayé,Non,Non,46000,Orange Money,182,71,2,775,41,1,0,0,Content de la couverture reseau dans ma zone.,Non
CLI01172,Kankan,Homme,27,873000,61,Prépayé,Non,Oui,28000,Orange Money,137,43,1,1293,11,0,0,2,"Bon rapport qualite prix, je recommande.",Non
CLI01173,Conakry,Homme,38,330000,13,Prépayé,Oui,Non,23000,Orange Money,263,79,51,2528,18,2,1,1,Le forfait ne correspond plus a mes besoins.,Oui
CLI01174,Conakry,Homme,34,693000,17,Postpayé,Oui,Oui,50000,Orange Money,129,57,55,2574,2,1,0,0,Service client reactif et efficace.,Non
CLI01175,Labé,Homme,31,871000,87,Prépayé,Non,Oui,41000,Virement bancaire,274,22,3,2151,53,4,1,2,Offres interessantes et service fiable.,Non
CLI01176,Conakry,Homme,35,571000,25,Prépayé,Non,Non,23000,Orange Money,124,175,2,264,1,2,2,0,Offres interessantes et service fiable.,Non
CLI01177,Mamou,Femme,18,933000,43,Postpayé,Non,Non,29000,Espèces,141,102,2,3205,72,1,0,1,"Bon rapport qualite prix, je recommande.",Non
CLI01178,N'Zérékoré,Homme,45,568000,48,Prépayé,Non,Oui,35000,Orange Money,205,97,7,3777,27,0,0,0,"Bon rapport qualite prix, je recommande.",Non
CLI01179,Kankan,Homme,29,631000,47,Prépayé,Non,Oui,37000,Espèces,79,62,3,5119,11,1,0,0,Service correct dans l'ensemble.,Non
CLI01180,Kankan,Femme,36,345000,9,Prépayé,Non,Non,17000,Orange Money,153,39,7,4821,51,2,0,2,Tres decu par la qualite du reseau en ce moment.,Oui
CLI01181,Conakry,Homme,19,1888000,28,Illimité,Non,Oui,144000,Orange Money,148,66,3,1171,4,1,1,1,Trop cher par rapport a la qualite recue.,Oui
CLI01182,Boké,Femme,60,1398000,32,Prépayé,Non,Non,123000,Orange Money,184,139,4,1766,85,1,1,0,Tres satisfait du reseau et du service.,Non
CLI01183,N'Zérékoré,Femme,41,748000,3,Illimité,Non,Oui,47000,Orange Money,190,104,3,3687,6,3,1,4,Tres satisfait du reseau et du service.,Non
CLI01184,Kankan,Homme,18,1293000,6,Postpayé,Oui,Oui,89000,Orange Money,131,88,38,2058,17,2,0,0,Tres satisfait du reseau et du service.,Non
CLI01185,Labé,Homme,28,736000,20,Prépayé,Oui,Non,39000,Carte bancaire,61,4,75,1479,44,0,1,13,"Utilisation standard, pas de souci majeur.",Oui
CLI01186,Mamou,Femme,31,819000,4,Prépayé,Oui,Non,73000,Carte bancaire,162,80,39,1705,8,2,0,8,"Utilisation standard, pas de souci majeur.",Oui
CLI01187,Conakry,Homme,24,1239000,4,Prépayé,Non,Oui,71000,Virement bancaire,194,93,12,4892,14,4,0,1,Rien de particulier a signaler.,Non
CLI01188,Conakry,Homme,19,1096000,1,Postpayé,Non,Non,94000,Espèces,115,34,0,2778,11,0,1,0,Tres decu par la qualite du reseau en ce moment.,Oui
CLI01189,Conakry,Femme,20,521000,7,Prépayé,Non,Oui,19000,Espèces,193,20,1,642,3,0,0,2,"Bon rapport qualite prix, je recommande.",Non
CLI01190,N'Zérékoré,Homme,25,760000,1,Prépayé,Non,Oui,27000,Espèces,94,152,19,2854,28,2,0,0,Aucune reponse a mes reclamations depuis un mois.,Oui
CLI01191,Conakry,Homme,36,670000,13,Prépayé,Non,Oui,26000,Orange Money,237,45,1,1860,1,4,0,7,Service client reactif et efficace.,Non
CLI01192,N'Zérékoré,Femme,37,519000,50,Postpayé,Non,Non,35000,Orange Money,188,47,1,3591,1,3,0,2,Rien de particulier a signaler.,Non
CLI01193,Conakry,Homme,48,856000,5,Prépayé,Non,Non,38000,Virement bancaire,305,102,0,2934,14,5,0,10,Le service client ne repond jamais rapidement.,Oui
CLI01194,Kankan,Femme,32,426000,4,Postpayé,Non,Non,30000,Orange Money,182,141,6,1175,8,0,0,2,Rien de particulier a signaler.,Non
CLI01195,Labé,Femme,18,1277000,8,Prépayé,Non,Non,113000,Orange Money,173,133,1,3150,31,0,2,5,Rien de particulier a signaler.,Non
CLI01196,Conakry,Homme,33,664000,26,Prépayé,Non,Oui,41000,Espèces,272,67,8,3645,2,1,0,0,Content de la couverture reseau dans ma zone.,Non
CLI01197,Mamou,Femme,46,449000,22,Postpayé,Non,Oui,33000,Virement bancaire,158,107,3,3668,2,1,1,1,Aucune reponse a mes reclamations depuis un mois.,Oui
CLI01198,Faranah,Homme,21,631000,4,Prépayé,Non,Oui,46000,Orange Money,194,144,3,4830,68,3,1,2,Aucune reponse a mes reclamations depuis un mois.,Oui
CLI01199,Faranah,Femme,36,1061000,10,Postpayé,Oui,Oui,62000,Carte bancaire,152,36,56,2776,75,0,0,6,"Bon rapport qualite prix, je recommande.",Non
CLI01200,Faranah,Femme,38,1031000,7,Postpayé,Non,Non,42000,Orange Money,145,21,0,3745,19,0,0,3,Rien de particulier a signaler.,Non
CLI01201,Mamou,Homme,23,869000,2,Postpayé,Non,Non,39000,Espèces,240,27,1,2522,9,1,1,6,Le forfait ne correspond plus a mes besoins.,Oui
CLI01202,Faranah,Femme,32,1007000,3,Prépayé,Non,Non,36000,Orange Money,107,48,1,2913,7,1,1,0,Service correct dans l'ensemble.,Non
CLI01203,Kindia,Homme,23,641000,31,Prépayé,Non,Non,28000,Espèces,144,111,1,2806,76,1,0,7,Tres satisfait du reseau et du service.,Non
CLI01204,N'Zérékoré,Homme,50,882000,21,Postpayé,Non,Oui,33000,Carte bancaire,72,132,3,2658,45,4,0,2,Facturation incorrecte plusieurs fois de suite.,Oui
CLI01205,Boké,Femme,41,818000,3,Postpayé,Oui,Non,57000,Orange Money,176,67,23,1728,28,1,2,0,Facturation incorrecte plusieurs fois de suite.,Oui
CLI01206,Conakry,Homme,35,665000,26,Prépayé,Oui,Oui,52000,Orange Money,135,110,73,1345,45,2,1,0,Service correct dans l'ensemble.,Oui
CLI01207,N'Zérékoré,Homme,42,523000,1,Prépayé,Non,Non,31000,Carte bancaire,187,93,10,3525,48,0,1,0,Content de la couverture reseau dans ma zone.,Non
CLI01208,Conakry,Femme,42,988000,4,Prépayé,Non,Non,50000,Orange Money,126,55,3,665,24,0,3,0,Content de la couverture reseau dans ma zone.,Non
CLI01209,Boké,Homme,25,355000,2,Prépayé,Non,Oui,12000,Orange Money,116,94,0,1853,8,2,0,7,Trop cher par rapport a la qualite recue.,Oui
CLI01210,Faranah,Homme,20,707000,4,Prépayé,Non,Oui,34000,Orange Money,258,0,1,3480,20,1,0,5,Tres decu par la qualite du reseau en ce moment.,Oui
CLI01211,Kankan,Homme,18,375000,1,Prépayé,Non,Oui,24000,Orange Money,43,62,1,622,16,0,2,3,"Utilisation standard, pas de souci majeur.",Oui
CLI01212,Kindia,Femme,20,711000,33,Prépayé,Non,Oui,47000,Espèces,201,114,1,3458,32,1,1,8,"Utilisation standard, pas de souci majeur.",Non
CLI01213,Conakry,Homme,43,445000,64,Prépayé,Non,Non,30000,Orange Money,224,111,1,2276,53,4,0,5,Rien de particulier a signaler.,Non
CLI01214,Labé,Homme,46,694000,46,Illimité,Non,Oui,35000,Espèces,309,37,1,1780,43,0,1,0,Aucun probleme depuis mon inscription.,Non
CLI01215,Labé,Femme,51,680000,46,Postpayé,Non,Non,41000,Orange Money,189,91,1,1282,9,1,0,0,Rien de particulier a signaler.,Non
CLI01216,Faranah,Femme,19,758000,8,Postpayé,Oui,Oui,38000,Carte bancaire,277,121,41,2301,44,0,2,9,Service correct dans l'ensemble.,Oui
CLI01217,Conakry,Homme,34,1200000,27,Prépayé,Non,Oui,81000,Orange Money,159,99,1,3730,37,3,0,1,Service client reactif et efficace.,Non
CLI01218,Kankan,Femme,48,1959000,23,Illimité,Non,Oui,83000,Espèces,225,0,4,2675,84,1,2,7,Rien de particulier a signaler.,Non
CLI01219,Kankan,Femme,54,403000,25,Postpayé,Non,Oui,25000,Orange Money,240,28,0,3775,25,1,0,0,"Bon rapport qualite prix, je recommande.",Non
CLI01220,Kankan,Femme,30,712000,3,Prépayé,Non,Non,35000,Espèces,176,110,2,565,47,2,0,0,Tres satisfait du reseau et du service.,Non
CLI01221,Faranah,Femme,30,1248000,4,Prépayé,Non,Non,89000,Carte bancaire,189,126,2,50,34,2,1,0,"Utilisation standard, pas de souci majeur.",Non
CLI01222,Mamou,Femme,30,371000,33,Prépayé,Non,Non,33000,Espèces,176,37,1,147,22,1,0,0,Rien de particulier a signaler.,Oui
CLI01223,Labé,Homme,39,595000,34,Prépayé,Oui,Oui,51000,Espèces,219,63,69,2468,15,2,1,1,Trop de coupures de reseau ces derniers temps.,Oui
CLI01224,Kankan,Homme,43,1181000,58,Prépayé,Non,Oui,99000,Orange Money,252,131,1,1821,84,3,1,4,Rien de particulier a signaler.,Non
CLI01225,Conakry,Femme,45,1103000,19,Postpayé,Oui,Oui,81000,Espèces,81,126,17,2521,22,1,1,0,Content de la couverture reseau dans ma zone.,Non
CLI01226,Mamou,Homme,29,729000,8,Postpayé,Non,Oui,55000,Carte bancaire,71,87,4,1949,106,3,2,1,Trop cher par rapport a la qualite recue.,Oui
CLI01227,Kankan,Homme,50,832000,7,Prépayé,Non,Non,44000,Virement bancaire,94,108,0,4051,4,2,0,0,"Utilisation standard, pas de souci majeur.",Non
CLI01228,Kankan,Femme,23,379000,8,Postpayé,Non,Non,30000,Carte bancaire,227,100,3,3507,6,1,0,3,Le service client ne repond jamais rapidement.,Oui
CLI01229,Conakry,Femme,41,538000,37,Postpayé,Non,Non,24000,Carte bancaire,157,102,1,1602,59,0,0,0,Service client reactif et efficace.,Non
CLI01230,Kindia,Homme,49,2088000,14,Prépayé,Non,Non,121000,Orange Money,172,70,1,709,16,4,1,8,Trop de coupures de reseau ces derniers temps.,Oui
CLI01231,N'Zérékoré,Femme,47,602000,5,Prépayé,Non,Non,48000,Espèces,128,47,1,3386,56,1,0,0,Aucun probleme depuis mon inscription.,Non
CLI01232,Kankan,Homme,39,595000,96,Prépayé,Oui,Oui,20000,Orange Money,85,108,28,2445,5,2,0,0,Content de la couverture reseau dans ma zone.,Non
CLI01233,Conakry,Homme,30,504000,35,Postpayé,Non,Oui,40000,Carte bancaire,176,110,1,2509,5,1,1,6,"Utilisation standard, pas de souci majeur.",Non
CLI01234,Boké,Homme,33,1228000,34,Prépayé,Non,Non,53000,Espèces,71,105,2,840,100,0,1,4,Service correct dans l'ensemble.,Oui
CLI01235,Kankan,Femme,26,745000,34,Postpayé,Non,Oui,36000,Orange Money,148,100,0,721,26,3,0,0,Content de la couverture reseau dans ma zone.,Non
CLI01236,Kankan,Homme,27,668000,36,Prépayé,Non,Oui,51000,Espèces,204,117,11,2146,30,3,1,0,Offres interessantes et service fiable.,Non
CLI01237,Labé,Femme,23,455000,25,Prépayé,Non,Oui,33000,Orange Money,179,71,0,3765,3,1,0,0,Rien de particulier a signaler.,Non
CLI01238,Conakry,Femme,46,655000,4,Postpayé,Oui,Oui,45000,Espèces,104,158,19,3704,30,0,0,0,Content de la couverture reseau dans ma zone.,Non
CLI01239,Conakry,Femme,21,866000,26,Postpayé,Non,Oui,71000,Orange Money,208,92,2,3695,27,0,1,0,Offres interessantes et service fiable.,Non
CLI01240,Conakry,Homme,27,435000,26,Postpayé,Non,Oui,19000,Orange Money,127,114,6,50,4,3,1,3,Le forfait ne correspond plus a mes besoins.,Oui
CLI01241,Conakry,Femme,49,512000,12,Prépayé,Non,Non,25000,Espèces,136,65,3,2107,84,2,0,0,Rien de particulier a signaler.,Non
CLI01242,Conakry,Homme,39,928000,9,Postpayé,Non,Oui,38000,Orange Money,142,42,16,1679,15,1,0,0,Offres interessantes et service fiable.,Non
CLI01243,Faranah,Femme,53,1323000,91,Postpayé,Oui,Oui,46000,Orange Money,168,75,38,2669,5,1,1,12,Tres decu par la qualite du reseau en ce moment.,Oui
CLI01244,Faranah,Femme,52,361000,4,Prépayé,Non,Oui,28000,Orange Money,229,129,5,2320,14,2,0,0,"Utilisation standard, pas de souci majeur.",Oui
CLI01245,Boké,Femme,39,1805000,5,Prépayé,Non,Oui,95000,Orange Money,181,55,2,2748,0,0,0,0,"Bon rapport qualite prix, je recommande.",Non
CLI01246,Kankan,Homme,47,1335000,46,Prépayé,Non,Non,106000,Orange Money,178,46,7,1169,6,4,0,0,Rien de particulier a signaler.,Non
CLI01247,Conakry,Homme,22,804000,9,Postpayé,Oui,Oui,42000,Espèces,173,61,13,2711,37,3,1,9,Le service client ne repond jamais rapidement.,Oui
CLI01248,Conakry,Homme,37,598000,29,Prépayé,Non,Oui,42000,Orange Money,148,129,11,4486,12,2,1,2,Aucune reponse a mes reclamations depuis un mois.,Oui
CLI01249,Labé,Homme,54,886000,3,Prépayé,Non,Non,31000,Espèces,326,108,3,2657,38,0,1,7,Tres satisfait du reseau et du service.,Non
CLI01250,Labé,Femme,40,300000,45,Prépayé,Non,Oui,21000,Orange Money,178,135,1,3116,5,0,0,4,"Utilisation standard, pas de souci majeur.",Non
CLI01251,Conakry,Homme,38,611000,14,Prépayé,Non,Oui,20000,Orange Money,203,9,0,4729,36,0,0,3,Service correct dans l'ensemble.,Non
CLI01252,N'Zérékoré,Homme,65,543000,3,Illimité,Non,Non,49000,Espèces,102,25,0,2043,31,2,1,0,Facturation incorrecte plusieurs fois de suite.,Oui
CLI01253,Mamou,Femme,44,793000,13,Prépayé,Non,Non,56000,Orange Money,218,106,1,4032,22,2,0,0,"Je pense changer d'operateur, trop de pannes.",Oui
CLI01254,Labé,Femme,19,1558000,43,Prépayé,Oui,Oui,78000,Orange Money,303,94,39,4215,4,1,1,2,Service client reactif et efficace.,Non
CLI01255,Kindia,Homme,48,785000,8,Prépayé,Non,Oui,32000,Orange Money,135,79,2,3791,11,2,0,0,Offres interessantes et service fiable.,Non
CLI01256,Labé,Homme,18,450000,6,Postpayé,Non,Non,29000,Orange Money,192,74,5,1543,75,0,0,1,Service correct dans l'ensemble.,Non
CLI01257,Conakry,Femme,40,384000,11,Postpayé,Non,Oui,14000,Orange Money,160,74,0,3031,15,1,2,0,Aucun probleme depuis mon inscription.,Non
CLI01258,Kindia,Femme,39,300000,19,Illimité,Oui,Oui,25000,Virement bancaire,232,119,69,1249,33,2,0,1,Tres decu par la qualite du reseau en ce moment.,Oui
CLI01259,Mamou,Homme,30,819000,7,Postpayé,Non,Oui,29000,Espèces,114,84,3,5377,77,0,1,6,Rien de particulier a signaler.,Non
CLI01260,Labé,Femme,26,389000,13,Prépayé,Non,Oui,21000,Orange Money,264,13,0,1406,19,2,0,0,"Bon rapport qualite prix, je recommande.",Non
CLI01261,Labé,Femme,30,884000,51,Postpayé,Non,Non,58000,Espèces,163,77,6,1944,5,1,0,1,Service correct dans l'ensemble.,Non
CLI01262,Conakry,Femme,65,865000,14,Postpayé,Non,Oui,26000,Espèces,293,33,0,2726,10,3,0,0,Facturation incorrecte plusieurs fois de suite.,Oui
CLI01263,Kindia,Homme,23,1117000,7,Prépayé,Non,Oui,70000,Espèces,213,62,1,219,14,1,2,4,Rien de particulier a signaler.,Non
CLI01264,N'Zérékoré,Femme,26,1916000,36,Prépayé,Non,Oui,151000,Espèces,237,109,0,3291,56,0,1,0,Aucun probleme depuis mon inscription.,Non
CLI01265,N'Zérékoré,Femme,33,817000,44,Prépayé,Non,Oui,59000,Espèces,218,101,1,2290,102,3,3,0,Trop de coupures de reseau ces derniers temps.,Oui
CLI01266,Kankan,Femme,30,701000,9,Prépayé,Non,Oui,60000,Orange Money,157,100,0,3909,18,1,1,1,Trop cher par rapport a la qualite recue.,Oui
CLI01267,Conakry,Homme,54,1156000,13,Postpayé,Non,Oui,99000,Orange Money,213,98,0,2352,12,3,0,2,Rien de particulier a signaler.,Non
CLI01268,Conakry,Femme,39,1243000,11,Postpayé,Oui,Oui,97000,Espèces,149,38,24,2934,92,1,0,1,"Bon rapport qualite prix, je recommande.",Non
CLI01269,Conakry,Homme,33,1141000,3,Postpayé,Oui,Non,37000,Espèces,172,100,70,2756,1,0,0,1,Rien de particulier a signaler.,Non
CLI01270,Kankan,Femme,43,851000,8,Postpayé,Non,Oui,60000,Espèces,170,123,4,1624,35,0,1,0,Offres interessantes et service fiable.,Non
CLI01271,Conakry,Homme,38,964000,12,Prépayé,Non,Oui,64000,Espèces,232,75,4,4405,0,1,0,0,Content de la couverture reseau dans ma zone.,Non
CLI01272,Conakry,Homme,33,498000,53,Prépayé,Oui,Oui,27000,Orange Money,222,94,76,678,30,2,0,0,Service correct dans l'ensemble.,Non
CLI01273,Conakry,Femme,32,982000,2,Prépayé,Non,Non,87000,Orange Money,109,49,1,1067,5,0,0,0,Offres interessantes et service fiable.,Non
CLI01274,Faranah,Femme,33,781000,21,Postpayé,Non,Non,55000,Orange Money,192,69,2,3374,13,2,0,0,Service correct dans l'ensemble.,Non
CLI01275,Labé,Homme,33,1021000,5,Prépayé,Non,Non,82000,Espèces,165,155,0,273,1,3,0,2,"Bon rapport qualite prix, je recommande.",Non
CLI01276,Kankan,Homme,30,371000,28,Prépayé,Non,Non,25000,Orange Money,69,58,1,4013,0,0,0,1,Offres interessantes et service fiable.,Non
CLI01277,Conakry,Homme,34,857000,22,Postpayé,Oui,Non,75000,Espèces,154,79,20,2952,60,1,0,0,Aucun probleme depuis mon inscription.,Non
CLI01278,Conakry,Femme,49,651000,4,Postpayé,Non,Oui,47000,Carte bancaire,215,0,0,2913,9,0,1,0,Service correct dans l'ensemble.,Non
CLI01279,Kankan,Homme,21,1099000,54,Prépayé,Non,Non,70000,Orange Money,149,9,2,428,21,0,0,7,"Bon rapport qualite prix, je recommande.",Non
CLI01280,Conakry,Homme,39,1070000,18,Prépayé,Non,Oui,35000,Orange Money,62,142,4,3189,22,1,0,0,Rien de particulier a signaler.,Non
CLI01281,Faranah,Femme,43,759000,3,Illimité,Non,Non,29000,Orange Money,138,112,1,1928,56,1,0,2,Aucune reponse a mes reclamations depuis un mois.,Oui
CLI01282,Labé,Femme,34,581000,4,Prépayé,Non,Non,44000,Orange Money,293,57,8,608,39,0,0,0,"Utilisation standard, pas de souci majeur.",Non
CLI01283,Conakry,Homme,35,492000,6,Prépayé,Non,Oui,40000,Virement bancaire,162,84,0,2112,10,1,1,0,Service correct dans l'ensemble.,Non
CLI01284,Conakry,Femme,48,867000,64,Prépayé,Non,Oui,46000,Orange Money,97,49,1,1508,9,1,0,0,Service correct dans l'ensemble.,Non
CLI01285,Faranah,Homme,30,824000,12,Prépayé,Non,Non,39000,Espèces,217,74,4,2482,13,2,3,5,Offres interessantes et service fiable.,Non
CLI01286,Conakry,Femme,42,701000,9,Postpayé,Non,Oui,28000,Carte bancaire,184,112,2,1381,25,1,1,0,Service correct dans l'ensemble.,Non
CLI01287,N'Zérékoré,Homme,41,889000,19,Postpayé,Non,Non,29000,Orange Money,145,29,4,1763,3,5,0,2,Service correct dans l'ensemble.,Non
CLI01288,Conakry,Femme,37,1303000,20,Prépayé,Non,Non,69000,Espèces,189,85,8,2673,80,0,0,2,Offres interessantes et service fiable.,Non
CLI01289,Conakry,Homme,37,300000,25,Prépayé,Non,Oui,12000,Virement bancaire,198,123,0,3539,12,0,1,15,Le forfait ne correspond plus a mes besoins.,Oui
CLI01290,Mamou,Homme,44,1135000,12,Prépayé,Non,Oui,80000,Orange Money,135,44,2,50,63,1,0,14,Le forfait ne correspond plus a mes besoins.,Oui
CLI01291,Conakry,Homme,51,1401000,6,Prépayé,Non,Oui,45000,Orange Money,182,82,1,2138,13,1,1,0,Offres interessantes et service fiable.,Non
CLI01292,N'Zérékoré,Femme,23,474000,7,Postpayé,Oui,Non,26000,Espèces,253,115,31,1843,5,1,0,0,Tres satisfait du reseau et du service.,Non
CLI01293,Boké,Homme,47,935000,33,Prépayé,Non,Oui,38000,Orange Money,144,84,2,2966,10,4,0,0,Rien de particulier a signaler.,Non
CLI01294,Conakry,Femme,28,652000,11,Postpayé,Oui,Oui,55000,Orange Money,262,83,48,2243,20,0,0,9,Trop cher par rapport a la qualite recue.,Oui
CLI01295,Conakry,Homme,25,910000,50,Prépayé,Non,Non,34000,Espèces,79,68,1,1124,24,0,0,0,Service correct dans l'ensemble.,Non
CLI01296,Labé,Homme,37,599000,2,Prépayé,Non,Oui,54000,Orange Money,219,82,0,2593,34,2,2,4,Tres decu par la qualite du reseau en ce moment.,Oui
CLI01297,Kankan,Homme,37,1375000,22,Prépayé,Non,Oui,117000,Espèces,175,55,1,3292,15,0,1,0,Service correct dans l'ensemble.,Non
CLI01298,Conakry,Femme,18,657000,17,Prépayé,Non,Oui,46000,Orange Money,160,76,2,3665,71,0,1,7,Trop de coupures de reseau ces derniers temps.,Oui
CLI01299,Kindia,Homme,53,1933000,1,Prépayé,Non,Oui,119000,Orange Money,135,109,5,1938,9,3,2,0,Offres interessantes et service fiable.,Non
CLI01300,Labé,Homme,30,352000,41,Prépayé,Non,Non,23000,Virement bancaire,151,50,0,539,8,1,0,0,Content de la couverture reseau dans ma zone.,Non
CLI01301,Mamou,Femme,43,735000,10,Prépayé,Non,Oui,66000,Orange Money,76,142,10,2230,7,0,0,6,Aucun probleme depuis mon inscription.,Non
CLI01302,Faranah,Femme,39,488000,89,Prépayé,Non,Oui,18000,Virement bancaire,159,25,5,2831,24,1,0,1,Content de la couverture reseau dans ma zone.,Non
CLI01303,Kindia,Femme,42,416000,77,Prépayé,Non,Oui,19000,Carte bancaire,172,135,2,2754,12,1,0,0,Rien de particulier a signaler.,Non
CLI01304,Kindia,Femme,36,909000,1,Postpayé,Oui,Oui,54000,Carte bancaire,117,63,27,1759,11,1,0,1,"Utilisation standard, pas de souci majeur.",Non
CLI01305,Kankan,Homme,38,2303000,14,Prépayé,Non,Oui,79000,Carte bancaire,178,47,0,2803,0,1,1,1,Rien de particulier a signaler.,Oui
CLI01306,N'Zérékoré,Homme,36,831000,17,Prépayé,Non,Non,47000,Orange Money,114,164,2,1439,10,0,3,0,Trop de coupures de reseau ces derniers temps.,Oui
CLI01307,Kindia,Homme,31,740000,45,Prépayé,Non,Non,62000,Espèces,192,57,3,3431,21,2,0,0,Rien de particulier a signaler.,Non
CLI01308,N'Zérékoré,Femme,47,891000,20,Prépayé,Non,Oui,40000,Espèces,292,65,1,3824,7,2,0,0,Offres interessantes et service fiable.,Non
CLI01309,Conakry,Homme,37,799000,1,Postpayé,Oui,Oui,63000,Carte bancaire,209,71,24,2870,1,0,0,0,Service client reactif et efficace.,Non
CLI01310,Kankan,Femme,39,894000,58,Illimité,Non,Non,70000,Orange Money,36,31,1,1404,29,0,0,1,Service client reactif et efficace.,Non
CLI01311,N'Zérékoré,Femme,29,729000,1,Postpayé,Non,Non,37000,Espèces,154,64,6,2199,46,0,0,0,Content de la couverture reseau dans ma zone.,Non
CLI01312,Labé,Homme,28,1120000,8,Prépayé,Non,Oui,100000,Orange Money,141,65,8,2373,45,1,0,13,Facturation incorrecte plusieurs fois de suite.,Oui
CLI01313,Faranah,Homme,37,766000,24,Postpayé,Non,Non,38000,Virement bancaire,233,83,3,4313,15,1,2,0,Trop cher par rapport a la qualite recue.,Oui
CLI01314,Conakry,Homme,19,742000,4,Postpayé,Non,Non,24000,Espèces,113,29,1,2372,33,1,0,3,Rien de particulier a signaler.,Non
CLI01315,Kankan,Femme,51,2508000,95,Illimité,Non,Non,155000,Orange Money,183,114,3,2807,41,2,1,4,Content de la couverture reseau dans ma zone.,Non
CLI01316,Mamou,Femme,31,623000,81,Prépayé,Non,Oui,49000,Virement bancaire,141,14,4,2557,29,2,2,12,Trop de coupures de reseau ces derniers temps.,Oui
CLI01317,Labé,Homme,32,1449000,13,Prépayé,Non,Non,100000,Espèces,79,74,9,3398,0,3,2,0,Aucune reponse a mes reclamations depuis un mois.,Oui
CLI01318,Labé,Femme,30,695000,31,Postpayé,Oui,Non,32000,Virement bancaire,150,0,14,997,0,3,0,0,Service correct dans l'ensemble.,Non
CLI01319,Conakry,Femme,36,907000,65,Prépayé,Non,Non,34000,Carte bancaire,209,94,1,2740,16,0,1,0,Service client reactif et efficace.,Non
CLI01320,Kankan,Homme,41,891000,35,Prépayé,Non,Oui,61000,Virement bancaire,139,48,2,2406,18,0,1,0,Content de la couverture reseau dans ma zone.,Non
CLI01321,Labé,Homme,43,576000,25,Postpayé,Non,Oui,31000,Espèces,269,3,3,3791,124,0,0,0,Rien de particulier a signaler.,Non
CLI01322,Labé,Homme,28,1127000,44,Illimité,Oui,Oui,41000,Orange Money,158,120,44,3291,91,2,0,0,"Bon rapport qualite prix, je recommande.",Non
CLI01323,Conakry,Homme,23,766000,1,Prépayé,Non,Oui,30000,Orange Money,117,98,4,1984,4,3,1,1,Le service client ne repond jamais rapidement.,Oui
CLI01324,Mamou,Femme,33,833000,59,Prépayé,Non,Non,69000,Espèces,143,70,0,3955,50,1,1,0,"Bon rapport qualite prix, je recommande.",Non
CLI01325,Conakry,Femme,34,420000,33,Prépayé,Non,Oui,26000,Orange Money,342,97,2,1904,35,1,0,0,Aucun probleme depuis mon inscription.,Non
CLI01326,Faranah,Femme,27,2793000,4,Postpayé,Non,Non,158000,Espèces,107,63,2,2280,16,2,0,0,"Utilisation standard, pas de souci majeur.",Non
CLI01327,Conakry,Femme,48,738000,19,Postpayé,Non,Oui,42000,Espèces,178,73,2,3450,9,0,2,11,Le forfait ne correspond plus a mes besoins.,Oui
CLI01328,Conakry,Homme,24,501000,11,Prépayé,Non,Oui,36000,Orange Money,242,112,17,3184,40,0,1,1,Rien de particulier a signaler.,Non
CLI01329,Conakry,Homme,25,1096000,2,Postpayé,Non,Non,56000,Carte bancaire,157,59,1,1121,11,1,0,2,Tres satisfait du reseau et du service.,Non
CLI01330,Kindia,Homme,45,769000,36,Prépayé,Non,Non,34000,Espèces,154,108,6,3468,14,2,1,2,Trop cher par rapport a la qualite recue.,Oui
CLI01331,Kankan,Homme,30,888000,25,Prépayé,Non,Non,56000,Orange Money,161,111,0,3700,11,1,0,4,Content de la couverture reseau dans ma zone.,Non
CLI01332,Conakry,Homme,33,809000,11,Prépayé,Non,Non,41000,Espèces,252,116,0,3162,10,1,0,2,"Bon rapport qualite prix, je recommande.",Non
CLI01333,Labé,Femme,25,357000,17,Prépayé,Non,Non,18000,Espèces,201,98,7,2694,39,3,0,0,Facturation incorrecte plusieurs fois de suite.,Oui
CLI01334,Conakry,Homme,21,921000,24,Prépayé,Oui,Oui,41000,Orange Money,155,52,44,741,17,1,1,0,Tres satisfait du reseau et du service.,Non
CLI01335,Kindia,Femme,27,828000,48,Prépayé,Non,Non,67000,Carte bancaire,108,71,5,2601,12,2,0,1,Content de la couverture reseau dans ma zone.,Non
CLI01336,Conakry,Homme,18,434000,42,Prépayé,Non,Oui,33000,Orange Money,71,138,3,2805,13,2,0,3,"Bon rapport qualite prix, je recommande.",Non
CLI01337,Conakry,Femme,43,884000,69,Postpayé,Oui,Non,44000,Carte bancaire,130,63,41,1784,81,2,0,0,Offres interessantes et service fiable.,Non
CLI01338,Boké,Femme,38,739000,30,Postpayé,Oui,Oui,31000,Orange Money,74,153,7,2534,8,2,0,7,Rien de particulier a signaler.,Non
CLI01339,Kindia,Femme,55,655000,3,Prépayé,Non,Oui,48000,Espèces,174,64,1,1244,80,2,1,14,Le forfait ne correspond plus a mes besoins.,Oui
CLI01340,Conakry,Femme,34,529000,45,Prépayé,Oui,Oui,45000,Orange Money,192,44,8,3237,21,1,1,0,Content de la couverture reseau dans ma zone.,Non
CLI01341,Labé,Homme,29,1123000,22,Postpayé,Non,Non,79000,Carte bancaire,228,130,1,2432,10,2,1,1,Aucune reponse a mes reclamations depuis un mois.,Oui
CLI01342,Conakry,Homme,46,509000,24,Prépayé,Non,Oui,44000,Orange Money,231,97,5,4245,16,0,0,1,Tres satisfait du reseau et du service.,Non
CLI01343,N'Zérékoré,Homme,29,741000,9,Illimité,Non,Non,46000,Orange Money,220,77,2,3710,13,1,0,4,Trop cher par rapport a la qualite recue.,Oui
CLI01344,Conakry,Femme,46,712000,16,Prépayé,Non,Oui,31000,Orange Money,193,181,1,4176,30,2,0,0,Tres satisfait du reseau et du service.,Non
CLI01345,N'Zérékoré,Homme,29,1454000,8,Prépayé,Non,Non,110000,Virement bancaire,163,66,3,1449,30,0,2,0,Rien de particulier a signaler.,Non
CLI01346,Conakry,Femme,18,957000,57,Postpayé,Non,Oui,55000,Orange Money,208,42,4,2395,24,0,2,2,Offres interessantes et service fiable.,Non
CLI01347,N'Zérékoré,Femme,31,610000,83,Postpayé,Non,Oui,46000,Orange Money,62,45,1,1140,36,1,0,0,Content de la couverture reseau dans ma zone.,Non
CLI01348,Conakry,Homme,31,1971000,15,Illimité,Non,Non,97000,Espèces,134,100,3,2535,2,0,0,0,"Bon rapport qualite prix, je recommande.",Non
CLI01349,Conakry,Homme,40,2028000,45,Postpayé,Non,Oui,143000,Espèces,294,105,1,1734,11,1,0,0,"Utilisation standard, pas de souci majeur.",Non
CLI01350,Conakry,Femme,30,1865000,10,Prépayé,Oui,Non,137000,Carte bancaire,56,88,37,1396,54,1,2,4,Aucun probleme depuis mon inscription.,Non
CLI01351,Faranah,Femme,37,478000,10,Prépayé,Non,Non,37000,Espèces,208,88,3,2156,7,2,0,1,Aucun probleme depuis mon inscription.,Non
CLI01352,Conakry,Femme,37,953000,40,Postpayé,Non,Non,68000,Espèces,110,124,5,3801,35,1,0,0,Offres interessantes et service fiable.,Non
CLI01353,Conakry,Femme,25,300000,9,Postpayé,Non,Non,22000,Espèces,116,65,3,3150,1,1,0,0,Aucun probleme depuis mon inscription.,Non
CLI01354,Mamou,Femme,22,638000,20,Postpayé,Oui,Oui,49000,Espèces,225,105,0,4221,74,2,0,0,Le forfait ne correspond plus a mes besoins.,Oui
CLI01355,Conakry,Femme,26,1287000,6,Postpayé,Non,Oui,83000,Orange Money,182,92,1,2264,8,1,1,0,Trop de coupures de reseau ces derniers temps.,Oui
CLI01356,Labé,Femme,18,603000,12,Postpayé,Non,Non,49000,Orange Money,227,89,1,3014,54,3,0,2,Rien de particulier a signaler.,Oui
CLI01357,Kindia,Homme,35,607000,40,Prépayé,Non,Oui,44000,Virement bancaire,185,90,3,1312,34,2,0,3,Content de la couverture reseau dans ma zone.,Non
CLI01358,Conakry,Homme,41,548000,5,Prépayé,Non,Oui,30000,Espèces,181,23,2,2081,10,1,2,2,Rien de particulier a signaler.,Non
CLI01359,N'Zérékoré,Femme,31,721000,37,Postpayé,Oui,Non,49000,Orange Money,149,43,39,1665,24,0,0,1,Tres decu par la qualite du reseau en ce moment.,Oui
CLI01360,Kindia,Femme,27,300000,16,Prépayé,Oui,Oui,12000,Orange Money,229,86,46,1224,9,3,1,8,Tres decu par la qualite du reseau en ce moment.,Oui
CLI01361,Conakry,Femme,22,550000,12,Prépayé,Non,Oui,18000,Carte bancaire,220,79,3,1960,0,1,0,0,Content de la couverture reseau dans ma zone.,Non
CLI01362,Faranah,Femme,41,2080000,55,Postpayé,Non,Non,79000,Orange Money,234,68,0,1018,0,1,1,0,Aucun probleme depuis mon inscription.,Non
CLI01363,Kankan,Homme,46,2130000,19,Prépayé,Oui,Non,145000,Orange Money,204,5,62,4895,47,1,0,4,"Utilisation standard, pas de souci majeur.",Non
CLI01364,Conakry,Homme,18,946000,6,Prépayé,Non,Non,74000,Carte bancaire,122,96,5,2251,11,1,0,2,Aucun probleme depuis mon inscription.,Non
CLI01365,Conakry,Homme,56,678000,46,Prépayé,Non,Non,21000,Espèces,150,67,6,1435,10,1,2,0,Tres satisfait du reseau et du service.,Non
CLI01366,N'Zérékoré,Femme,51,648000,56,Prépayé,Non,Oui,53000,Orange Money,161,15,1,3018,9,1,1,1,Rien de particulier a signaler.,Non
CLI01367,Boké,Femme,29,1205000,1,Illimité,Oui,Oui,60000,Espèces,99,159,68,2509,20,2,0,2,Offres interessantes et service fiable.,Non
CLI01368,Labé,Femme,34,948000,30,Postpayé,Oui,Oui,38000,Virement bancaire,192,136,71,3660,16,2,0,0,Tres satisfait du reseau et du service.,Non
CLI01369,Boké,Femme,36,527000,11,Prépayé,Non,Non,33000,Orange Money,166,101,1,1042,15,1,1,5,"Utilisation standard, pas de souci majeur.",Oui
CLI01370,Kankan,Homme,39,431000,17,Prépayé,Non,Oui,19000,Espèces,250,82,3,3138,1,3,0,1,Facturation incorrecte plusieurs fois de suite.,Oui
CLI01371,Boké,Homme,30,651000,5,Prépayé,Non,Oui,35000,Orange Money,16,31,5,3277,157,1,0,8,"Je pense changer d'operateur, trop de pannes.",Oui
CLI01372,Faranah,Femme,39,1045000,9,Postpayé,Non,Oui,70000,Espèces,161,142,3,1761,26,1,0,0,Aucun probleme depuis mon inscription.,Non
CLI01373,Labé,Homme,41,339000,31,Postpayé,Oui,Oui,14000,Virement bancaire,255,144,4,537,33,1,0,0,"Bon rapport qualite prix, je recommande.",Non
CLI01374,Conakry,Homme,61,476000,8,Prépayé,Non,Oui,23000,Virement bancaire,168,11,1,753,103,4,1,4,Service correct dans l'ensemble.,Oui
CLI01375,Boké,Femme,34,1051000,12,Prépayé,Non,Non,88000,Orange Money,237,69,2,4036,6,0,0,9,Le service client ne repond jamais rapidement.,Oui
CLI01376,Kankan,Femme,27,787000,64,Postpayé,Non,Oui,31000,Espèces,249,74,1,2832,70,1,1,0,Aucun probleme depuis mon inscription.,Non
CLI01377,Labé,Homme,45,519000,2,Prépayé,Non,Non,45000,Virement bancaire,172,64,1,3780,18,3,0,0,"Je pense changer d'operateur, trop de pannes.",Oui
CLI01378,Kindia,Homme,34,563000,6,Prépayé,Non,Oui,17000,Orange Money,98,57,2,3648,13,2,1,0,Rien de particulier a signaler.,Non
CLI01379,Conakry,Femme,36,932000,9,Postpayé,Non,Oui,42000,Orange Money,259,62,9,1114,8,0,1,6,"Utilisation standard, pas de souci majeur.",Non
CLI01380,Faranah,Homme,35,935000,16,Prépayé,Non,Non,74000,Espèces,92,76,2,1574,32,0,0,1,Content de la couverture reseau dans ma zone.,Non
CLI01381,Kindia,Homme,30,385000,8,Prépayé,Non,Oui,28000,Orange Money,240,141,1,1984,21,0,0,2,Aucun probleme depuis mon inscription.,Non
CLI01382,Kindia,Femme,30,1206000,17,Illimité,Non,Oui,90000,Orange Money,137,56,4,2786,2,3,0,4,Offres interessantes et service fiable.,Non
CLI01383,Kindia,Femme,29,1042000,3,Prépayé,Non,Oui,68000,Espèces,112,146,3,1809,35,3,2,0,"Utilisation standard, pas de souci majeur.",Oui
CLI01384,Kindia,Homme,26,732000,17,Prépayé,Non,Non,50000,Orange Money,218,89,9,979,48,0,0,10,Le forfait ne correspond plus a mes besoins.,Oui
CLI01385,Kindia,Femme,30,356000,13,Postpayé,Non,Oui,12000,Espèces,90,124,3,3398,55,0,0,0,"Bon rapport qualite prix, je recommande.",Non
CLI01386,Conakry,Femme,54,300000,8,Postpayé,Non,Non,19000,Orange Money,151,85,2,2505,11,2,0,0,Content de la couverture reseau dans ma zone.,Non
CLI01387,Boké,Homme,34,714000,2,Illimité,Non,Oui,29000,Carte bancaire,180,59,6,2936,8,1,1,3,"Utilisation standard, pas de souci majeur.",Non
CLI01388,Conakry,Femme,26,997000,17,Postpayé,Non,Oui,75000,Orange Money,118,87,1,2605,0,2,0,0,Offres interessantes et service fiable.,Non
CLI01389,Conakry,Homme,24,834000,34,Prépayé,Non,Oui,34000,Espèces,194,91,6,1962,62,0,0,0,Rien de particulier a signaler.,Non
CLI01390,Boké,Femme,47,1166000,34,Prépayé,Non,Oui,47000,Virement bancaire,198,87,3,1022,31,2,0,1,Service client reactif et efficace.,Non
CLI01391,Kankan,Homme,28,842000,7,Prépayé,Non,Oui,42000,Orange Money,230,77,5,3207,83,0,0,0,Trop de coupures de reseau ces derniers temps.,Oui
CLI01392,Boké,Femme,36,662000,45,Prépayé,Non,Non,53000,Orange Money,172,104,0,2881,34,2,1,0,Tres satisfait du reseau et du service.,Non
CLI01393,Labé,Homme,18,981000,78,Postpayé,Oui,Oui,41000,Orange Money,176,92,39,4387,66,1,0,3,Offres interessantes et service fiable.,Non
CLI01394,Kankan,Femme,18,1199000,12,Prépayé,Non,Oui,39000,Espèces,187,85,1,785,52,0,0,0,"Utilisation standard, pas de souci majeur.",Non
CLI01395,Kankan,Homme,37,458000,29,Prépayé,Non,Oui,17000,Orange Money,165,109,2,1388,2,4,2,0,Rien de particulier a signaler.,Non
CLI01396,Faranah,Femme,18,1321000,31,Illimité,Non,Oui,82000,Orange Money,177,103,0,1114,9,0,0,1,Offres interessantes et service fiable.,Non
CLI01397,Labé,Homme,37,854000,10,Prépayé,Non,Oui,31000,Espèces,115,2,2,1465,31,1,2,0,Service correct dans l'ensemble.,Non
CLI01398,Labé,Femme,43,661000,15,Illimité,Non,Oui,36000,Espèces,171,76,2,1274,24,1,2,3,Tres decu par la qualite du reseau en ce moment.,Oui
CLI01399,Conakry,Homme,25,1332000,31,Illimité,Non,Oui,43000,Orange Money,147,73,2,3043,10,2,1,4,Service correct dans l'ensemble.,Non
CLI01400,Conakry,Homme,29,643000,4,Postpayé,Oui,Oui,46000,Virement bancaire,78,63,24,1744,2,2,0,0,"Bon rapport qualite prix, je recommande.",Non
CLI01401,Conakry,Femme,29,963000,26,Prépayé,Oui,Oui,30000,Espèces,223,71,33,2220,14,0,0,4,Service correct dans l'ensemble.,Non
CLI01402,Conakry,Homme,27,1732000,20,Postpayé,Non,Oui,138000,Orange Money,35,142,0,2069,9,3,0,0,"Bon rapport qualite prix, je recommande.",Non
CLI01403,Labé,Homme,30,862000,37,Illimité,Non,Non,45000,Orange Money,206,82,0,2441,36,0,0,5,Rien de particulier a signaler.,Non
CLI01404,Labé,Homme,29,486000,8,Postpayé,Oui,Non,32000,Espèces,151,95,25,545,40,1,0,5,"Utilisation standard, pas de souci majeur.",Non
CLI01405,Conakry,Homme,32,1075000,26,Prépayé,Non,Oui,94000,Orange Money,212,100,0,2646,91,0,1,0,Trop cher par rapport a la qualite recue.,Oui
CLI01406,Kankan,Femme,35,457000,28,Illimité,Non,Non,32000,Carte bancaire,105,52,1,50,3,2,0,3,"Je pense changer d'operateur, trop de pannes.",Oui
CLI01407,Boké,Femme,40,1492000,14,Prépayé,Non,Oui,92000,Espèces,152,112,4,3205,13,1,1,7,Content de la couverture reseau dans ma zone.,Non
CLI01408,Labé,Femme,39,774000,6,Postpayé,Non,Non,64000,Orange Money,43,73,6,3239,1,4,0,1,Aucun probleme depuis mon inscription.,Non
CLI01409,Conakry,Femme,35,1194000,35,Prépayé,Non,Oui,73000,Virement bancaire,126,151,1,2945,15,1,0,16,Service client reactif et efficace.,Non
CLI01410,Kankan,Femme,26,485000,1,Prépayé,Non,Oui,31000,Virement bancaire,66,71,1,781,5,0,0,4,Rien de particulier a signaler.,Non
CLI01411,Conakry,Femme,39,627000,24,Prépayé,Non,Oui,55000,Orange Money,114,66,0,50,28,1,0,0,Content de la couverture reseau dans ma zone.,Non
CLI01412,Conakry,Homme,43,1480000,31,Prépayé,Non,Oui,58000,Orange Money,230,136,2,2412,29,1,0,1,Service client reactif et efficace.,Non
CLI01413,Boké,Femme,36,1621000,38,Prépayé,Non,Oui,123000,Virement bancaire,75,122,6,2862,22,1,2,2,Trop de coupures de reseau ces derniers temps.,Oui
CLI01414,Boké,Femme,30,405000,37,Prépayé,Non,Non,31000,Orange Money,236,4,3,2175,24,0,0,1,Rien de particulier a signaler.,Non
CLI01415,Labé,Femme,57,583000,73,Illimité,Oui,Oui,45000,Orange Money,293,84,68,781,56,1,2,0,Tres satisfait du reseau et du service.,Non
CLI01416,N'Zérékoré,Homme,18,545000,16,Prépayé,Non,Oui,33000,Espèces,112,125,1,2613,44,1,0,0,Le service client ne repond jamais rapidement.,Oui
CLI01417,Conakry,Homme,41,320000,14,Postpayé,Oui,Non,13000,Espèces,169,125,15,2261,50,1,0,0,"Bon rapport qualite prix, je recommande.",Non
CLI01418,Mamou,Homme,37,616000,44,Prépayé,Non,Oui,33000,Orange Money,208,67,4,3812,49,0,0,7,Offres interessantes et service fiable.,Non
CLI01419,Boké,Homme,50,905000,43,Prépayé,Non,Oui,36000,Carte bancaire,128,81,6,3600,0,0,0,0,Tres satisfait du reseau et du service.,Non
CLI01420,Kankan,Homme,54,722000,24,Prépayé,Non,Non,24000,Orange Money,204,186,3,3896,11,0,0,0,Content de la couverture reseau dans ma zone.,Non
CLI01421,Mamou,Femme,41,1055000,6,Postpayé,Oui,Non,75000,Espèces,157,76,54,3323,70,0,1,0,Aucun probleme depuis mon inscription.,Non
CLI01422,Kankan,Homme,29,1260000,8,Prépayé,Non,Oui,92000,Espèces,113,114,0,3361,123,0,1,0,"Utilisation standard, pas de souci majeur.",Non
CLI01423,Kankan,Homme,40,1260000,8,Illimité,Non,Non,85000,Virement bancaire,231,117,1,2552,1,1,1,0,"Je pense changer d'operateur, trop de pannes.",Oui
CLI01424,Kankan,Femme,22,1155000,5,Postpayé,Non,Non,65000,Virement bancaire,243,116,3,2405,67,2,1,0,Rien de particulier a signaler.,Non
CLI01425,Conakry,Homme,35,870000,24,Prépayé,Non,Oui,40000,Orange Money,145,67,0,2622,49,2,0,0,Rien de particulier a signaler.,Non
CLI01426,Labé,Femme,26,413000,5,Prépayé,Non,Oui,35000,Espèces,225,65,2,2933,12,1,1,0,Service client reactif et efficace.,Non
CLI01427,Kankan,Homme,39,428000,33,Prépayé,Non,Non,38000,Orange Money,104,90,1,50,4,0,0,0,Tres satisfait du reseau et du service.,Non
CLI01428,Kankan,Homme,18,866000,45,Illimité,Non,Oui,56000,Virement bancaire,187,94,1,4038,11,2,0,2,Service correct dans l'ensemble.,Non
CLI01429,N'Zérékoré,Homme,31,436000,76,Postpayé,Non,Non,37000,Virement bancaire,301,103,1,2522,4,1,1,5,"Bon rapport qualite prix, je recommande.",Non
CLI01430,Kindia,Homme,36,1076000,49,Prépayé,Non,Non,34000,Carte bancaire,193,122,3,513,6,1,0,4,"Bon rapport qualite prix, je recommande.",Non
CLI01431,Conakry,Homme,32,652000,13,Prépayé,Non,Oui,53000,Espèces,281,40,6,2636,16,2,0,0,Le service client ne repond jamais rapidement.,Oui
CLI01432,Faranah,Femme,31,667000,84,Illimité,Non,Non,46000,Orange Money,208,42,2,2427,34,0,2,3,Tres satisfait du reseau et du service.,Non
CLI01433,Conakry,Homme,26,300000,35,Postpayé,Non,Oui,20000,Orange Money,289,120,5,629,28,0,0,1,"Bon rapport qualite prix, je recommande.",Non
CLI01434,Mamou,Homme,32,1272000,8,Prépayé,Non,Oui,68000,Carte bancaire,168,106,0,260,74,0,1,0,"Utilisation standard, pas de souci majeur.",Non
CLI01435,Conakry,Homme,50,1009000,25,Prépayé,Non,Non,85000,Espèces,142,41,1,3261,61,0,0,6,"Utilisation standard, pas de souci majeur.",Non
CLI01436,Kindia,Homme,28,469000,90,Postpayé,Non,Oui,25000,Espèces,309,40,5,1820,37,0,0,1,Offres interessantes et service fiable.,Non
CLI01437,Mamou,Homme,21,767000,9,Prépayé,Non,Oui,67000,Orange Money,231,164,3,2580,0,2,0,1,Rien de particulier a signaler.,Oui
CLI01438,Conakry,Femme,23,996000,21,Postpayé,Non,Non,86000,Orange Money,184,27,2,2835,66,0,0,2,Tres satisfait du reseau et du service.,Non
CLI01439,Kindia,Homme,30,300000,34,Prépayé,Non,Non,24000,Orange Money,131,63,2,3321,144,1,0,0,Content de la couverture reseau dans ma zone.,Non
CLI01440,Conakry,Femme,42,491000,76,Prépayé,Non,Oui,22000,Orange Money,136,114,2,2142,9,1,0,1,"Utilisation standard, pas de souci majeur.",Non
CLI01441,Kankan,Homme,31,1291000,17,Postpayé,Non,Oui,55000,Espèces,248,34,3,1933,16,1,0,0,Aucun probleme depuis mon inscription.,Non
CLI01442,Kankan,Homme,42,435000,12,Postpayé,Oui,Non,14000,Orange Money,317,57,50,2227,3,1,1,7,Facturation incorrecte plusieurs fois de suite.,Oui
CLI01443,Mamou,Femme,49,518000,23,Postpayé,Non,Oui,26000,Orange Money,164,81,12,3016,8,1,1,0,Rien de particulier a signaler.,Non
CLI01444,Labé,Homme,25,2077000,16,Prépayé,Non,Oui,102000,Espèces,117,155,6,2314,21,0,2,0,Service client reactif et efficace.,Non
CLI01445,N'Zérékoré,Homme,37,442000,50,Prépayé,Non,Oui,19000,Orange Money,91,84,2,1962,108,0,0,1,Service correct dans l'ensemble.,Non
CLI01446,Conakry,Femme,31,1278000,30,Prépayé,Non,Oui,109000,Espèces,137,129,2,4583,12,0,0,7,"Bon rapport qualite prix, je recommande.",Non
CLI01447,Faranah,Femme,44,644000,37,Prépayé,Non,Non,21000,Espèces,87,136,2,3043,53,1,0,3,Aucun probleme depuis mon inscription.,Non
CLI01448,Conakry,Femme,43,309000,33,Postpayé,Non,Non,26000,Virement bancaire,239,120,3,4012,15,1,0,0,Service correct dans l'ensemble.,Non
CLI01449,Mamou,Homme,38,506000,66,Prépayé,Non,Oui,20000,Orange Money,193,47,3,3025,37,0,0,0,Service correct dans l'ensemble.,Non
CLI01450,Conakry,Femme,22,709000,15,Postpayé,Non,Non,32000,Espèces,144,86,2,1460,4,2,0,1,Service client reactif et efficace.,Non
CLI01451,Conakry,Homme,31,749000,39,Illimité,Non,Oui,67000,Espèces,194,37,3,193,13,2,1,10,"Utilisation standard, pas de souci majeur.",Non
CLI01452,N'Zérékoré,Homme,33,855000,6,Prépayé,Non,Non,73000,Espèces,75,71,6,3775,14,5,0,5,Service correct dans l'ensemble.,Oui
CLI01453,Conakry,Femme,33,361000,30,Postpayé,Non,Non,13000,Orange Money,186,124,5,50,2,0,1,0,Service client reactif et efficace.,Non
CLI01454,N'Zérékoré,Femme,28,720000,27,Prépayé,Non,Oui,46000,Espèces,147,85,1,1369,42,1,0,9,Le service client ne repond jamais rapidement.,Oui
CLI01455,Mamou,Femme,37,1454000,16,Postpayé,Oui,Non,90000,Espèces,119,127,0,1615,12,0,1,1,Content de la couverture reseau dans ma zone.,Non
CLI01456,Mamou,Femme,39,433000,6,Postpayé,Oui,Oui,19000,Carte bancaire,226,83,34,2571,43,3,2,1,"Je pense changer d'operateur, trop de pannes.",Oui
CLI01457,Mamou,Femme,38,418000,1,Prépayé,Non,Non,17000,Orange Money,239,126,18,3162,24,1,0,0,"Je pense changer d'operateur, trop de pannes.",Oui
CLI01458,N'Zérékoré,Femme,26,1622000,14,Illimité,Non,Oui,135000,Orange Money,156,147,7,592,79,0,0,0,Tres satisfait du reseau et du service.,Non
CLI01459,Conakry,Femme,30,854000,44,Prépayé,Non,Oui,39000,Virement bancaire,214,44,4,2324,56,3,0,5,Aucun probleme depuis mon inscription.,Non
CLI01460,N'Zérékoré,Femme,22,340000,6,Prépayé,Non,Oui,28000,Orange Money,253,94,1,2233,7,0,0,0,Tres satisfait du reseau et du service.,Non
CLI01461,Kindia,Femme,26,452000,7,Prépayé,Oui,Non,22000,Carte bancaire,123,93,56,2999,77,1,0,0,"Utilisation standard, pas de souci majeur.",Oui
CLI01462,Conakry,Femme,41,492000,96,Prépayé,Non,Oui,43000,Espèces,191,65,4,3780,11,1,0,1,Rien de particulier a signaler.,Non
CLI01463,N'Zérékoré,Femme,32,900000,19,Illimité,Non,Oui,50000,Espèces,188,36,10,889,22,3,2,0,Tres decu par la qualite du reseau en ce moment.,Oui
CLI01464,Conakry,Femme,32,995000,6,Illimité,Non,Oui,74000,Espèces,180,127,4,3037,2,1,1,0,Service client reactif et efficace.,Non
CLI01465,Boké,Femme,45,1086000,18,Illimité,Non,Non,49000,Orange Money,174,107,2,2301,30,1,0,0,"Bon rapport qualite prix, je recommande.",Non
CLI01466,Kankan,Femme,28,1259000,39,Prépayé,Non,Non,109000,Virement bancaire,209,101,2,1501,36,3,0,3,Le service client ne repond jamais rapidement.,Oui
CLI01467,Conakry,Femme,34,1005000,10,Postpayé,Non,Non,36000,Carte bancaire,246,87,1,1107,4,0,2,1,Service correct dans l'ensemble.,Non
CLI01468,Faranah,Femme,19,843000,14,Prépayé,Non,Non,53000,Espèces,136,81,1,4446,21,1,0,0,Facturation incorrecte plusieurs fois de suite.,Oui
CLI01469,Mamou,Homme,44,1080000,9,Prépayé,Non,Non,39000,Espèces,308,61,4,1183,37,1,1,0,"Bon rapport qualite prix, je recommande.",Non
CLI01470,Faranah,Homme,32,437000,22,Prépayé,Non,Non,20000,Carte bancaire,128,71,12,4552,91,2,0,4,"Utilisation standard, pas de souci majeur.",Oui
CLI01471,Conakry,Femme,42,1660000,3,Prépayé,Non,Non,83000,Orange Money,174,92,2,1103,27,0,0,0,Aucun probleme depuis mon inscription.,Non
CLI01472,Faranah,Homme,42,711000,43,Prépayé,Non,Non,51000,Espèces,220,114,8,4146,36,2,2,0,Trop cher par rapport a la qualite recue.,Oui
CLI01473,Kankan,Homme,34,755000,35,Prépayé,Oui,Oui,43000,Virement bancaire,150,116,6,1502,3,1,0,1,Service correct dans l'ensemble.,Non
CLI01474,Conakry,Homme,40,1010000,11,Prépayé,Non,Non,51000,Carte bancaire,238,35,9,2412,8,1,1,1,"Utilisation standard, pas de souci majeur.",Non
CLI01475,N'Zérékoré,Femme,19,357000,16,Prépayé,Non,Oui,26000,Espèces,146,78,0,2216,11,0,1,1,Tres satisfait du reseau et du service.,Non
CLI01476,N'Zérékoré,Femme,28,546000,13,Postpayé,Non,Non,45000,Espèces,250,51,2,1486,27,4,0,14,"Je pense changer d'operateur, trop de pannes.",Oui
CLI01477,Kindia,Femme,18,768000,7,Illimité,Non,Non,38000,Orange Money,189,48,5,5372,20,0,1,7,Tres satisfait du reseau et du service.,Non
CLI01478,N'Zérékoré,Homme,44,562000,24,Prépayé,Non,Non,49000,Orange Money,239,127,3,1734,40,3,0,0,Tres decu par la qualite du reseau en ce moment.,Oui
CLI01479,N'Zérékoré,Femme,40,497000,2,Postpayé,Oui,Oui,35000,Orange Money,216,76,50,2245,0,0,0,2,Rien de particulier a signaler.,Non
CLI01480,Conakry,Femme,49,654000,51,Postpayé,Non,Oui,46000,Carte bancaire,93,143,4,3230,2,1,1,2,Tres satisfait du reseau et du service.,Non
CLI01481,Faranah,Homme,48,1083000,14,Postpayé,Non,Non,82000,Orange Money,212,79,1,1149,12,0,0,0,Service client reactif et efficace.,Non
CLI01482,N'Zérékoré,Homme,51,1840000,25,Prépayé,Non,Oui,98000,Espèces,214,166,0,3524,7,2,1,8,"Utilisation standard, pas de souci majeur.",Non
CLI01483,Kankan,Femme,32,1053000,38,Postpayé,Non,Oui,76000,Orange Money,207,51,5,2195,76,1,0,1,Offres interessantes et service fiable.,Non
CLI01484,Conakry,Homme,19,1354000,22,Prépayé,Non,Oui,112000,Orange Money,143,61,2,3171,19,1,0,1,Service client reactif et efficace.,Non
CLI01485,Kindia,Femme,30,1134000,11,Postpayé,Non,Non,98000,Orange Money,239,85,7,1985,6,2,0,2,Service client reactif et efficace.,Non
CLI01486,Labé,Femme,56,1716000,16,Postpayé,Non,Oui,78000,Espèces,156,76,0,2254,2,1,0,0,Tres satisfait du reseau et du service.,Non
CLI01487,Kindia,Femme,40,1212000,3,Prépayé,Non,Non,60000,Orange Money,276,109,7,2351,26,1,0,6,"Utilisation standard, pas de souci majeur.",Oui
CLI01488,Kindia,Femme,47,300000,22,Prépayé,Non,Oui,24000,Espèces,280,0,3,200,19,1,0,0,Aucun probleme depuis mon inscription.,Non
CLI01489,Conakry,Homme,42,1123000,2,Postpayé,Oui,Non,40000,Orange Money,194,163,34,1813,40,3,1,1,Facturation incorrecte plusieurs fois de suite.,Oui
CLI01490,Conakry,Homme,40,739000,11,Prépayé,Non,Oui,61000,Espèces,135,106,4,3435,33,1,2,2,"Je pense changer d'operateur, trop de pannes.",Oui
CLI01491,Kindia,Femme,31,988000,23,Prépayé,Non,Oui,63000,Espèces,240,135,0,1846,29,1,0,0,Rien de particulier a signaler.,Non
CLI01492,Boké,Homme,22,896000,5,Postpayé,Oui,Oui,40000,Orange Money,85,54,33,2214,3,2,1,2,Content de la couverture reseau dans ma zone.,Non
CLI01493,Labé,Homme,44,576000,22,Prépayé,Non,Oui,35000,Carte bancaire,129,152,3,2498,9,0,1,0,Service correct dans l'ensemble.,Oui
CLI01494,N'Zérékoré,Femme,25,1329000,26,Prépayé,Non,Oui,87000,Espèces,170,19,2,1047,34,1,0,0,"Utilisation standard, pas de souci majeur.",Non
CLI01495,Conakry,Homme,52,1116000,3,Postpayé,Non,Oui,81000,Espèces,213,113,0,3744,49,1,1,0,Trop de coupures de reseau ces derniers temps.,Oui
CLI01496,Kindia,Homme,40,719000,1,Postpayé,Non,Oui,61000,Espèces,80,166,0,4058,13,0,0,0,"Bon rapport qualite prix, je recommande.",Non
CLI01497,Kankan,Homme,41,530000,21,Prépayé,Non,Oui,46000,Orange Money,96,93,4,2065,16,1,1,2,Service correct dans l'ensemble.,Non
CLI01498,Kankan,Femme,35,451000,50,Prépayé,Non,Oui,39000,Carte bancaire,0,106,4,1885,9,0,0,1,Offres interessantes et service fiable.,Non
CLI01499,Conakry,Femme,18,931000,27,Postpayé,Non,Oui,46000,Orange Money,150,128,0,50,18,3,0,2,Service client reactif et efficace.,Non
CLI01500,Mamou,Femme,25,1716000,5,Prépayé,Non,Oui,75000,Orange Money,236,122,6,728,16,1,0,5,Le forfait ne correspond plus a mes besoins.,Oui
CLI01501,Conakry,Femme,44,444000,15,Prépayé,Non,Oui,29000,Orange Money,118,103,8,3593,34,2,1,2,Service client reactif et efficace.,Non
CLI01502,N'Zérékoré,Homme,21,741000,5,Prépayé,Non,Oui,36000,Orange Money,96,23,0,1097,39,0,1,8,Le service client ne repond jamais rapidement.,Oui
CLI01503,Conakry,Femme,21,876000,47,Postpayé,Non,Oui,40000,Espèces,210,7,6,5175,59,1,1,2,Service client reactif et efficace.,Non
CLI01504,Labé,Femme,50,1008000,21,Prépayé,Non,Oui,69000,Espèces,104,88,12,1828,1,0,0,0,Aucun probleme depuis mon inscription.,Non
CLI01505,Boké,Homme,18,1336000,1,Prépayé,Oui,Oui,80000,Orange Money,250,102,46,3888,16,2,0,3,Trop de coupures de reseau ces derniers temps.,Oui
CLI01506,Labé,Femme,33,1164000,11,Postpayé,Non,Oui,73000,Orange Money,249,133,5,4780,3,0,0,0,Rien de particulier a signaler.,Non
CLI01507,Conakry,Homme,38,460000,39,Prépayé,Non,Oui,38000,Orange Money,326,95,1,2137,4,1,2,0,Content de la couverture reseau dans ma zone.,Non
CLI01508,Kindia,Homme,55,517000,2,Illimité,Non,Oui,30000,Espèces,137,80,2,2809,20,1,0,6,Trop cher par rapport a la qualite recue.,Oui
CLI01509,Conakry,Femme,46,1596000,2,Prépayé,Non,Oui,85000,Orange Money,151,140,0,2166,11,1,0,12,"Utilisation standard, pas de souci majeur.",Non
CLI01510,Labé,Homme,39,772000,20,Postpayé,Non,Oui,46000,Virement bancaire,61,115,4,1655,20,0,1,1,Aucun probleme depuis mon inscription.,Non
CLI01511,Boké,Femme,18,447000,4,Prépayé,Oui,Non,31000,Carte bancaire,184,77,31,1900,8,2,0,0,Service client reactif et efficace.,Non
CLI01512,Labé,Femme,31,888000,24,Prépayé,Non,Oui,64000,Espèces,214,100,7,1829,11,1,0,1,Service client reactif et efficace.,Non
CLI01513,Labé,Homme,18,998000,16,Prépayé,Non,Non,35000,Orange Money,177,80,2,2844,74,2,1,0,Aucun probleme depuis mon inscription.,Non
CLI01514,Mamou,Homme,37,1472000,7,Postpayé,Oui,Non,123000,Carte bancaire,142,73,47,1310,15,0,2,0,Offres interessantes et service fiable.,Non
CLI01515,N'Zérékoré,Homme,19,1064000,34,Postpayé,Non,Non,58000,Espèces,72,123,5,2886,27,3,0,0,Service correct dans l'ensemble.,Non
CLI01516,Labé,Homme,45,971000,44,Prépayé,Non,Oui,71000,Orange Money,209,71,7,2174,192,2,0,2,Aucune reponse a mes reclamations depuis un mois.,Oui
CLI01517,Labé,Homme,41,674000,2,Postpayé,Non,Oui,27000,Espèces,58,93,3,3832,21,1,0,8,Aucun probleme depuis mon inscription.,Non
CLI01518,Labé,Homme,28,508000,2,Postpayé,Non,Non,39000,Carte bancaire,164,119,4,1719,3,1,0,0,"Utilisation standard, pas de souci majeur.",Non
CLI01519,Labé,Homme,39,435000,38,Postpayé,Non,Oui,32000,Orange Money,152,78,2,3487,19,1,0,0,Tres satisfait du reseau et du service.,Non
CLI01520,Kindia,Homme,37,1093000,5,Prépayé,Non,Oui,94000,Carte bancaire,170,129,14,2364,25,2,0,0,Content de la couverture reseau dans ma zone.,Non
CLI01521,Conakry,Homme,35,734000,73,Postpayé,Non,Non,61000,Orange Money,245,181,3,2573,17,2,1,16,Aucun probleme depuis mon inscription.,Non
CLI01522,Labé,Femme,34,425000,27,Prépayé,Non,Oui,17000,Orange Money,51,32,3,1091,9,0,1,5,Content de la couverture reseau dans ma zone.,Non
CLI01523,Conakry,Femme,42,637000,33,Prépayé,Non,Oui,22000,Espèces,171,106,3,3435,5,2,0,11,Offres interessantes et service fiable.,Non
CLI01524,Mamou,Homme,35,822000,10,Prépayé,Non,Non,42000,Orange Money,236,60,4,2236,23,1,0,5,Service client reactif et efficace.,Non
CLI01525,Kankan,Femme,30,823000,2,Prépayé,Non,Non,71000,Orange Money,231,88,2,3038,6,5,1,1,Tres decu par la qualite du reseau en ce moment.,Oui
CLI01526,Kankan,Homme,38,370000,18,Prépayé,Non,Oui,18000,Espèces,136,0,3,2556,18,0,2,0,Tres satisfait du reseau et du service.,Non
CLI01527,Kankan,Femme,27,1761000,3,Prépayé,Non,Non,63000,Virement bancaire,167,100,5,1565,15,1,1,16,Trop de coupures de reseau ces derniers temps.,Oui
CLI01528,Conakry,Homme,47,377000,53,Prépayé,Non,Non,26000,Carte bancaire,225,94,2,3504,49,1,1,4,"Je pense changer d'operateur, trop de pannes.",Oui
CLI01529,Conakry,Femme,43,1330000,73,Prépayé,Non,Non,84000,Orange Money,259,68,0,4731,11,1,0,1,Content de la couverture reseau dans ma zone.,Non
CLI01530,Conakry,Homme,18,378000,5,Prépayé,Non,Oui,31000,Orange Money,232,151,4,4635,12,1,0,3,"Utilisation standard, pas de souci majeur.",Non
CLI01531,Labé,Homme,31,657000,38,Postpayé,Non,Non,33000,Virement bancaire,141,68,6,1783,20,0,0,0,Aucune reponse a mes reclamations depuis un mois.,Oui
CLI01532,Conakry,Femme,33,1331000,1,Prépayé,Oui,Non,71000,Espèces,144,52,65,644,20,5,0,0,"Je pense changer d'operateur, trop de pannes.",Oui
CLI01533,Conakry,Homme,34,1090000,13,Prépayé,Non,Oui,92000,Espèces,218,32,1,2832,0,1,0,1,"Je pense changer d'operateur, trop de pannes.",Oui
CLI01534,N'Zérékoré,Homme,40,904000,12,Postpayé,Non,Non,67000,Orange Money,225,139,1,4415,49,1,0,0,Offres interessantes et service fiable.,Non
CLI01535,Kindia,Femme,48,730000,12,Prépayé,Non,Oui,34000,Carte bancaire,149,93,4,1800,25,0,0,0,Content de la couverture reseau dans ma zone.,Non
CLI01536,Conakry,Femme,50,621000,40,Postpayé,Oui,Oui,29000,Carte bancaire,351,74,59,2694,19,1,0,1,"Utilisation standard, pas de souci majeur.",Non
CLI01537,Labé,Homme,18,944000,20,Prépayé,Non,Non,46000,Espèces,182,86,1,3008,14,1,0,0,"Je pense changer d'operateur, trop de pannes.",Oui
CLI01538,Faranah,Homme,44,1654000,5,Illimité,Non,Oui,135000,Orange Money,194,40,1,320,14,0,1,0,Rien de particulier a signaler.,Non
CLI01539,Boké,Homme,18,583000,39,Postpayé,Oui,Non,50000,Carte bancaire,222,82,27,2301,17,1,0,15,Trop de coupures de reseau ces derniers temps.,Oui
CLI01540,Conakry,Femme,45,300000,4,Prépayé,Non,Oui,14000,Espèces,236,108,1,3617,42,1,0,5,"Bon rapport qualite prix, je recommande.",Non
CLI01541,Labé,Femme,39,1178000,44,Postpayé,Non,Oui,76000,Virement bancaire,92,116,4,1935,19,0,0,4,Aucun probleme depuis mon inscription.,Non
CLI01542,Conakry,Homme,26,1485000,76,Postpayé,Non,Non,74000,Orange Money,149,132,3,2109,55,2,2,0,Offres interessantes et service fiable.,Non
CLI01543,Faranah,Homme,29,585000,18,Postpayé,Non,Oui,19000,Espèces,82,82,1,1492,1,0,1,0,Service client reactif et efficace.,Non
CLI01544,N'Zérékoré,Homme,29,585000,6,Illimité,Non,Oui,35000,Orange Money,285,120,1,2014,2,0,0,9,Tres satisfait du reseau et du service.,Non
CLI01545,Conakry,Femme,47,1477000,9,Postpayé,Non,Non,83000,Espèces,132,72,3,1071,5,3,0,0,Content de la couverture reseau dans ma zone.,Non
CLI01546,Labé,Femme,28,1101000,1,Prépayé,Oui,Oui,47000,Orange Money,174,101,45,2212,5,2,0,5,Rien de particulier a signaler.,Oui
CLI01547,Kankan,Femme,30,511000,54,Postpayé,Oui,Oui,45000,Virement bancaire,171,72,56,2925,16,0,0,0,Rien de particulier a signaler.,Non
CLI01548,Mamou,Homme,39,336000,40,Postpayé,Non,Non,30000,Orange Money,186,104,3,4327,77,3,0,0,Le service client ne repond jamais rapidement.,Oui
CLI01549,Conakry,Homme,52,510000,1,Postpayé,Non,Non,29000,Orange Money,159,106,5,2931,37,1,0,8,Le service client ne repond jamais rapidement.,Oui
CLI01550,Conakry,Femme,28,565000,21,Prépayé,Oui,Non,45000,Orange Money,108,72,36,4349,8,0,0,0,Content de la couverture reseau dans ma zone.,Non
CLI01551,Boké,Homme,37,300000,12,Postpayé,Oui,Oui,18000,Orange Money,141,100,34,2938,2,1,1,9,Tres satisfait du reseau et du service.,Non
CLI01552,Conakry,Femme,26,573000,43,Prépayé,Non,Oui,18000,Carte bancaire,237,57,0,2610,13,2,0,0,Rien de particulier a signaler.,Non
CLI01553,Kankan,Homme,45,300000,6,Prépayé,Non,Oui,25000,Espèces,259,20,0,50,43,0,0,0,Rien de particulier a signaler.,Non
CLI01554,Labé,Homme,22,566000,14,Prépayé,Oui,Oui,31000,Orange Money,67,116,47,3098,51,1,0,0,Content de la couverture reseau dans ma zone.,Non
CLI01555,Kindia,Homme,38,2293000,4,Prépayé,Non,Non,197000,Espèces,165,40,1,2265,47,1,1,3,Aucun probleme depuis mon inscription.,Non
CLI01556,Kankan,Femme,39,408000,15,Prépayé,Oui,Oui,19000,Espèces,72,76,39,1009,3,2,0,0,Service client reactif et efficace.,Non
CLI01557,Conakry,Homme,30,852000,36,Prépayé,Oui,Non,29000,Carte bancaire,183,63,65,3146,17,0,1,8,Service correct dans l'ensemble.,Non
CLI01558,Labé,Femme,46,332000,39,Prépayé,Non,Oui,24000,Espèces,198,48,13,2824,64,2,0,0,Trop de coupures de reseau ces derniers temps.,Oui
CLI01559,Boké,Homme,54,1302000,36,Illimité,Non,Non,54000,Virement bancaire,236,54,0,3101,22,1,0,0,"Bon rapport qualite prix, je recommande.",Non
CLI01560,Conakry,Femme,34,596000,7,Postpayé,Non,Non,29000,Orange Money,199,100,2,3643,42,0,2,4,Trop de coupures de reseau ces derniers temps.,Oui
CLI01561,Kankan,Homme,38,2181000,35,Postpayé,Oui,Non,76000,Espèces,200,67,19,2785,8,3,0,0,Facturation incorrecte plusieurs fois de suite.,Oui
CLI01562,Faranah,Femme,36,676000,11,Prépayé,Oui,Oui,43000,Orange Money,202,118,55,3339,28,0,0,2,Content de la couverture reseau dans ma zone.,Non
CLI01563,Conakry,Femme,47,1175000,8,Prépayé,Non,Non,67000,Espèces,172,106,3,4170,2,1,0,7,Rien de particulier a signaler.,Non
CLI01564,Boké,Femme,43,896000,4,Postpayé,Non,Non,30000,Orange Money,145,49,1,3000,6,1,0,0,Service correct dans l'ensemble.,Non
CLI01565,Kindia,Homme,35,300000,41,Prépayé,Non,Oui,26000,Orange Money,157,97,0,3316,58,1,0,0,Service correct dans l'ensemble.,Non
CLI01566,N'Zérékoré,Homme,34,948000,12,Prépayé,Non,Non,48000,Orange Money,176,153,1,2151,34,1,3,15,"Utilisation standard, pas de souci majeur.",Oui
CLI01567,Mamou,Femme,26,1393000,9,Prépayé,Non,Oui,93000,Orange Money,126,75,7,941,10,0,0,0,Offres interessantes et service fiable.,Non
CLI01568,N'Zérékoré,Femme,31,450000,1,Prépayé,Non,Non,33000,Espèces,252,121,0,2900,6,3,0,4,Service client reactif et efficace.,Non
CLI01569,Faranah,Homme,34,1200000,2,Prépayé,Oui,Non,41000,Espèces,210,40,10,3538,6,0,0,2,"Bon rapport qualite prix, je recommande.",Non
CLI01570,Kankan,Homme,52,1590000,43,Postpayé,Non,Non,141000,Orange Money,212,101,3,1461,0,1,0,0,Service correct dans l'ensemble.,Non
CLI01571,Kindia,Femme,43,400000,35,Prépayé,Non,Non,14000,Orange Money,208,190,2,2479,14,0,0,8,"Utilisation standard, pas de souci majeur.",Non
CLI01572,Kankan,Homme,18,552000,21,Prépayé,Oui,Oui,22000,Orange Money,257,60,57,983,10,1,1,0,Trop de coupures de reseau ces derniers temps.,Oui
CLI01573,Kindia,Femme,29,1466000,70,Illimité,Non,Oui,59000,Orange Money,76,109,2,2735,50,0,0,5,Facturation incorrecte plusieurs fois de suite.,Oui
CLI01574,Kankan,Homme,47,1714000,5,Prépayé,Non,Oui,120000,Espèces,167,107,2,1280,17,5,2,0,Content de la couverture reseau dans ma zone.,Non
CLI01575,Faranah,Homme,46,1025000,17,Postpayé,Non,Non,40000,Espèces,236,186,1,50,3,1,1,0,Content de la couverture reseau dans ma zone.,Non
CLI01576,Boké,Femme,18,1463000,87,Postpayé,Non,Oui,88000,Orange Money,205,83,1,1249,49,2,3,0,Service correct dans l'ensemble.,Non
CLI01577,Conakry,Homme,33,1072000,9,Prépayé,Oui,Non,86000,Espèces,174,95,47,1184,26,0,0,0,Aucun probleme depuis mon inscription.,Non
CLI01578,Labé,Femme,51,496000,9,Prépayé,Non,Non,33000,Virement bancaire,217,95,0,4724,28,4,0,0,Le forfait ne correspond plus a mes besoins.,Oui
CLI01579,Mamou,Homme,27,331000,18,Prépayé,Non,Oui,21000,Espèces,196,130,3,3362,6,0,1,5,Service correct dans l'ensemble.,Non
CLI01580,Mamou,Femme,30,1610000,3,Postpayé,Non,Oui,73000,Orange Money,198,132,2,2189,9,1,0,0,Service correct dans l'ensemble.,Oui
CLI01581,Conakry,Homme,35,504000,47,Prépayé,Non,Non,19000,Espèces,111,168,6,2884,12,2,0,2,"Utilisation standard, pas de souci majeur.",Non
CLI01582,Conakry,Homme,23,514000,1,Illimité,Non,Oui,44000,Carte bancaire,161,107,1,3165,12,1,0,4,Offres interessantes et service fiable.,Non
CLI01583,Labé,Homme,46,472000,32,Illimité,Non,Oui,29000,Espèces,167,38,1,2146,19,1,0,0,Offres interessantes et service fiable.,Non
CLI01584,Kankan,Homme,36,500000,11,Prépayé,Oui,Oui,21000,Espèces,122,111,18,1195,4,1,3,0,Facturation incorrecte plusieurs fois de suite.,Oui
CLI01585,Conakry,Homme,36,1095000,66,Prépayé,Non,Oui,80000,Espèces,215,139,6,2321,35,3,1,3,Aucun probleme depuis mon inscription.,Non
CLI01586,Kankan,Femme,27,827000,3,Prépayé,Non,Oui,59000,Virement bancaire,282,161,0,2938,12,1,1,0,"Bon rapport qualite prix, je recommande.",Non
CLI01587,N'Zérékoré,Homme,45,1104000,43,Prépayé,Oui,Non,78000,Orange Money,142,90,24,3961,3,1,2,0,Facturation incorrecte plusieurs fois de suite.,Oui
CLI01588,Conakry,Homme,30,557000,25,Postpayé,Non,Oui,35000,Carte bancaire,122,0,1,50,38,0,0,1,Aucun probleme depuis mon inscription.,Non
CLI01589,Faranah,Femme,26,679000,15,Prépayé,Non,Oui,51000,Espèces,142,168,2,50,4,2,0,0,Trop de coupures de reseau ces derniers temps.,Oui
CLI01590,Kindia,Homme,32,367000,1,Prépayé,Non,Non,15000,Orange Money,206,89,3,3719,18,0,0,0,Service correct dans l'ensemble.,Non
CLI01591,Conakry,Homme,20,300000,8,Prépayé,Non,Non,16000,Orange Money,124,93,2,433,2,1,0,2,Service correct dans l'ensemble.,Non
CLI01592,Conakry,Femme,28,433000,1,Postpayé,Non,Non,36000,Carte bancaire,217,75,1,2837,53,1,1,1,Le service client ne repond jamais rapidement.,Oui
CLI01593,Kindia,Homme,59,405000,16,Postpayé,Non,Non,16000,Carte bancaire,242,98,0,2355,5,0,2,1,Aucun probleme depuis mon inscription.,Non
CLI01594,Conakry,Femme,26,300000,29,Prépayé,Non,Non,12000,Orange Money,262,40,3,2364,3,1,0,0,Offres interessantes et service fiable.,Non
CLI01595,Faranah,Femme,24,644000,12,Prépayé,Oui,Non,38000,Virement bancaire,87,12,39,1527,49,0,0,12,Service correct dans l'ensemble.,Oui
CLI01596,Boké,Femme,34,738000,16,Postpayé,Oui,Oui,59000,Orange Money,236,93,70,5109,3,2,0,0,Trop cher par rapport a la qualite recue.,Oui
CLI01597,Kindia,Femme,38,373000,81,Prépayé,Non,Oui,18000,Espèces,140,163,0,1851,4,0,0,4,Service correct dans l'ensemble.,Non
CLI01598,Kankan,Homme,39,384000,47,Prépayé,Oui,Non,24000,Orange Money,106,114,54,1828,3,4,2,0,"Je pense changer d'operateur, trop de pannes.",Oui
CLI01599,N'Zérékoré,Femme,37,890000,5,Illimité,Non,Oui,79000,Carte bancaire,217,77,2,1142,30,1,0,4,Offres interessantes et service fiable.,Non
CLI01600,Boké,Homme,18,648000,27,Prépayé,Non,Oui,57000,Virement bancaire,189,21,0,3976,8,0,0,1,Aucun probleme depuis mon inscription.,Non
CLI01601,Kindia,Femme,29,419000,83,Prépayé,Non,Non,30000,Carte bancaire,317,82,1,1854,24,0,0,0,"Bon rapport qualite prix, je recommande.",Non
CLI01602,Labé,Femme,18,621000,8,Postpayé,Oui,Oui,53000,Orange Money,106,155,23,301,6,0,1,0,Rien de particulier a signaler.,Non
CLI01603,Kindia,Homme,42,503000,52,Illimité,Non,Oui,22000,Orange Money,246,133,1,2586,47,1,2,3,Offres interessantes et service fiable.,Non
CLI01604,Kankan,Homme,38,662000,7,Prépayé,Non,Oui,22000,Orange Money,212,36,2,1875,50,0,0,4,Facturation incorrecte plusieurs fois de suite.,Oui
CLI01605,Conakry,Homme,43,344000,9,Illimité,Non,Oui,14000,Espèces,194,78,2,2429,55,0,2,0,Aucune reponse a mes reclamations depuis un mois.,Oui
CLI01606,Conakry,Homme,18,568000,29,Prépayé,Non,Oui,45000,Orange Money,177,39,1,4115,1,1,1,3,"Utilisation standard, pas de souci majeur.",Non
CLI01607,Conakry,Femme,18,1077000,50,Postpayé,Non,Non,75000,Orange Money,131,61,3,3179,24,0,0,0,Service correct dans l'ensemble.,Non
CLI01608,Conakry,Homme,35,422000,34,Prépayé,Non,Non,37000,Espèces,287,46,8,3373,16,0,0,4,Service client reactif et efficace.,Non
CLI01609,Conakry,Homme,23,3104000,10,Prépayé,Non,Oui,220000,Orange Money,220,117,2,2555,52,1,0,1,Service correct dans l'ensemble.,Non
CLI01610,N'Zérékoré,Femme,21,818000,1,Illimité,Non,Non,64000,Espèces,238,139,2,2594,74,0,0,0,Aucun probleme depuis mon inscription.,Non
CLI01611,Mamou,Femme,25,300000,29,Prépayé,Oui,Non,16000,Virement bancaire,137,97,32,1943,24,1,1,0,Le service client ne repond jamais rapidement.,Oui
CLI01612,Labé,Femme,18,450000,12,Prépayé,Non,Non,27000,Virement bancaire,197,87,2,3430,2,0,0,0,Service client reactif et efficace.,Non
CLI01613,N'Zérékoré,Homme,18,593000,3,Postpayé,Non,Oui,52000,Orange Money,264,64,0,950,6,1,0,5,Service correct dans l'ensemble.,Non
CLI01614,Labé,Homme,38,831000,3,Prépayé,Non,Oui,60000,Virement bancaire,184,100,6,2347,14,2,3,0,Le forfait ne correspond plus a mes besoins.,Oui
CLI01615,Faranah,Homme,37,342000,2,Prépayé,Non,Oui,16000,Carte bancaire,219,52,3,2443,9,0,1,0,Service client reactif et efficace.,Non
CLI01616,Conakry,Homme,42,959000,10,Prépayé,Non,Oui,65000,Orange Money,137,104,5,2283,13,0,1,3,Rien de particulier a signaler.,Non
CLI01617,Conakry,Femme,37,559000,23,Prépayé,Non,Non,20000,Carte bancaire,170,138,1,2751,42,1,1,0,Rien de particulier a signaler.,Non
CLI01618,Labé,Homme,35,1358000,5,Illimité,Non,Non,102000,Carte bancaire,134,73,2,2938,13,2,0,0,Aucun probleme depuis mon inscription.,Non
CLI01619,Kankan,Homme,39,754000,25,Postpayé,Non,Non,41000,Orange Money,143,59,1,1897,18,2,1,2,Rien de particulier a signaler.,Oui
CLI01620,Conakry,Femme,31,455000,10,Prépayé,Non,Non,27000,Virement bancaire,212,129,1,1193,6,1,0,0,"Je pense changer d'operateur, trop de pannes.",Oui
CLI01621,Boké,Homme,35,373000,16,Prépayé,Non,Oui,17000,Espèces,93,88,11,3457,80,1,1,1,Service correct dans l'ensemble.,Oui
CLI01622,Conakry,Femme,32,689000,70,Prépayé,Non,Oui,61000,Carte bancaire,116,70,1,2175,43,2,0,7,Le forfait ne correspond plus a mes besoins.,Oui
CLI01623,Conakry,Homme,18,1115000,9,Postpayé,Non,Oui,64000,Orange Money,226,97,1,3818,24,2,0,8,Aucune reponse a mes reclamations depuis un mois.,Oui
CLI01624,Labé,Femme,38,918000,3,Prépayé,Non,Oui,49000,Orange Money,110,110,0,2904,30,1,0,1,Service correct dans l'ensemble.,Non
CLI01625,N'Zérékoré,Homme,52,1049000,3,Prépayé,Non,Oui,77000,Espèces,52,92,1,3495,86,1,0,2,Rien de particulier a signaler.,Non
CLI01626,N'Zérékoré,Femme,50,715000,96,Prépayé,Non,Oui,52000,Orange Money,165,94,4,1278,20,1,0,8,Service client reactif et efficace.,Non
CLI01627,Labé,Homme,31,703000,13,Postpayé,Non,Non,26000,Espèces,153,128,2,3812,25,0,0,9,Service correct dans l'ensemble.,Non
CLI01628,Conakry,Femme,38,694000,12,Prépayé,Non,Non,36000,Espèces,190,79,9,3273,30,0,0,0,Le service client ne repond jamais rapidement.,Oui
CLI01629,Conakry,Homme,36,912000,11,Prépayé,Non,Non,40000,Orange Money,196,21,4,1948,18,0,2,0,Le forfait ne correspond plus a mes besoins.,Oui
CLI01630,Mamou,Homme,53,765000,15,Postpayé,Non,Non,35000,Carte bancaire,208,118,2,1766,4,2,1,1,Service client reactif et efficace.,Non
CLI01631,N'Zérékoré,Femme,52,520000,16,Prépayé,Non,Oui,42000,Orange Money,164,183,2,1774,4,0,0,10,"Bon rapport qualite prix, je recommande.",Non
CLI01632,Conakry,Homme,26,668000,10,Prépayé,Non,Oui,31000,Orange Money,271,26,6,1771,7,1,0,0,Service client reactif et efficace.,Non
CLI01633,Kankan,Femme,26,653000,4,Postpayé,Non,Oui,39000,Orange Money,132,76,2,2159,16,0,0,0,Offres interessantes et service fiable.,Non
CLI01634,Kankan,Homme,29,897000,29,Prépayé,Non,Non,32000,Espèces,104,93,2,1747,1,2,0,0,Rien de particulier a signaler.,Non
CLI01635,Conakry,Femme,28,553000,96,Prépayé,Non,Non,21000,Orange Money,216,64,2,1272,90,1,1,2,"Utilisation standard, pas de souci majeur.",Non
CLI01636,N'Zérékoré,Homme,50,1707000,11,Prépayé,Non,Oui,83000,Orange Money,216,33,2,5368,9,3,0,10,Rien de particulier a signaler.,Non
CLI01637,Labé,Femme,18,1571000,39,Prépayé,Non,Non,78000,Espèces,207,98,5,3664,27,0,1,0,Aucun probleme depuis mon inscription.,Non
CLI01638,Kankan,Femme,22,1327000,1,Prépayé,Non,Non,65000,Orange Money,236,147,3,1247,3,0,1,0,Le forfait ne correspond plus a mes besoins.,Oui
CLI01639,Mamou,Homme,19,1231000,48,Prépayé,Non,Non,42000,Orange Money,160,81,6,3430,12,1,0,2,Le forfait ne correspond plus a mes besoins.,Oui
CLI01640,Mamou,Femme,27,552000,29,Postpayé,Oui,Oui,46000,Orange Money,214,174,53,1992,7,3,1,0,Aucun probleme depuis mon inscription.,Non
CLI01641,Kankan,Homme,41,593000,9,Prépayé,Oui,Non,26000,Espèces,255,108,40,3351,0,3,3,0,Aucune reponse a mes reclamations depuis un mois.,Oui
CLI01642,Faranah,Femme,22,437000,48,Illimité,Oui,Oui,26000,Orange Money,374,37,40,3259,14,1,1,0,Service client reactif et efficace.,Non
CLI01643,Kindia,Homme,43,516000,23,Prépayé,Non,Oui,42000,Orange Money,225,115,5,3216,3,2,0,1,"Utilisation standard, pas de souci majeur.",Non
CLI01644,Kindia,Homme,52,978000,1,Prépayé,Non,Oui,56000,Espèces,154,81,5,1941,16,2,0,4,Tres satisfait du reseau et du service.,Non
CLI01645,N'Zérékoré,Homme,36,750000,8,Postpayé,Non,Oui,54000,Virement bancaire,188,91,3,2165,17,2,0,0,Tres satisfait du reseau et du service.,Non
CLI01646,Conakry,Homme,47,477000,1,Prépayé,Non,Oui,24000,Espèces,248,52,4,2298,1,3,0,0,Le forfait ne correspond plus a mes besoins.,Oui
CLI01647,Kindia,Homme,32,1050000,12,Prépayé,Non,Non,40000,Espèces,174,149,0,50,8,1,0,2,Aucun probleme depuis mon inscription.,Non
CLI01648,Conakry,Femme,38,943000,5,Postpayé,Non,Oui,63000,Virement bancaire,151,129,0,3477,15,2,1,0,"Je pense changer d'operateur, trop de pannes.",Oui
CLI01649,Kindia,Homme,31,681000,28,Prépayé,Non,Oui,58000,Espèces,160,68,6,2312,47,4,0,4,Service client reactif et efficace.,Non
CLI01650,Labé,Homme,46,912000,1,Postpayé,Non,Non,38000,Espèces,323,108,6,3715,6,0,1,0,Trop de coupures de reseau ces derniers temps.,Oui
CLI01651,Conakry,Femme,38,975000,28,Prépayé,Non,Non,62000,Carte bancaire,311,91,3,2895,22,0,0,1,Rien de particulier a signaler.,Non
CLI01652,Boké,Homme,41,362000,19,Prépayé,Non,Non,15000,Espèces,199,26,1,3141,49,0,0,7,Content de la couverture reseau dans ma zone.,Non
CLI01653,Labé,Homme,44,520000,9,Prépayé,Non,Oui,16000,Orange Money,116,155,2,1179,33,0,1,2,"Utilisation standard, pas de souci majeur.",Non
CLI01654,Kindia,Homme,45,717000,8,Prépayé,Oui,Oui,22000,Orange Money,256,79,13,1533,3,2,0,0,Facturation incorrecte plusieurs fois de suite.,Oui
CLI01655,Faranah,Femme,24,734000,2,Prépayé,Non,Oui,31000,Espèces,193,97,5,1716,19,0,0,0,"Bon rapport qualite prix, je recommande.",Non
CLI01656,Labé,Femme,37,625000,17,Prépayé,Non,Oui,38000,Espèces,152,103,0,604,34,2,0,0,Content de la couverture reseau dans ma zone.,Non
CLI01657,Kindia,Homme,26,2231000,36,Prépayé,Non,Non,89000,Espèces,151,66,1,1949,3,2,0,3,Trop cher par rapport a la qualite recue.,Oui
CLI01658,Faranah,Femme,30,702000,13,Prépayé,Oui,Oui,58000,Orange Money,119,98,20,1001,8,2,0,8,Offres interessantes et service fiable.,Non
CLI01659,Labé,Femme,34,453000,8,Illimité,Non,Oui,29000,Orange Money,267,94,0,824,65,0,0,0,Aucun probleme depuis mon inscription.,Non
CLI01660,Boké,Femme,40,1559000,16,Prépayé,Non,Oui,117000,Orange Money,198,81,1,826,75,0,2,0,Offres interessantes et service fiable.,Non
CLI01661,Conakry,Homme,34,817000,26,Postpayé,Oui,Oui,51000,Espèces,218,84,61,1375,19,0,0,4,Content de la couverture reseau dans ma zone.,Non
CLI01662,N'Zérékoré,Femme,32,330000,48,Prépayé,Non,Oui,15000,Orange Money,90,127,3,2463,10,2,1,3,Service correct dans l'ensemble.,Non
CLI01663,Conakry,Homme,48,974000,14,Prépayé,Non,Non,58000,Espèces,190,125,3,2721,10,4,0,0,Facturation incorrecte plusieurs fois de suite.,Oui
CLI01664,Kindia,Homme,39,560000,19,Postpayé,Non,Oui,45000,Virement bancaire,164,76,1,67,15,0,0,0,Content de la couverture reseau dans ma zone.,Non
CLI01665,Labé,Homme,18,621000,1,Prépayé,Non,Non,35000,Orange Money,259,76,6,1997,44,1,1,1,"Bon rapport qualite prix, je recommande.",Non
CLI01666,N'Zérékoré,Homme,38,1527000,14,Postpayé,Non,Non,70000,Espèces,85,90,2,1534,8,2,0,0,Rien de particulier a signaler.,Non
CLI01667,Kindia,Homme,29,590000,59,Prépayé,Non,Non,22000,Orange Money,242,106,1,1611,3,0,0,0,Rien de particulier a signaler.,Non
CLI01668,Conakry,Homme,41,579000,17,Postpayé,Oui,Oui,49000,Virement bancaire,273,8,52,1732,5,0,0,2,"Utilisation standard, pas de souci majeur.",Oui
CLI01669,Faranah,Femme,42,612000,10,Illimité,Non,Non,31000,Orange Money,197,126,0,2449,43,1,2,2,Service correct dans l'ensemble.,Non
CLI01670,N'Zérékoré,Homme,52,1382000,8,Prépayé,Non,Non,95000,Orange Money,263,164,1,2255,10,2,0,0,"Bon rapport qualite prix, je recommande.",Non
CLI01671,Boké,Femme,30,774000,4,Prépayé,Non,Non,68000,Orange Money,91,36,3,1902,1,2,0,0,Tres satisfait du reseau et du service.,Non
CLI01672,N'Zérékoré,Femme,43,646000,24,Illimité,Oui,Non,23000,Espèces,139,47,57,2026,8,2,0,0,Content de la couverture reseau dans ma zone.,Non
CLI01673,Kindia,Femme,32,1269000,2,Prépayé,Non,Oui,59000,Orange Money,218,83,0,2323,17,2,1,0,Aucun probleme depuis mon inscription.,Non
CLI01674,Kankan,Femme,27,971000,15,Postpayé,Non,Non,47000,Espèces,171,65,5,3377,7,3,0,0,"Utilisation standard, pas de souci majeur.",Non
CLI01675,Conakry,Homme,18,865000,38,Prépayé,Non,Non,26000,Orange Money,119,105,5,2680,0,2,2,0,Content de la couverture reseau dans ma zone.,Non
CLI01676,Mamou,Homme,37,923000,39,Postpayé,Oui,Non,37000,Carte bancaire,171,101,64,3009,39,2,0,1,"Utilisation standard, pas de souci majeur.",Non
CLI01677,Kankan,Homme,50,445000,34,Prépayé,Non,Oui,32000,Virement bancaire,172,44,2,2468,50,1,1,2,Rien de particulier a signaler.,Non
CLI01678,Conakry,Femme,32,1877000,7,Postpayé,Non,Non,165000,Orange Money,157,136,1,3310,16,0,1,1,Aucun probleme depuis mon inscription.,Non
CLI01679,Kankan,Homme,46,1809000,4,Postpayé,Non,Non,123000,Orange Money,190,114,6,2985,7,1,1,7,Service correct dans l'ensemble.,Oui
CLI01680,Labé,Femme,35,565000,19,Postpayé,Non,Non,42000,Espèces,195,100,0,2122,54,1,1,3,"Bon rapport qualite prix, je recommande.",Non
CLI01681,Kindia,Femme,43,1033000,23,Postpayé,Non,Oui,52000,Orange Money,170,83,0,2769,10,2,2,0,Tres decu par la qualite du reseau en ce moment.,Oui
CLI01682,Conakry,Homme,32,1139000,64,Prépayé,Oui,Oui,74000,Carte bancaire,78,147,53,2692,3,0,1,2,Aucun probleme depuis mon inscription.,Non
CLI01683,Mamou,Homme,40,326000,7,Prépayé,Non,Non,19000,Orange Money,204,142,6,4185,24,1,1,2,Tres decu par la qualite du reseau en ce moment.,Oui
CLI01684,Kindia,Femme,23,433000,7,Postpayé,Non,Non,29000,Orange Money,229,109,4,2290,15,0,0,0,Content de la couverture reseau dans ma zone.,Non
CLI01685,Labé,Femme,42,2424000,17,Prépayé,Non,Non,83000,Orange Money,170,69,2,3278,22,0,0,1,Rien de particulier a signaler.,Non
CLI01686,Conakry,Homme,54,755000,36,Prépayé,Non,Non,48000,Espèces,264,189,8,914,32,1,1,0,Tres satisfait du reseau et du service.,Non
CLI01687,Conakry,Femme,46,651000,13,Prépayé,Non,Non,32000,Espèces,130,74,1,1417,27,0,1,1,Aucun probleme depuis mon inscription.,Non
CLI01688,Conakry,Femme,28,330000,15,Postpayé,Non,Oui,21000,Espèces,214,90,2,1883,13,2,0,0,Rien de particulier a signaler.,Non
CLI01689,Mamou,Femme,18,637000,59,Prépayé,Non,Oui,57000,Espèces,227,191,2,4781,0,1,0,7,Tres satisfait du reseau et du service.,Non
CLI01690,Conakry,Femme,36,670000,8,Prépayé,Non,Oui,43000,Orange Money,130,112,1,3126,1,2,0,2,"Bon rapport qualite prix, je recommande.",Non
CLI01691,Conakry,Homme,22,921000,17,Prépayé,Oui,Oui,44000,Espèces,317,148,54,2939,60,2,0,1,Rien de particulier a signaler.,Oui
CLI01692,Labé,Femme,33,1270000,46,Prépayé,Non,Non,50000,Orange Money,166,0,1,286,29,0,1,0,Offres interessantes et service fiable.,Non
CLI01693,Conakry,Femme,45,691000,15,Prépayé,Non,Oui,24000,Orange Money,259,119,2,912,1,1,1,5,Rien de particulier a signaler.,Non
CLI01694,Boké,Femme,18,543000,34,Postpayé,Oui,Oui,22000,Orange Money,178,48,66,2879,6,0,1,2,Rien de particulier a signaler.,Non
CLI01695,Kindia,Homme,31,518000,33,Prépayé,Non,Non,42000,Espèces,124,47,2,5601,21,0,0,0,"Bon rapport qualite prix, je recommande.",Non
CLI01696,Kankan,Homme,32,952000,33,Prépayé,Non,Non,71000,Orange Money,100,93,0,3433,24,2,1,0,Rien de particulier a signaler.,Non
CLI01697,Kindia,Femme,42,434000,46,Prépayé,Non,Oui,36000,Espèces,145,142,1,1149,12,0,1,3,Content de la couverture reseau dans ma zone.,Non
CLI01698,Conakry,Homme,39,837000,13,Postpayé,Non,Non,68000,Orange Money,108,96,3,1487,18,3,1,2,Service client reactif et efficace.,Non
CLI01699,N'Zérékoré,Homme,52,1654000,17,Postpayé,Non,Non,98000,Orange Money,57,77,1,2246,51,4,0,0,"Bon rapport qualite prix, je recommande.",Non
CLI01700,Conakry,Femme,39,536000,30,Prépayé,Non,Non,27000,Virement bancaire,156,38,5,2160,13,0,1,3,Tres satisfait du reseau et du service.,Non
CLI01701,Mamou,Femme,42,420000,8,Prépayé,Non,Non,27000,Orange Money,232,101,0,3903,66,0,0,18,Offres interessantes et service fiable.,Non
CLI01702,Mamou,Femme,18,708000,8,Postpayé,Non,Oui,54000,Orange Money,140,95,0,2258,8,0,1,9,Tres satisfait du reseau et du service.,Non
CLI01703,Kindia,Femme,34,380000,3,Prépayé,Non,Non,15000,Virement bancaire,280,124,1,1057,2,0,1,3,Facturation incorrecte plusieurs fois de suite.,Oui
CLI01704,Faranah,Femme,31,827000,12,Prépayé,Non,Non,46000,Virement bancaire,201,90,1,3153,5,1,0,1,Le service client ne repond jamais rapidement.,Oui
CLI01705,Faranah,Homme,34,534000,33,Prépayé,Non,Non,48000,Espèces,192,131,0,3805,6,3,1,0,"Utilisation standard, pas de souci majeur.",Non
CLI01706,Boké,Homme,45,1387000,5,Postpayé,Non,Oui,105000,Virement bancaire,261,79,13,3125,7,1,0,5,"Bon rapport qualite prix, je recommande.",Non
CLI01707,Kindia,Homme,21,1091000,34,Postpayé,Non,Oui,49000,Virement bancaire,273,116,5,3172,20,0,1,7,Le forfait ne correspond plus a mes besoins.,Oui
CLI01708,Conakry,Femme,18,372000,2,Prépayé,Non,Non,23000,Virement bancaire,275,130,3,2339,3,3,0,3,"Bon rapport qualite prix, je recommande.",Non
CLI01709,Kankan,Femme,54,757000,96,Prépayé,Non,Oui,31000,Orange Money,105,67,10,3081,29,1,2,0,Tres satisfait du reseau et du service.,Non
CLI01710,N'Zérékoré,Homme,32,860000,5,Postpayé,Non,Oui,66000,Espèces,225,91,2,1091,18,3,1,0,Service client reactif et efficace.,Non
CLI01711,Conakry,Homme,30,660000,65,Prépayé,Non,Oui,41000,Espèces,234,122,3,351,77,0,0,14,Service client reactif et efficace.,Non
CLI01712,Kindia,Homme,50,570000,8,Postpayé,Oui,Non,43000,Espèces,190,67,43,4732,32,1,1,0,"Utilisation standard, pas de souci majeur.",Non
CLI01713,Mamou,Homme,43,476000,2,Postpayé,Non,Oui,22000,Espèces,171,174,1,2343,15,1,1,0,"Utilisation standard, pas de souci majeur.",Non
CLI01714,Kankan,Homme,36,1044000,8,Prépayé,Non,Oui,43000,Carte bancaire,146,94,0,3124,6,0,0,3,Service correct dans l'ensemble.,Non
CLI01715,Kankan,Homme,38,566000,5,Prépayé,Non,Oui,45000,Orange Money,117,57,1,1710,3,5,1,3,Trop cher par rapport a la qualite recue.,Oui
CLI01716,Faranah,Homme,42,370000,39,Postpayé,Non,Oui,14000,Espèces,283,53,2,4944,10,0,0,6,"Utilisation standard, pas de souci majeur.",Non
CLI01717,Mamou,Femme,24,514000,12,Prépayé,Non,Non,32000,Espèces,254,135,2,1922,14,0,1,0,Facturation incorrecte plusieurs fois de suite.,Oui
CLI01718,Mamou,Femme,36,416000,6,Prépayé,Non,Oui,14000,Espèces,88,134,4,3091,3,0,0,0,Offres interessantes et service fiable.,Non
CLI01719,Conakry,Homme,57,300000,8,Postpayé,Oui,Non,12000,Espèces,224,58,72,1336,0,3,2,0,Aucun probleme depuis mon inscription.,Non
CLI01720,Boké,Homme,41,1081000,10,Prépayé,Non,Oui,44000,Orange Money,109,91,1,1996,37,1,0,2,Rien de particulier a signaler.,Non
CLI01721,Faranah,Homme,38,608000,40,Prépayé,Oui,Non,49000,Espèces,225,56,41,4422,3,1,1,2,Tres satisfait du reseau et du service.,Non
CLI01722,Kindia,Homme,56,393000,6,Postpayé,Non,Non,12000,Orange Money,123,33,1,1241,26,1,1,1,Offres interessantes et service fiable.,Non
CLI01723,Conakry,Femme,37,449000,27,Postpayé,Oui,Oui,24000,Carte bancaire,189,97,20,4913,42,0,0,4,"Utilisation standard, pas de souci majeur.",Non
CLI01724,Kindia,Homme,52,408000,31,Postpayé,Oui,Oui,32000,Virement bancaire,282,129,48,3823,18,2,0,13,Aucune reponse a mes reclamations depuis un mois.,Oui
CLI01725,Labé,Femme,38,395000,7,Postpayé,Non,Non,24000,Espèces,158,159,1,1210,6,1,0,0,Service correct dans l'ensemble.,Non
CLI01726,Conakry,Homme,32,1096000,38,Prépayé,Non,Non,64000,Espèces,147,51,8,3484,19,2,0,0,Tres satisfait du reseau et du service.,Non
CLI01727,Faranah,Homme,39,1811000,61,Postpayé,Oui,Non,148000,Orange Money,269,96,46,3651,7,2,0,3,Service client reactif et efficace.,Non
CLI01728,Faranah,Homme,38,478000,26,Prépayé,Oui,Oui,40000,Orange Money,148,102,66,2705,20,3,0,0,Content de la couverture reseau dans ma zone.,Non
CLI01729,Conakry,Femme,20,1262000,8,Prépayé,Non,Non,57000,Virement bancaire,188,127,6,3752,39,2,0,0,"Bon rapport qualite prix, je recommande.",Non
CLI01730,Conakry,Femme,57,1049000,62,Prépayé,Non,Oui,53000,Espèces,140,56,0,710,5,2,0,8,Rien de particulier a signaler.,Non
CLI01731,Conakry,Homme,40,1364000,12,Prépayé,Oui,Oui,44000,Orange Money,278,126,39,2205,0,2,1,15,Tres decu par la qualite du reseau en ce moment.,Oui
CLI01732,Kindia,Femme,58,636000,13,Prépayé,Non,Non,41000,Orange Money,272,58,3,1374,11,2,0,7,Service correct dans l'ensemble.,Non
CLI01733,N'Zérékoré,Femme,27,957000,20,Postpayé,Oui,Non,51000,Orange Money,96,105,47,3210,29,1,1,0,Offres interessantes et service fiable.,Non
CLI01734,Kindia,Homme,31,593000,4,Postpayé,Non,Non,26000,Virement bancaire,238,96,1,2976,2,2,1,0,Trop de coupures de reseau ces derniers temps.,Oui
CLI01735,N'Zérékoré,Femme,21,922000,26,Prépayé,Oui,Oui,81000,Espèces,140,83,37,1903,1,1,0,1,"Je pense changer d'operateur, trop de pannes.",Oui
CLI01736,Conakry,Homme,33,663000,6,Postpayé,Oui,Oui,43000,Orange Money,150,134,57,1792,31,2,1,0,"Bon rapport qualite prix, je recommande.",Non
CLI01737,Conakry,Homme,42,551000,42,Prépayé,Non,Oui,28000,Orange Money,164,30,1,2254,0,1,0,7,"Bon rapport qualite prix, je recommande.",Non
CLI01738,Boké,Homme,57,715000,13,Postpayé,Non,Oui,23000,Espèces,165,119,3,1893,29,1,0,0,Tres satisfait du reseau et du service.,Non
CLI01739,Conakry,Homme,30,926000,5,Illimité,Non,Oui,69000,Virement bancaire,236,95,1,401,2,2,0,10,"Utilisation standard, pas de souci majeur.",Non
CLI01740,Conakry,Homme,31,1273000,45,Prépayé,Non,Non,93000,Espèces,179,101,11,1208,19,1,0,0,Service correct dans l'ensemble.,Non
CLI01741,Mamou,Femme,45,2080000,61,Prépayé,Non,Non,187000,Virement bancaire,100,25,3,2977,18,1,0,6,"Utilisation standard, pas de souci majeur.",Non
CLI01742,Kindia,Femme,40,1362000,8,Prépayé,Oui,Non,92000,Virement bancaire,161,109,37,2252,24,4,0,0,"Utilisation standard, pas de souci majeur.",Non
CLI01743,Faranah,Homme,28,646000,2,Postpayé,Non,Oui,41000,Espèces,295,45,3,3334,2,1,0,0,"Utilisation standard, pas de souci majeur.",Non
CLI01744,Conakry,Homme,30,665000,2,Prépayé,Oui,Non,32000,Espèces,238,102,69,2096,46,1,0,3,"Bon rapport qualite prix, je recommande.",Non
CLI01745,Conakry,Femme,28,361000,15,Prépayé,Non,Non,16000,Orange Money,172,98,2,3895,3,1,0,0,Service client reactif et efficace.,Non
CLI01746,Kankan,Homme,48,397000,9,Illimité,Non,Oui,20000,Orange Money,245,55,1,2051,17,0,0,0,"Utilisation standard, pas de souci majeur.",Non
CLI01747,Labé,Homme,29,652000,16,Prépayé,Non,Oui,42000,Orange Money,165,42,2,2292,7,0,2,2,"Bon rapport qualite prix, je recommande.",Non
CLI01748,Conakry,Femme,31,992000,55,Prépayé,Non,Oui,88000,Espèces,250,43,0,4144,5,3,0,27,Le forfait ne correspond plus a mes besoins.,Oui
CLI01749,Boké,Homme,47,714000,38,Prépayé,Non,Non,60000,Espèces,214,118,0,1272,2,2,0,6,Tres satisfait du reseau et du service.,Non
CLI01750,Conakry,Femme,28,587000,5,Prépayé,Oui,Oui,22000,Orange Money,169,17,38,3309,5,0,0,0,Service correct dans l'ensemble.,Non
CLI01751,Conakry,Femme,46,410000,3,Prépayé,Non,Oui,16000,Espèces,77,119,2,4135,42,1,0,0,Aucun probleme depuis mon inscription.,Non
CLI01752,Labé,Homme,19,352000,1,Postpayé,Non,Oui,11000,Orange Money,114,129,0,2152,1,0,0,9,Offres interessantes et service fiable.,Non
CLI01753,Conakry,Homme,28,1714000,3,Prépayé,Oui,Non,151000,Espèces,312,94,75,2879,26,2,2,4,Trop de coupures de reseau ces derniers temps.,Oui
CLI01754,Conakry,Femme,50,300000,3,Prépayé,Oui,Oui,26000,Orange Money,203,111,59,2993,31,3,1,0,Aucun probleme depuis mon inscription.,Non
CLI01755,Conakry,Femme,41,499000,25,Postpayé,Non,Non,25000,Carte bancaire,167,54,0,2973,19,2,0,6,Tres satisfait du reseau et du service.,Non
CLI01756,Conakry,Homme,25,490000,10,Postpayé,Oui,Oui,32000,Orange Money,214,68,60,4686,20,0,0,2,Tres satisfait du reseau et du service.,Non
CLI01757,Boké,Homme,22,300000,24,Prépayé,Oui,Oui,22000,Orange Money,140,69,25,2901,3,1,0,3,Offres interessantes et service fiable.,Non
CLI01758,Conakry,Homme,18,1170000,14,Prépayé,Non,Oui,45000,Orange Money,243,157,1,3604,30,0,0,0,Service correct dans l'ensemble.,Non
CLI01759,Kindia,Homme,38,492000,4,Postpayé,Non,Non,44000,Espèces,192,79,0,1825,27,0,1,0,Content de la couverture reseau dans ma zone.,Non
CLI01760,Boké,Homme,32,809000,4,Prépayé,Non,Oui,45000,Virement bancaire,163,121,2,1000,13,4,0,0,Trop cher par rapport a la qualite recue.,Oui
CLI01761,Conakry,Femme,38,774000,23,Prépayé,Non,Oui,45000,Orange Money,168,103,2,2628,20,1,0,4,Rien de particulier a signaler.,Non
CLI01762,Conakry,Homme,34,1053000,47,Postpayé,Non,Non,86000,Orange Money,215,33,6,2218,14,2,0,0,"Utilisation standard, pas de souci majeur.",Non
CLI01763,Conakry,Femme,65,766000,6,Postpayé,Non,Oui,34000,Orange Money,74,63,4,4192,64,0,1,10,Aucune reponse a mes reclamations depuis un mois.,Oui
CLI01764,N'Zérékoré,Femme,48,815000,14,Prépayé,Non,Non,72000,Virement bancaire,240,117,1,3238,80,2,0,0,Service correct dans l'ensemble.,Non
CLI01765,Kindia,Femme,18,646000,45,Prépayé,Non,Non,39000,Orange Money,93,93,1,2636,1,2,1,9,"Utilisation standard, pas de souci majeur.",Non
CLI01766,Boké,Femme,37,789000,12,Prépayé,Non,Oui,44000,Orange Money,239,87,1,3490,12,2,0,0,"Utilisation standard, pas de souci majeur.",Non
CLI01767,Faranah,Homme,21,1307000,5,Prépayé,Non,Oui,99000,Orange Money,138,63,2,3433,45,0,1,1,Service client reactif et efficace.,Non
CLI01768,Kankan,Homme,37,303000,2,Prépayé,Non,Oui,13000,Espèces,178,161,4,3936,13,3,0,0,Aucun probleme depuis mon inscription.,Non
CLI01769,Faranah,Homme,31,681000,7,Postpayé,Oui,Non,45000,Carte bancaire,238,115,39,3290,24,3,2,7,Trop cher par rapport a la qualite recue.,Oui
CLI01770,Kankan,Homme,37,646000,2,Postpayé,Non,Oui,25000,Espèces,224,121,8,3328,5,2,0,2,Rien de particulier a signaler.,Non
CLI01771,Labé,Femme,31,447000,61,Postpayé,Non,Non,23000,Orange Money,110,20,2,4940,8,1,1,7,Tres satisfait du reseau et du service.,Non
CLI01772,Conakry,Femme,18,497000,2,Prépayé,Non,Non,44000,Orange Money,134,76,1,2950,13,0,0,3,"Utilisation standard, pas de souci majeur.",Non
CLI01773,Labé,Homme,41,1061000,35,Prépayé,Non,Oui,84000,Espèces,225,117,4,2674,80,0,1,0,Facturation incorrecte plusieurs fois de suite.,Oui
CLI01774,Boké,Homme,18,500000,20,Prépayé,Non,Non,39000,Virement bancaire,290,103,3,2049,21,1,0,0,Aucun probleme depuis mon inscription.,Non
CLI01775,Kankan,Femme,24,395000,11,Prépayé,Non,Non,23000,Espèces,93,30,2,50,16,1,0,2,Service correct dans l'ensemble.,Non
CLI01776,Conakry,Femme,26,1664000,7,Postpayé,Non,Non,102000,Virement bancaire,179,102,6,1538,3,2,1,7,Offres interessantes et service fiable.,Non
CLI01777,Mamou,Femme,36,301000,1,Prépayé,Non,Oui,15000,Orange Money,215,44,1,2343,7,1,1,7,Tres decu par la qualite du reseau en ce moment.,Oui
CLI01778,Conakry,Femme,21,1022000,6,Prépayé,Non,Non,43000,Carte bancaire,283,139,12,1579,10,1,1,2,Service client reactif et efficace.,Non
CLI01779,Kindia,Homme,33,1002000,14,Postpayé,Non,Oui,48000,Orange Money,267,2,4,2228,25,0,1,0,Service correct dans l'ensemble.,Non
CLI01780,Kindia,Homme,35,692000,96,Prépayé,Non,Oui,26000,Orange Money,186,98,2,2481,13,1,0,0,Tres satisfait du reseau et du service.,Non
CLI01781,Conakry,Femme,55,384000,36,Postpayé,Non,Oui,18000,Orange Money,239,110,6,50,20,1,1,0,"Utilisation standard, pas de souci majeur.",Oui
CLI01782,Kankan,Femme,27,628000,3,Postpayé,Non,Oui,53000,Orange Money,196,73,8,2415,12,2,1,0,Facturation incorrecte plusieurs fois de suite.,Oui
CLI01783,Kankan,Homme,37,599000,46,Prépayé,Oui,Oui,40000,Espèces,249,122,70,2931,23,1,0,2,Service correct dans l'ensemble.,Non
CLI01784,Conakry,Homme,42,1890000,8,Postpayé,Non,Oui,136000,Orange Money,185,162,10,2783,41,1,0,0,Offres interessantes et service fiable.,Non
CLI01785,Faranah,Femme,32,498000,14,Postpayé,Non,Oui,38000,Orange Money,96,81,3,2254,12,0,1,2,Service correct dans l'ensemble.,Non
CLI01786,N'Zérékoré,Homme,37,719000,4,Prépayé,Non,Oui,22000,Orange Money,238,38,9,697,8,4,1,0,Rien de particulier a signaler.,Oui
CLI01787,Labé,Femme,45,977000,5,Prépayé,Non,Oui,66000,Espèces,211,41,9,1972,4,0,1,0,Rien de particulier a signaler.,Oui
CLI01788,Kindia,Femme,27,1000000,36,Postpayé,Non,Oui,84000,Orange Money,208,152,5,4364,2,5,0,6,Offres interessantes et service fiable.,Non
CLI01789,Mamou,Homme,18,478000,5,Illimité,Non,Non,29000,Virement bancaire,132,106,17,3653,18,1,0,2,Rien de particulier a signaler.,Non
CLI01790,Kindia,Femme,31,1499000,21,Postpayé,Oui,Oui,65000,Orange Money,186,86,47,3300,12,0,0,0,Content de la couverture reseau dans ma zone.,Non
CLI01791,Labé,Homme,38,801000,25,Illimité,Non,Oui,63000,Orange Money,207,52,3,2809,85,2,0,1,"Utilisation standard, pas de souci majeur.",Non
CLI01792,Mamou,Homme,40,489000,42,Prépayé,Non,Non,19000,Orange Money,236,142,2,1758,19,1,0,3,Rien de particulier a signaler.,Non
CLI01793,Conakry,Homme,40,1339000,22,Prépayé,Non,Non,108000,Orange Money,174,50,3,4569,41,2,1,3,"Bon rapport qualite prix, je recommande.",Non
CLI01794,Mamou,Homme,47,1465000,26,Prépayé,Non,Oui,78000,Orange Money,219,33,3,552,27,1,0,9,Service client reactif et efficace.,Non
CLI01795,Boké,Homme,35,1122000,1,Postpayé,Non,Oui,98000,Orange Money,177,83,3,3346,41,2,0,0,Tres decu par la qualite du reseau en ce moment.,Oui
CLI01796,Labé,Homme,28,2131000,27,Illimité,Oui,Oui,147000,Orange Money,68,125,30,1564,50,4,0,1,Rien de particulier a signaler.,Non
CLI01797,Conakry,Femme,22,946000,12,Prépayé,Oui,Non,66000,Carte bancaire,174,98,69,260,4,2,1,5,"Utilisation standard, pas de souci majeur.",Non
CLI01798,Faranah,Homme,20,959000,5,Prépayé,Non,Non,65000,Orange Money,131,35,4,2029,16,2,1,2,Le service client ne repond jamais rapidement.,Oui
CLI01799,Conakry,Homme,45,554000,4,Prépayé,Non,Non,23000,Virement bancaire,142,48,5,950,32,2,3,4,Trop de coupures de reseau ces derniers temps.,Oui
CLI01800,Boké,Homme,28,904000,28,Postpayé,Non,Non,52000,Virement bancaire,76,95,1,4794,27,1,0,8,Offres interessantes et service fiable.,Non
CLI01801,Labé,Homme,26,1621000,29,Prépayé,Non,Non,73000,Orange Money,162,147,6,50,8,3,0,0,Tres satisfait du reseau et du service.,Non
CLI01802,Conakry,Homme,51,446000,35,Prépayé,Oui,Oui,17000,Orange Money,201,82,53,1278,12,1,0,4,Tres satisfait du reseau et du service.,Non
CLI01803,Kankan,Femme,20,1000000,42,Postpayé,Non,Non,30000,Espèces,214,135,6,1939,40,1,1,1,Rien de particulier a signaler.,Non
CLI01804,Labé,Femme,44,869000,1,Prépayé,Non,Oui,61000,Orange Money,210,45,1,1857,6,4,0,0,"Utilisation standard, pas de souci majeur.",Oui
CLI01805,Conakry,Homme,23,659000,11,Illimité,Non,Oui,21000,Orange Money,217,81,2,1982,3,2,2,0,Tres decu par la qualite du reseau en ce moment.,Oui
CLI01806,Kankan,Femme,29,919000,20,Prépayé,Non,Oui,34000,Orange Money,89,133,7,4114,75,1,0,5,Content de la couverture reseau dans ma zone.,Non
CLI01807,Faranah,Femme,29,616000,15,Prépayé,Non,Oui,50000,Virement bancaire,209,73,1,2085,26,2,0,3,Le service client ne repond jamais rapidement.,Oui
CLI01808,N'Zérékoré,Femme,38,998000,8,Postpayé,Non,Oui,73000,Orange Money,140,86,1,3798,18,0,2,0,Rien de particulier a signaler.,Non
CLI01809,Mamou,Femme,30,1148000,16,Illimité,Non,Non,45000,Orange Money,202,134,3,4144,29,1,0,3,Rien de particulier a signaler.,Non
CLI01810,Boké,Homme,44,670000,15,Prépayé,Non,Oui,57000,Orange Money,94,75,2,2558,3,0,0,0,Service client reactif et efficace.,Non
CLI01811,Kankan,Homme,27,1668000,16,Prépayé,Non,Oui,71000,Espèces,186,131,1,2124,80,2,1,1,"Bon rapport qualite prix, je recommande.",Non
CLI01812,Kindia,Homme,55,516000,32,Prépayé,Non,Oui,32000,Espèces,186,45,3,3010,91,2,1,0,Service client reactif et efficace.,Non
CLI01813,Boké,Femme,30,922000,2,Illimité,Non,Non,51000,Espèces,223,85,2,2281,26,2,0,0,Offres interessantes et service fiable.,Non
CLI01814,Kindia,Homme,18,469000,1,Prépayé,Non,Non,24000,Orange Money,174,85,1,3023,18,4,1,13,Facturation incorrecte plusieurs fois de suite.,Oui
CLI01815,Kindia,Homme,23,623000,8,Prépayé,Oui,Oui,30000,Espèces,249,80,60,1108,24,1,1,0,"Bon rapport qualite prix, je recommande.",Non
CLI01816,N'Zérékoré,Femme,24,1089000,18,Prépayé,Oui,Oui,46000,Virement bancaire,112,77,62,2421,28,1,0,0,Aucun probleme depuis mon inscription.,Non
CLI01817,Boké,Femme,37,426000,10,Prépayé,Non,Non,30000,Espèces,197,69,14,2915,8,1,0,7,Service correct dans l'ensemble.,Non
CLI01818,Boké,Femme,19,1807000,30,Prépayé,Non,Oui,130000,Orange Money,191,44,8,1582,22,1,1,0,Content de la couverture reseau dans ma zone.,Non
CLI01819,Kindia,Femme,47,434000,1,Prépayé,Non,Oui,16000,Orange Money,173,135,1,2145,81,2,0,2,Facturation incorrecte plusieurs fois de suite.,Oui
CLI01820,Kindia,Femme,24,429000,27,Postpayé,Non,Oui,19000,Orange Money,136,107,0,2040,23,2,1,4,Aucun probleme depuis mon inscription.,Non
CLI01821,Conakry,Femme,28,381000,20,Postpayé,Non,Oui,17000,Orange Money,118,60,0,50,75,1,0,0,Trop cher par rapport a la qualite recue.,Oui
CLI01822,N'Zérékoré,Homme,46,652000,3,Prépayé,Non,Oui,52000,Orange Money,254,90,6,3162,17,1,0,0,Rien de particulier a signaler.,Non
CLI01823,Faranah,Homme,18,522000,7,Prépayé,Non,Oui,37000,Espèces,166,13,3,4474,8,1,0,0,Content de la couverture reseau dans ma zone.,Non
CLI01824,Boké,Femme,57,1715000,28,Postpayé,Non,Non,153000,Orange Money,133,128,1,3563,6,2,0,3,Trop cher par rapport a la qualite recue.,Oui
CLI01825,Labé,Homme,24,1330000,55,Prépayé,Non,Oui,117000,Orange Money,154,112,0,3953,29,1,1,0,Rien de particulier a signaler.,Non
CLI01826,Kankan,Homme,18,300000,49,Postpayé,Non,Oui,18000,Virement bancaire,138,64,1,4636,28,0,0,3,Service correct dans l'ensemble.,Non
CLI01827,Kindia,Femme,51,948000,3,Prépayé,Oui,Oui,40000,Virement bancaire,96,60,79,3310,10,2,0,2,Le service client ne repond jamais rapidement.,Oui
CLI01828,Conakry,Homme,32,849000,17,Prépayé,Non,Oui,73000,Orange Money,207,125,2,927,104,1,0,0,Tres satisfait du reseau et du service.,Non
CLI01829,Boké,Homme,18,996000,24,Illimité,Non,Oui,64000,Espèces,153,125,1,4179,11,1,1,1,Content de la couverture reseau dans ma zone.,Non
CLI01830,Boké,Homme,41,912000,15,Postpayé,Non,Non,34000,Orange Money,149,30,0,3955,39,2,1,0,Content de la couverture reseau dans ma zone.,Non
CLI01831,Kankan,Femme,52,1132000,1,Prépayé,Non,Oui,36000,Orange Money,29,120,0,2849,6,0,0,0,Rien de particulier a signaler.,Non
CLI01832,Kankan,Homme,52,938000,22,Prépayé,Oui,Non,60000,Virement bancaire,117,138,3,1936,6,1,0,0,Rien de particulier a signaler.,Non
CLI01833,Kankan,Femme,41,750000,39,Postpayé,Non,Non,62000,Orange Money,224,78,4,3266,7,2,1,0,Offres interessantes et service fiable.,Non
CLI01834,Faranah,Homme,23,1394000,12,Postpayé,Non,Non,56000,Espèces,112,73,1,3432,7,1,1,6,Aucun probleme depuis mon inscription.,Non
CLI01835,Labé,Femme,28,1254000,32,Prépayé,Non,Oui,110000,Virement bancaire,130,73,3,2963,1,0,0,1,Content de la couverture reseau dans ma zone.,Non
CLI01836,Conakry,Homme,43,473000,23,Prépayé,Non,Non,41000,Virement bancaire,247,59,3,2405,3,0,1,0,Service correct dans l'ensemble.,Oui
CLI01837,N'Zérékoré,Femme,39,822000,52,Illimité,Non,Non,25000,Orange Money,201,62,2,1152,6,0,1,0,"Utilisation standard, pas de souci majeur.",Non
CLI01838,Kankan,Homme,31,858000,20,Postpayé,Non,Oui,55000,Espèces,189,116,4,2785,6,1,1,0,Offres interessantes et service fiable.,Non
CLI01839,Labé,Homme,50,917000,10,Postpayé,Non,Oui,62000,Espèces,114,138,1,1277,45,3,0,2,Service client reactif et efficace.,Non
CLI01840,Faranah,Homme,20,451000,29,Prépayé,Non,Oui,21000,Carte bancaire,251,106,3,3328,37,1,0,2,"Utilisation standard, pas de souci majeur.",Non
CLI01841,Kankan,Femme,52,572000,11,Prépayé,Non,Non,18000,Orange Money,213,89,10,3787,15,2,1,8,Tres satisfait du reseau et du service.,Non
CLI01842,Kindia,Homme,22,417000,1,Prépayé,Non,Non,21000,Orange Money,169,111,5,1949,20,1,1,2,Trop de coupures de reseau ces derniers temps.,Oui
CLI01843,Labé,Homme,28,575000,4,Postpayé,Non,Oui,41000,Orange Money,148,140,0,2611,42,1,0,1,"Utilisation standard, pas de souci majeur.",Non
CLI01844,N'Zérékoré,Homme,33,1039000,52,Prépayé,Oui,Oui,83000,Orange Money,147,122,55,2099,9,0,0,5,Tres satisfait du reseau et du service.,Non
CLI01845,Conakry,Homme,43,754000,20,Prépayé,Non,Non,24000,Virement bancaire,238,169,0,1601,7,1,1,0,Trop de coupures de reseau ces derniers temps.,Oui
CLI01846,Conakry,Femme,48,418000,10,Prépayé,Oui,Non,20000,Orange Money,196,67,62,2456,35,1,1,1,Service client reactif et efficace.,Non
CLI01847,N'Zérékoré,Femme,18,1304000,8,Illimité,Non,Oui,87000,Orange Money,146,63,2,910,32,2,0,4,Offres interessantes et service fiable.,Non
CLI01848,Kankan,Homme,24,1277000,10,Prépayé,Non,Non,65000,Orange Money,167,123,4,1521,0,3,0,0,Service correct dans l'ensemble.,Oui
CLI01849,Conakry,Homme,26,572000,17,Prépayé,Non,Non,27000,Carte bancaire,227,51,2,3566,87,1,1,2,Service correct dans l'ensemble.,Non
CLI01850,Labé,Homme,33,480000,1,Postpayé,Non,Oui,32000,Orange Money,200,89,0,3086,5,0,1,6,Tres decu par la qualite du reseau en ce moment.,Oui
CLI01851,Mamou,Homme,25,866000,29,Prépayé,Non,Oui,73000,Espèces,265,132,1,2251,12,0,1,0,Tres decu par la qualite du reseau en ce moment.,Oui
CLI01852,Faranah,Homme,22,1669000,96,Postpayé,Non,Oui,147000,Espèces,110,103,4,3337,22,1,1,0,Service client reactif et efficace.,Non
CLI01853,Labé,Femme,51,452000,1,Prépayé,Non,Oui,15000,Orange Money,200,121,1,3625,24,1,3,0,Content de la couverture reseau dans ma zone.,Non
CLI01854,Labé,Femme,42,789000,6,Prépayé,Non,Oui,48000,Espèces,154,121,6,786,10,0,0,1,Rien de particulier a signaler.,Non
CLI01855,Labé,Homme,34,831000,17,Prépayé,Non,Oui,69000,Orange Money,130,123,0,3213,1,2,0,2,Service correct dans l'ensemble.,Non
CLI01856,Labé,Homme,45,805000,36,Illimité,Non,Non,64000,Orange Money,198,115,4,3273,70,3,0,0,Offres interessantes et service fiable.,Non
CLI01857,Conakry,Femme,32,463000,22,Postpayé,Oui,Oui,33000,Carte bancaire,181,87,71,4949,1,3,1,0,"Utilisation standard, pas de souci majeur.",Oui
CLI01858,Conakry,Homme,18,2011000,27,Prépayé,Oui,Oui,168000,Orange Money,165,125,54,2809,0,0,0,3,Service correct dans l'ensemble.,Non
CLI01859,Conakry,Homme,18,417000,28,Prépayé,Non,Non,32000,Espèces,151,161,3,1662,17,2,0,1,Facturation incorrecte plusieurs fois de suite.,Oui
CLI01860,N'Zérékoré,Homme,41,1527000,54,Prépayé,Non,Oui,81000,Espèces,157,79,1,2804,90,1,0,0,Offres interessantes et service fiable.,Non
CLI01861,Boké,Femme,33,769000,28,Prépayé,Non,Non,32000,Orange Money,99,66,1,1504,4,0,1,1,Aucun probleme depuis mon inscription.,Non
CLI01862,Labé,Homme,33,685000,3,Prépayé,Oui,Non,35000,Carte bancaire,273,131,49,2590,168,0,2,1,Rien de particulier a signaler.,Oui
CLI01863,N'Zérékoré,Femme,23,474000,7,Prépayé,Oui,Non,35000,Orange Money,115,88,48,4804,8,3,0,2,Service correct dans l'ensemble.,Non
CLI01864,Conakry,Femme,36,364000,31,Prépayé,Non,Non,32000,Espèces,148,56,0,2302,2,2,0,4,"Utilisation standard, pas de souci majeur.",Oui
CLI01865,Conakry,Femme,37,566000,13,Prépayé,Non,Oui,29000,Virement bancaire,131,117,1,691,28,0,1,9,Aucun probleme depuis mon inscription.,Non
CLI01866,Conakry,Homme,50,2411000,21,Postpayé,Non,Oui,141000,Espèces,242,56,11,3186,47,1,0,3,"Bon rapport qualite prix, je recommande.",Non
CLI01867,N'Zérékoré,Femme,49,1330000,77,Prépayé,Non,Oui,85000,Espèces,235,70,0,3551,44,0,0,5,Aucun probleme depuis mon inscription.,Non
CLI01868,Faranah,Femme,27,849000,1,Prépayé,Non,Oui,36000,Carte bancaire,95,125,2,2854,50,1,1,0,Content de la couverture reseau dans ma zone.,Non
CLI01869,Conakry,Homme,55,514000,69,Prépayé,Oui,Non,46000,Espèces,246,30,54,2429,0,0,1,18,Trop cher par rapport a la qualite recue.,Oui
CLI01870,Conakry,Homme,45,783000,22,Postpayé,Non,Non,65000,Orange Money,126,88,0,4089,19,2,1,3,"Bon rapport qualite prix, je recommande.",Non
CLI01871,Conakry,Femme,52,694000,5,Prépayé,Oui,Non,44000,Orange Money,281,137,40,3116,5,1,1,6,Service correct dans l'ensemble.,Oui
CLI01872,N'Zérékoré,Femme,32,583000,45,Prépayé,Non,Oui,34000,Espèces,347,69,15,114,43,0,0,0,Tres satisfait du reseau et du service.,Non
CLI01873,Boké,Femme,46,1843000,16,Postpayé,Oui,Oui,61000,Espèces,102,133,47,1744,21,0,0,5,Rien de particulier a signaler.,Non
CLI01874,Kankan,Homme,18,854000,7,Prépayé,Non,Non,63000,Espèces,61,129,8,254,30,1,0,0,Offres interessantes et service fiable.,Non
CLI01875,Kankan,Femme,48,989000,84,Postpayé,Non,Non,74000,Orange Money,137,31,2,2355,7,1,0,2,Aucun probleme depuis mon inscription.,Non
CLI01876,N'Zérékoré,Femme,26,989000,25,Postpayé,Non,Oui,45000,Espèces,244,86,4,4023,50,0,0,0,Offres interessantes et service fiable.,Non
CLI01877,Labé,Homme,39,515000,21,Prépayé,Non,Oui,44000,Espèces,69,101,1,1779,17,1,0,0,Aucun probleme depuis mon inscription.,Non
CLI01878,Conakry,Femme,27,566000,7,Prépayé,Non,Oui,19000,Espèces,142,137,3,3370,36,2,0,17,Trop cher par rapport a la qualite recue.,Oui
CLI01879,Labé,Homme,35,1012000,2,Prépayé,Non,Non,34000,Espèces,104,82,1,313,4,2,0,10,Tres decu par la qualite du reseau en ce moment.,Oui
CLI01880,Kankan,Femme,35,300000,53,Postpayé,Non,Non,12000,Espèces,294,98,2,3364,9,2,0,0,Content de la couverture reseau dans ma zone.,Non
CLI01881,N'Zérékoré,Homme,20,1274000,19,Illimité,Oui,Non,91000,Orange Money,258,36,39,1891,24,1,0,0,Aucun probleme depuis mon inscription.,Non
CLI01882,Kindia,Homme,36,822000,3,Prépayé,Non,Oui,40000,Orange Money,135,67,3,3074,2,3,0,1,"Utilisation standard, pas de souci majeur.",Oui
CLI01883,Boké,Homme,45,1436000,96,Prépayé,Non,Non,90000,Orange Money,227,43,11,2424,18,0,0,3,Aucun probleme depuis mon inscription.,Non
CLI01884,Kankan,Femme,36,543000,8,Prépayé,Non,Non,29000,Carte bancaire,163,54,0,3049,0,0,0,1,Aucun probleme depuis mon inscription.,Non
CLI01885,Kindia,Femme,47,592000,46,Prépayé,Non,Non,41000,Orange Money,155,52,8,2404,2,0,2,0,"Utilisation standard, pas de souci majeur.",Non
CLI01886,Conakry,Homme,61,469000,40,Prépayé,Non,Oui,36000,Orange Money,147,159,2,2399,6,1,0,0,Content de la couverture reseau dans ma zone.,Non
CLI01887,Conakry,Femme,36,681000,20,Postpayé,Oui,Oui,54000,Orange Money,120,97,45,3039,4,1,0,6,Trop de coupures de reseau ces derniers temps.,Oui
CLI01888,Boké,Homme,50,577000,31,Illimité,Non,Non,37000,Orange Money,191,133,1,4415,50,1,2,4,Trop de coupures de reseau ces derniers temps.,Oui
CLI01889,Conakry,Femme,37,1723000,68,Postpayé,Non,Oui,126000,Espèces,191,95,2,1545,3,0,0,5,Aucun probleme depuis mon inscription.,Non
CLI01890,Faranah,Homme,22,633000,3,Prépayé,Non,Non,41000,Virement bancaire,225,92,6,1690,18,0,0,0,"Bon rapport qualite prix, je recommande.",Non
CLI01891,Mamou,Homme,44,1120000,6,Prépayé,Oui,Non,83000,Orange Money,159,149,102,1947,9,2,0,0,Rien de particulier a signaler.,Non
CLI01892,N'Zérékoré,Femme,21,1568000,31,Prépayé,Non,Oui,101000,Orange Money,296,78,2,2693,10,1,1,0,Facturation incorrecte plusieurs fois de suite.,Oui
CLI01893,Faranah,Homme,35,608000,7,Prépayé,Oui,Oui,26000,Orange Money,221,80,53,3221,46,1,1,2,"Utilisation standard, pas de souci majeur.",Oui
CLI01894,Boké,Homme,60,960000,4,Prépayé,Non,Non,39000,Espèces,212,43,2,2080,5,5,0,0,Le forfait ne correspond plus a mes besoins.,Oui
CLI01895,Conakry,Femme,27,634000,24,Prépayé,Non,Oui,53000,Orange Money,230,107,1,2404,1,2,2,0,Rien de particulier a signaler.,Non
CLI01896,Conakry,Homme,22,877000,6,Prépayé,Non,Oui,31000,Orange Money,192,100,1,1986,34,2,0,4,Content de la couverture reseau dans ma zone.,Non
CLI01897,Kankan,Homme,30,722000,39,Prépayé,Oui,Non,26000,Espèces,158,90,50,2384,1,0,0,6,"Bon rapport qualite prix, je recommande.",Non
CLI01898,Mamou,Femme,39,731000,19,Prépayé,Non,Oui,54000,Orange Money,178,105,1,1916,3,1,0,5,Rien de particulier a signaler.,Non
CLI01899,Conakry,Femme,44,397000,6,Postpayé,Non,Oui,27000,Orange Money,159,87,3,947,24,2,0,0,Aucun probleme depuis mon inscription.,Non
CLI01900,Boké,Femme,28,935000,22,Postpayé,Non,Oui,84000,Orange Money,68,70,2,2640,47,3,0,0,Service correct dans l'ensemble.,Non
CLI01901,Faranah,Femme,27,307000,6,Prépayé,Non,Oui,12000,Virement bancaire,201,70,4,5032,13,0,1,0,Aucune reponse a mes reclamations depuis un mois.,Oui
CLI01902,Kankan,Homme,41,417000,18,Postpayé,Non,Non,33000,Espèces,189,177,6,5101,13,2,1,0,Service correct dans l'ensemble.,Non
CLI01903,Kankan,Homme,34,462000,28,Prépayé,Oui,Non,26000,Carte bancaire,205,100,27,2675,19,0,0,11,Tres satisfait du reseau et du service.,Non
CLI01904,N'Zérékoré,Homme,46,681000,31,Illimité,Non,Oui,31000,Espèces,139,144,7,1033,14,0,1,4,Rien de particulier a signaler.,Non
CLI01905,Boké,Femme,25,1158000,7,Prépayé,Non,Non,43000,Virement bancaire,225,64,1,3514,26,2,1,0,Tres decu par la qualite du reseau en ce moment.,Oui
CLI01906,Mamou,Femme,50,1033000,70,Prépayé,Non,Non,77000,Orange Money,191,75,4,813,22,1,0,0,Tres satisfait du reseau et du service.,Non
CLI01907,Conakry,Femme,38,654000,6,Prépayé,Non,Non,48000,Virement bancaire,90,80,3,4361,31,1,0,4,Service correct dans l'ensemble.,Non
CLI01908,Mamou,Homme,34,690000,16,Prépayé,Non,Non,28000,Orange Money,102,57,6,1583,9,1,2,0,"Utilisation standard, pas de souci majeur.",Non
CLI01909,Labé,Femme,18,372000,20,Prépayé,Oui,Non,25000,Espèces,148,100,42,1669,18,1,0,3,Service client reactif et efficace.,Non
CLI01910,Conakry,Homme,31,873000,26,Prépayé,Oui,Oui,50000,Orange Money,135,83,57,50,25,0,0,3,"Bon rapport qualite prix, je recommande.",Non
CLI01911,Conakry,Homme,33,702000,50,Prépayé,Non,Oui,48000,Orange Money,194,62,0,1293,35,3,1,1,Aucune reponse a mes reclamations depuis un mois.,Oui
CLI01912,Faranah,Homme,47,842000,3,Illimité,Oui,Oui,57000,Orange Money,223,48,63,3074,15,2,1,2,Aucune reponse a mes reclamations depuis un mois.,Oui
CLI01913,Conakry,Homme,36,1373000,10,Prépayé,Oui,Non,104000,Orange Money,71,142,67,3388,5,5,0,0,Tres decu par la qualite du reseau en ce moment.,Oui
CLI01914,Kindia,Homme,23,775000,9,Postpayé,Non,Non,52000,Espèces,214,89,0,1376,17,2,0,10,Trop cher par rapport a la qualite recue.,Oui
CLI01915,Kindia,Homme,19,300000,21,Prépayé,Non,Non,18000,Orange Money,291,157,0,1947,5,1,1,8,Trop de coupures de reseau ces derniers temps.,Oui
CLI01916,Faranah,Femme,45,1121000,9,Prépayé,Non,Non,46000,Orange Money,152,51,1,2357,2,0,0,5,Aucun probleme depuis mon inscription.,Non
CLI01917,Conakry,Femme,21,776000,10,Postpayé,Oui,Oui,39000,Virement bancaire,119,71,25,170,12,1,0,6,Service correct dans l'ensemble.,Non
CLI01918,Conakry,Homme,54,1313000,63,Prépayé,Non,Non,113000,Espèces,123,80,0,3611,8,2,1,9,Service client reactif et efficace.,Non
CLI01919,Conakry,Femme,37,360000,18,Postpayé,Non,Oui,23000,Orange Money,205,93,1,2871,10,0,0,0,Aucun probleme depuis mon inscription.,Non
CLI01920,Faranah,Homme,29,641000,8,Postpayé,Non,Non,53000,Espèces,85,144,7,4205,43,1,0,0,Rien de particulier a signaler.,Non
CLI01921,Conakry,Homme,25,802000,9,Prépayé,Oui,Non,43000,Orange Money,159,24,84,744,23,2,0,4,Rien de particulier a signaler.,Non
CLI01922,Labé,Homme,50,956000,11,Prépayé,Oui,Non,40000,Orange Money,178,37,18,2429,12,0,0,0,"Utilisation standard, pas de souci majeur.",Non
CLI01923,Boké,Femme,33,1293000,10,Illimité,Non,Oui,76000,Orange Money,71,9,3,2338,3,1,0,4,Service correct dans l'ensemble.,Non
CLI01924,Kindia,Homme,36,300000,2,Prépayé,Non,Non,21000,Orange Money,228,92,1,3966,106,0,0,4,Rien de particulier a signaler.,Non
CLI01925,Kindia,Homme,18,1433000,1,Illimité,Oui,Oui,109000,Orange Money,210,116,41,2142,0,0,1,1,Service client reactif et efficace.,Non
CLI01926,Labé,Femme,36,730000,19,Prépayé,Non,Oui,53000,Virement bancaire,145,69,1,1017,9,2,0,4,"Utilisation standard, pas de souci majeur.",Non
CLI01927,Conakry,Homme,23,1612000,21,Prépayé,Non,Non,122000,Orange Money,372,161,1,3249,1,3,1,0,"Utilisation standard, pas de souci majeur.",Oui
CLI01928,Kindia,Femme,18,1142000,24,Prépayé,Non,Oui,59000,Espèces,95,13,1,2636,4,0,1,5,Rien de particulier a signaler.,Non
CLI01929,Kindia,Femme,32,558000,22,Postpayé,Non,Oui,46000,Virement bancaire,228,112,2,3842,53,2,1,0,Facturation incorrecte plusieurs fois de suite.,Oui
CLI01930,Conakry,Femme,33,1204000,17,Prépayé,Non,Non,65000,Orange Money,174,126,0,2466,34,1,2,0,Rien de particulier a signaler.,Oui
CLI01931,Labé,Homme,20,437000,24,Prépayé,Non,Oui,36000,Orange Money,152,41,1,1186,76,2,0,0,Offres interessantes et service fiable.,Non
CLI01932,Kindia,Femme,66,749000,17,Prépayé,Non,Oui,38000,Orange Money,254,86,3,2245,50,2,0,0,Aucun probleme depuis mon inscription.,Non
CLI01933,Conakry,Femme,21,597000,6,Prépayé,Non,Oui,29000,Virement bancaire,224,193,1,2418,67,3,1,31,Trop cher par rapport a la qualite recue.,Oui
CLI01934,Conakry,Homme,24,930000,11,Illimité,Oui,Non,79000,Orange Money,102,94,66,2720,26,4,1,5,Trop cher par rapport a la qualite recue.,Oui
CLI01935,Kindia,Homme,37,508000,4,Prépayé,Non,Oui,39000,Orange Money,177,127,3,1421,18,1,0,5,"Utilisation standard, pas de souci majeur.",Non
CLI01936,Mamou,Homme,38,712000,13,Postpayé,Non,Oui,45000,Orange Money,175,134,0,1198,26,0,0,0,Service client reactif et efficace.,Non
CLI01937,Kankan,Femme,37,518000,1,Prépayé,Non,Non,26000,Orange Money,171,175,5,1161,9,0,1,0,Content de la couverture reseau dans ma zone.,Non
CLI01938,Boké,Femme,31,699000,10,Postpayé,Non,Oui,58000,Orange Money,158,83,1,378,87,2,0,0,Service client reactif et efficace.,Non
CLI01939,Conakry,Femme,52,1385000,3,Prépayé,Non,Oui,69000,Orange Money,196,44,2,2847,16,3,0,3,Offres interessantes et service fiable.,Non
CLI01940,Labé,Femme,25,865000,4,Prépayé,Non,Non,33000,Espèces,223,143,1,2323,6,1,0,2,Offres interessantes et service fiable.,Non
CLI01941,N'Zérékoré,Femme,18,1753000,11,Illimité,Non,Oui,63000,Espèces,193,84,0,940,29,3,1,0,Tres decu par la qualite du reseau en ce moment.,Oui
CLI01942,Conakry,Homme,22,1029000,58,Postpayé,Non,Non,42000,Orange Money,141,67,6,2106,13,1,0,5,Content de la couverture reseau dans ma zone.,Non
CLI01943,Kindia,Femme,32,360000,4,Prépayé,Non,Oui,22000,Orange Money,177,118,3,3097,13,3,0,0,Service client reactif et efficace.,Non
CLI01944,Conakry,Femme,35,1012000,3,Prépayé,Non,Oui,86000,Espèces,111,87,4,3012,35,1,0,0,Rien de particulier a signaler.,Oui
CLI01945,Labé,Homme,57,863000,32,Prépayé,Non,Non,32000,Orange Money,216,81,0,2328,0,1,1,7,Service correct dans l'ensemble.,Non
CLI01946,Conakry,Femme,33,560000,23,Prépayé,Non,Non,37000,Orange Money,203,88,2,1211,40,3,0,0,Rien de particulier a signaler.,Non
CLI01947,N'Zérékoré,Homme,29,790000,23,Prépayé,Non,Non,33000,Orange Money,221,110,2,1443,2,2,0,0,Tres decu par la qualite du reseau en ce moment.,Oui
CLI01948,Kindia,Homme,28,365000,10,Prépayé,Non,Oui,12000,Espèces,258,54,0,3127,29,3,0,5,Facturation incorrecte plusieurs fois de suite.,Oui
CLI01949,Mamou,Femme,25,478000,1,Postpayé,Non,Non,25000,Orange Money,196,122,3,3198,17,1,0,0,Rien de particulier a signaler.,Non
CLI01950,Kindia,Femme,42,920000,18,Illimité,Non,Oui,64000,Orange Money,168,108,0,2281,4,3,1,6,Le service client ne repond jamais rapidement.,Oui
CLI01951,Kindia,Femme,21,649000,20,Illimité,Oui,Non,45000,Carte bancaire,303,121,48,2933,50,2,0,0,Tres satisfait du reseau et du service.,Non
CLI01952,Conakry,Femme,50,891000,30,Prépayé,Non,Oui,63000,Orange Money,150,122,5,1618,26,0,1,12,"Utilisation standard, pas de souci majeur.",Oui
CLI01953,Kankan,Femme,23,1546000,21,Prépayé,Non,Non,103000,Orange Money,154,32,2,3399,52,0,0,0,Content de la couverture reseau dans ma zone.,Non
CLI01954,Conakry,Homme,27,703000,4,Prépayé,Non,Non,38000,Carte bancaire,202,19,4,3123,5,0,0,4,"Bon rapport qualite prix, je recommande.",Non
CLI01955,Conakry,Homme,35,719000,20,Prépayé,Non,Non,26000,Orange Money,138,78,0,2161,16,0,0,5,Service client reactif et efficace.,Non
CLI01956,Kindia,Femme,18,553000,13,Postpayé,Non,Non,39000,Orange Money,67,123,4,2270,96,0,1,0,"Utilisation standard, pas de souci majeur.",Non
CLI01957,Conakry,Homme,36,1045000,13,Illimité,Non,Oui,84000,Orange Money,146,132,2,2201,4,3,0,2,"Utilisation standard, pas de souci majeur.",Non
CLI01958,Kindia,Homme,34,300000,23,Prépayé,Non,Oui,15000,Espèces,225,71,1,3208,43,3,0,0,Offres interessantes et service fiable.,Non
CLI01959,Conakry,Femme,49,312000,2,Postpayé,Oui,Non,12000,Espèces,178,83,13,2053,11,1,0,0,"Utilisation standard, pas de souci majeur.",Non
CLI01960,N'Zérékoré,Homme,42,611000,19,Prépayé,Non,Oui,23000,Espèces,121,23,1,650,13,0,0,0,Rien de particulier a signaler.,Non
CLI01961,Kankan,Femme,18,1111000,18,Prépayé,Non,Non,84000,Espèces,256,66,0,2838,11,1,0,6,"Bon rapport qualite prix, je recommande.",Non
CLI01962,Conakry,Homme,38,607000,18,Illimité,Non,Non,41000,Orange Money,184,71,10,1110,10,1,1,4,Trop de coupures de reseau ces derniers temps.,Oui
CLI01963,Kankan,Femme,23,526000,32,Prépayé,Non,Non,39000,Orange Money,154,66,1,944,19,1,1,8,Content de la couverture reseau dans ma zone.,Non
CLI01964,Conakry,Femme,23,525000,18,Postpayé,Non,Oui,17000,Espèces,160,59,2,915,16,3,1,5,Aucune reponse a mes reclamations depuis un mois.,Oui
CLI01965,Labé,Homme,25,735000,11,Prépayé,Oui,Non,30000,Espèces,192,147,51,2718,9,1,1,3,"Utilisation standard, pas de souci majeur.",Oui
CLI01966,Kankan,Femme,57,1592000,10,Illimité,Oui,Non,65000,Espèces,231,125,46,2226,39,1,4,5,Trop de coupures de reseau ces derniers temps.,Oui
CLI01967,Conakry,Femme,29,677000,36,Prépayé,Non,Oui,26000,Espèces,193,79,4,3640,1,1,1,1,Offres interessantes et service fiable.,Non
CLI01968,Conakry,Femme,34,828000,2,Prépayé,Non,Oui,58000,Orange Money,214,55,9,3425,39,2,1,0,"Je pense changer d'operateur, trop de pannes.",Oui
CLI01969,Kankan,Femme,44,410000,11,Postpayé,Non,Non,29000,Virement bancaire,242,102,12,3545,39,2,0,5,Le service client ne repond jamais rapidement.,Oui
CLI01970,Mamou,Femme,55,911000,14,Prépayé,Non,Non,62000,Orange Money,207,53,1,2878,18,2,1,0,Tres satisfait du reseau et du service.,Non
CLI01971,N'Zérékoré,Homme,30,300000,60,Postpayé,Non,Non,12000,Espèces,206,92,8,1263,8,0,2,0,"Bon rapport qualite prix, je recommande.",Non
CLI01972,Conakry,Femme,36,884000,1,Prépayé,Non,Oui,42000,Orange Money,140,78,0,1635,68,0,0,0,Offres interessantes et service fiable.,Non
CLI01973,Conakry,Femme,37,578000,9,Prépayé,Non,Oui,42000,Orange Money,146,112,2,2060,49,0,1,0,"Bon rapport qualite prix, je recommande.",Non
CLI01974,Conakry,Homme,35,849000,31,Postpayé,Non,Non,47000,Carte bancaire,176,101,1,2987,9,1,0,1,Aucun probleme depuis mon inscription.,Non
CLI01975,Kindia,Homme,32,985000,32,Prépayé,Non,Oui,59000,Carte bancaire,109,142,1,792,3,0,0,6,"Utilisation standard, pas de souci majeur.",Non
CLI01976,Conakry,Femme,21,300000,11,Prépayé,Non,Oui,19000,Espèces,355,50,1,4257,17,1,0,0,Le forfait ne correspond plus a mes besoins.,Oui
CLI01977,Labé,Homme,28,1437000,39,Prépayé,Non,Oui,119000,Orange Money,246,36,1,1528,13,2,3,2,Content de la couverture reseau dans ma zone.,Non
CLI01978,Conakry,Homme,25,648000,4,Prépayé,Oui,Oui,43000,Orange Money,273,131,80,1590,55,1,0,1,"Utilisation standard, pas de souci majeur.",Non
CLI01979,Boké,Femme,23,359000,33,Prépayé,Non,Non,13000,Orange Money,148,53,4,4015,49,2,0,0,Service correct dans l'ensemble.,Non
CLI01980,Labé,Femme,28,1006000,23,Illimité,Non,Oui,59000,Carte bancaire,79,58,6,2028,57,0,2,6,Tres decu par la qualite du reseau en ce moment.,Oui
CLI01981,Conakry,Homme,33,350000,10,Prépayé,Non,Oui,15000,Orange Money,177,37,5,3806,60,3,1,4,Service correct dans l'ensemble.,Oui
CLI01982,Faranah,Femme,26,1158000,5,Postpayé,Non,Oui,47000,Orange Money,61,45,13,2779,33,0,0,0,Service client reactif et efficace.,Non
CLI01983,N'Zérékoré,Homme,29,723000,4,Prépayé,Non,Oui,33000,Orange Money,155,124,9,2951,20,1,0,7,Rien de particulier a signaler.,Non
CLI01984,Kindia,Femme,44,684000,4,Postpayé,Non,Oui,37000,Espèces,159,48,3,2534,0,3,0,1,Tres satisfait du reseau et du service.,Non
CLI01985,Labé,Femme,42,1112000,6,Postpayé,Non,Non,42000,Orange Money,219,133,0,1099,53,0,0,0,Service client reactif et efficace.,Non
CLI01986,Kindia,Femme,23,1469000,2,Prépayé,Non,Oui,129000,Espèces,149,82,3,157,8,1,1,1,"Utilisation standard, pas de souci majeur.",Oui
CLI01987,N'Zérékoré,Homme,18,300000,26,Prépayé,Non,Non,23000,Orange Money,146,148,1,2009,73,1,0,1,"Bon rapport qualite prix, je recommande.",Non
CLI01988,Kankan,Homme,63,2119000,3,Illimité,Oui,Oui,80000,Orange Money,168,53,42,3603,6,1,0,0,"Je pense changer d'operateur, trop de pannes.",Oui
CLI01989,N'Zérékoré,Femme,32,367000,37,Prépayé,Non,Oui,24000,Orange Money,129,191,6,3083,16,0,0,0,Offres interessantes et service fiable.,Non
CLI01990,Kindia,Homme,54,381000,10,Prépayé,Non,Oui,24000,Orange Money,160,133,5,2065,37,0,0,0,Trop cher par rapport a la qualite recue.,Oui
CLI01991,Kindia,Femme,33,332000,23,Prépayé,Non,Non,18000,Orange Money,145,156,7,3152,1,1,1,2,Rien de particulier a signaler.,Non
CLI01992,Conakry,Homme,54,397000,8,Prépayé,Non,Non,26000,Espèces,276,35,3,1529,36,2,0,3,Service client reactif et efficace.,Non
CLI01993,Conakry,Homme,39,599000,20,Postpayé,Non,Non,23000,Espèces,230,61,6,3602,52,2,1,0,Service correct dans l'ensemble.,Non
CLI01994,N'Zérékoré,Femme,33,592000,8,Postpayé,Non,Non,51000,Carte bancaire,173,67,1,4153,37,4,1,0,Service correct dans l'ensemble.,Oui
CLI01995,Labé,Homme,28,554000,12,Prépayé,Oui,Oui,38000,Espèces,153,84,20,4274,10,3,0,0,Tres satisfait du reseau et du service.,Non
CLI01996,Boké,Homme,32,463000,20,Illimité,Non,Non,30000,Espèces,180,46,0,2899,14,0,0,0,Service correct dans l'ensemble.,Non
CLI01997,Conakry,Homme,24,855000,7,Postpayé,Non,Non,35000,Espèces,221,157,2,3230,12,0,2,0,Offres interessantes et service fiable.,Non
CLI01998,N'Zérékoré,Femme,37,1134000,13,Illimité,Non,Oui,63000,Espèces,292,172,7,809,99,1,1,0,Service correct dans l'ensemble.,Oui
CLI01999,Conakry,Homme,34,950000,1,Prépayé,Non,Non,38000,Orange Money,202,139,0,5170,56,0,0,1,"Utilisation standard, pas de souci majeur.",Oui
CLI02000,Mamou,Femme,40,874000,34,Illimité,Oui,Oui,51000,Orange Money,58,162,31,5979,18,1,0,0,"Bon rapport qualite prix, je recommande.",Non
CLI02001,Labé,Femme,40,697000,22,Illimité,Non,Oui,54000,Orange Money,88,94,5,1634,20,1,1,0,Rien de particulier a signaler.,Non
CLI02002,Faranah,Homme,22,1066000,42,Prépayé,Oui,Oui,54000,Orange Money,173,113,59,2361,17,2,0,8,Rien de particulier a signaler.,Non
CLI02003,Faranah,Homme,38,1531000,25,Prépayé,Oui,Non,105000,Espèces,200,115,50,3371,54,2,2,8,"Utilisation standard, pas de souci majeur.",Oui
CLI02004,Mamou,Homme,34,360000,45,Prépayé,Non,Oui,32000,Orange Money,107,34,0,2010,42,1,1,6,Trop de coupures de reseau ces derniers temps.,Oui
CLI02005,Labé,Homme,46,628000,31,Prépayé,Non,Oui,56000,Orange Money,223,144,1,1422,17,0,0,9,Tres satisfait du reseau et du service.,Non
CLI02006,Boké,Femme,53,573000,55,Prépayé,Non,Oui,20000,Espèces,177,121,6,3639,1,1,0,3,Tres satisfait du reseau et du service.,Non
CLI02007,Kankan,Homme,30,769000,12,Prépayé,Non,Oui,62000,Virement bancaire,274,46,1,1802,15,0,1,0,Service correct dans l'ensemble.,Oui
CLI02008,Conakry,Femme,18,364000,7,Postpayé,Non,Non,18000,Orange Money,188,173,7,3255,42,2,0,0,"Utilisation standard, pas de souci majeur.",Oui
CLI02009,Conakry,Femme,34,725000,30,Postpayé,Non,Oui,60000,Virement bancaire,202,6,2,341,2,1,1,9,Offres interessantes et service fiable.,Non
CLI02010,Kankan,Femme,33,494000,24,Prépayé,Non,Non,38000,Carte bancaire,198,72,2,3014,20,0,0,0,"Utilisation standard, pas de souci majeur.",Non
CLI02011,Kankan,Femme,23,1167000,32,Postpayé,Non,Oui,79000,Virement bancaire,54,105,1,3482,30,2,0,3,Content de la couverture reseau dans ma zone.,Non
CLI02012,Mamou,Femme,39,992000,4,Prépayé,Non,Non,31000,Espèces,125,85,1,50,22,0,0,5,"Utilisation standard, pas de souci majeur.",Oui
CLI02013,Conakry,Homme,31,333000,9,Postpayé,Oui,Non,26000,Orange Money,82,95,21,2749,10,1,1,7,Content de la couverture reseau dans ma zone.,Non
CLI02014,Kankan,Homme,41,432000,22,Postpayé,Non,Non,22000,Orange Money,190,39,2,1752,32,0,0,0,Aucun probleme depuis mon inscription.,Non
CLI02015,N'Zérékoré,Homme,20,3068000,9,Prépayé,Non,Oui,269000,Espèces,150,66,0,2577,16,1,1,0,"Bon rapport qualite prix, je recommande.",Non
CLI02016,Boké,Femme,37,702000,8,Prépayé,Non,Oui,34000,Virement bancaire,162,76,2,3414,33,1,0,0,Content de la couverture reseau dans ma zone.,Non
CLI02017,Kindia,Femme,32,568000,21,Prépayé,Non,Oui,32000,Virement bancaire,223,110,0,1294,23,2,0,2,Service correct dans l'ensemble.,Non
CLI02018,Kindia,Homme,31,550000,28,Illimité,Non,Oui,39000,Virement bancaire,90,99,1,1860,2,0,0,6,Content de la couverture reseau dans ma zone.,Non
CLI02019,Labé,Homme,45,1484000,16,Postpayé,Non,Oui,93000,Espèces,243,38,4,693,27,3,1,14,Facturation incorrecte plusieurs fois de suite.,Oui
CLI02020,Conakry,Homme,27,1240000,2,Prépayé,Non,Oui,50000,Orange Money,83,97,3,608,13,0,0,10,Content de la couverture reseau dans ma zone.,Non
CLI02021,Conakry,Homme,29,675000,41,Prépayé,Non,Non,56000,Virement bancaire,261,61,1,701,4,1,1,0,Rien de particulier a signaler.,Non
CLI02022,N'Zérékoré,Homme,42,1307000,23,Prépayé,Oui,Oui,69000,Virement bancaire,225,67,42,4094,62,0,1,10,Tres satisfait du reseau et du service.,Non
CLI02023,Boké,Homme,18,408000,7,Prépayé,Non,Non,20000,Orange Money,207,47,1,3286,18,2,0,0,Trop cher par rapport a la qualite recue.,Oui
CLI02024,Labé,Homme,42,794000,66,Prépayé,Non,Oui,36000,Espèces,133,99,3,1436,46,1,0,6,Rien de particulier a signaler.,Non
CLI02025,Kindia,Femme,26,357000,1,Prépayé,Oui,Non,15000,Carte bancaire,236,51,38,3090,6,1,0,0,Rien de particulier a signaler.,Non
CLI02026,Conakry,Homme,18,1271000,1,Prépayé,Non,Oui,108000,Espèces,261,3,2,2081,23,1,1,0,Service correct dans l'ensemble.,Non
CLI02027,Conakry,Femme,50,904000,5,Prépayé,Non,Non,67000,Virement bancaire,204,95,0,3075,37,1,0,3,Le forfait ne correspond plus a mes besoins.,Oui
CLI02028,Conakry,Femme,52,300000,2,Prépayé,Non,Oui,10000,Orange Money,236,110,2,2969,2,0,1,0,"Bon rapport qualite prix, je recommande.",Non
CLI02029,Faranah,Homme,35,802000,23,Prépayé,Non,Non,36000,Orange Money,217,100,3,2814,23,1,0,4,"Bon rapport qualite prix, je recommande.",Non
CLI02030,Kankan,Femme,22,1128000,17,Postpayé,Non,Oui,68000,Espèces,201,39,5,1371,21,0,0,3,Rien de particulier a signaler.,Non
CLI02031,N'Zérékoré,Femme,18,1158000,53,Prépayé,Non,Non,102000,Orange Money,177,33,4,1612,38,0,0,1,Rien de particulier a signaler.,Non
CLI02032,N'Zérékoré,Homme,37,739000,11,Prépayé,Non,Non,25000,Carte bancaire,232,39,3,3614,5,0,1,0,Rien de particulier a signaler.,Non
CLI02033,Conakry,Femme,51,1009000,2,Illimité,Non,Non,60000,Orange Money,205,50,1,3991,1,0,0,7,Content de la couverture reseau dans ma zone.,Non
CLI02034,Conakry,Homme,18,2296000,11,Prépayé,Non,Oui,156000,Orange Money,203,79,2,2213,6,0,0,0,"Utilisation standard, pas de souci majeur.",Non
CLI02035,Mamou,Homme,33,917000,48,Postpayé,Non,Oui,39000,Espèces,176,94,1,640,46,1,0,0,Service correct dans l'ensemble.,Non
CLI02036,Conakry,Homme,51,1058000,4,Prépayé,Non,Non,93000,Orange Money,206,128,3,3385,76,1,0,1,Service client reactif et efficace.,Non
CLI02037,N'Zérékoré,Homme,43,730000,96,Prépayé,Non,Oui,44000,Espèces,164,131,4,2694,19,1,1,4,Service client reactif et efficace.,Non
CLI02038,Boké,Homme,31,1724000,22,Prépayé,Oui,Oui,91000,Orange Money,118,28,13,4916,40,1,0,0,"Utilisation standard, pas de souci majeur.",Non
CLI02039,Boké,Femme,57,813000,21,Prépayé,Non,Non,61000,Espèces,204,87,2,3580,32,1,1,1,Service correct dans l'ensemble.,Non
CLI02040,Boké,Femme,19,300000,81,Illimité,Non,Non,15000,Espèces,218,38,1,232,5,3,1,1,Tres satisfait du reseau et du service.,Non
CLI02041,Kindia,Homme,39,749000,15,Prépayé,Non,Oui,44000,Espèces,116,100,8,2977,4,0,1,3,Content de la couverture reseau dans ma zone.,Non
CLI02042,Labé,Femme,45,1352000,29,Prépayé,Non,Non,45000,Espèces,165,42,4,50,24,2,1,5,"Utilisation standard, pas de souci majeur.",Oui
CLI02043,Conakry,Femme,18,888000,8,Postpayé,Non,Oui,27000,Orange Money,121,29,4,2211,9,1,1,2,Content de la couverture reseau dans ma zone.,Non
CLI02044,N'Zérékoré,Homme,28,523000,42,Prépayé,Non,Non,19000,Espèces,188,29,1,1948,70,1,0,12,Trop cher par rapport a la qualite recue.,Oui
CLI02045,Kankan,Femme,29,731000,72,Illimité,Non,Oui,61000,Virement bancaire,83,114,5,1919,6,2,2,0,Aucun probleme depuis mon inscription.,Non
CLI02046,Kankan,Homme,65,582000,33,Prépayé,Oui,Oui,41000,Carte bancaire,206,30,43,4562,47,2,0,2,Aucun probleme depuis mon inscription.,Non
CLI02047,N'Zérékoré,Homme,33,755000,15,Prépayé,Oui,Non,38000,Virement bancaire,66,56,50,3436,5,0,2,0,"Utilisation standard, pas de souci majeur.",Oui
CLI02048,Mamou,Femme,32,345000,3,Prépayé,Oui,Oui,12000,Espèces,211,82,38,2715,9,1,0,1,Aucun probleme depuis mon inscription.,Non
CLI02049,N'Zérékoré,Homme,27,812000,1,Postpayé,Non,Non,39000,Carte bancaire,254,100,4,50,21,2,1,1,Aucune reponse a mes reclamations depuis un mois.,Oui
CLI02050,Faranah,Femme,63,1182000,12,Prépayé,Oui,Oui,76000,Virement bancaire,257,145,56,3518,89,0,0,3,"Bon rapport qualite prix, je recommande.",Non
CLI02051,Boké,Femme,56,837000,8,Postpayé,Non,Oui,41000,Orange Money,184,81,5,592,2,0,0,0,Offres interessantes et service fiable.,Non
CLI02052,Conakry,Femme,24,300000,25,Prépayé,Non,Oui,24000,Virement bancaire,149,50,4,1283,1,1,0,16,"Utilisation standard, pas de souci majeur.",Oui
CLI02053,Labé,Femme,25,330000,3,Postpayé,Non,Non,18000,Espèces,197,97,2,5282,54,2,0,4,Tres satisfait du reseau et du service.,Non
CLI02054,Labé,Homme,40,528000,1,Prépayé,Non,Non,42000,Orange Money,181,47,3,2424,23,0,1,3,Tres satisfait du reseau et du service.,Non
CLI02055,Faranah,Homme,36,1035000,21,Prépayé,Non,Oui,73000,Orange Money,133,116,3,3584,63,0,0,3,Aucun probleme depuis mon inscription.,Non
CLI02056,Kankan,Homme,38,520000,27,Prépayé,Oui,Oui,42000,Virement bancaire,163,127,59,2330,20,2,1,1,Offres interessantes et service fiable.,Non
CLI02057,Mamou,Femme,25,516000,2,Postpayé,Non,Non,24000,Virement bancaire,164,139,1,2268,33,2,2,6,"Utilisation standard, pas de souci majeur.",Oui
CLI02058,Conakry,Femme,18,1177000,18,Postpayé,Non,Non,95000,Virement bancaire,258,39,1,3498,15,0,1,4,"Utilisation standard, pas de souci majeur.",Non
CLI02059,Conakry,Homme,35,521000,6,Prépayé,Oui,Non,20000,Orange Money,220,92,65,1549,0,3,1,2,Facturation incorrecte plusieurs fois de suite.,Oui
CLI02060,Kankan,Homme,23,524000,4,Prépayé,Non,Non,41000,Orange Money,235,94,7,2692,10,1,0,14,"Utilisation standard, pas de souci majeur.",Non
CLI02061,Kankan,Homme,63,750000,6,Prépayé,Non,Oui,54000,Orange Money,191,107,3,2773,19,2,0,0,Aucun probleme depuis mon inscription.,Non
CLI02062,Kindia,Femme,36,541000,59,Postpayé,Oui,Oui,42000,Orange Money,214,106,33,1410,29,3,2,5,Le service client ne repond jamais rapidement.,Oui
CLI02063,Conakry,Homme,37,1606000,4,Prépayé,Non,Non,81000,Orange Money,212,89,5,2393,20,1,1,0,Offres interessantes et service fiable.,Non
CLI02064,Conakry,Homme,39,983000,34,Illimité,Oui,Oui,82000,Orange Money,124,95,27,3732,10,0,1,0,Service correct dans l'ensemble.,Non
CLI02065,Conakry,Femme,27,750000,3,Postpayé,Non,Non,48000,Virement bancaire,217,81,5,656,15,0,0,0,Aucun probleme depuis mon inscription.,Non
CLI02066,N'Zérékoré,Femme,36,300000,20,Postpayé,Non,Oui,14000,Espèces,239,45,1,2326,8,2,0,1,Tres satisfait du reseau et du service.,Non
CLI02067,Kindia,Homme,21,1525000,33,Prépayé,Non,Non,91000,Espèces,50,106,2,3232,34,2,1,1,Service client reactif et efficace.,Non
CLI02068,Boké,Femme,34,2247000,13,Prépayé,Non,Non,81000,Espèces,93,44,1,2258,41,4,0,9,Offres interessantes et service fiable.,Non
CLI02069,Kankan,Femme,39,600000,42,Illimité,Non,Non,26000,Orange Money,130,101,4,2989,23,1,0,25,"Je pense changer d'operateur, trop de pannes.",Oui
CLI02070,Conakry,Homme,34,643000,6,Postpayé,Non,Oui,48000,Orange Money,172,84,2,1733,13,1,0,1,"Bon rapport qualite prix, je recommande.",Non
CLI02071,Labé,Femme,18,950000,12,Postpayé,Non,Oui,80000,Virement bancaire,206,57,7,2927,4,0,1,0,Offres interessantes et service fiable.,Non
CLI02072,Labé,Femme,41,1187000,20,Prépayé,Non,Oui,51000,Orange Money,168,102,0,2348,1,1,3,2,Rien de particulier a signaler.,Oui
CLI02073,Kindia,Femme,25,674000,50,Illimité,Oui,Oui,43000,Orange Money,122,143,77,2279,5,1,0,0,Content de la couverture reseau dans ma zone.,Non
CLI02074,Conakry,Homme,45,920000,17,Prépayé,Oui,Oui,40000,Espèces,197,120,53,3605,56,0,1,0,"Bon rapport qualite prix, je recommande.",Non
CLI02075,Boké,Femme,35,705000,17,Prépayé,Non,Oui,44000,Virement bancaire,194,47,0,2418,35,2,0,5,Rien de particulier a signaler.,Non
CLI02076,Conakry,Femme,34,666000,29,Postpayé,Non,Non,31000,Virement bancaire,235,135,0,5015,11,0,1,0,Service client reactif et efficace.,Non
CLI02077,Kindia,Femme,39,490000,36,Illimité,Non,Oui,27000,Orange Money,143,67,1,3148,44,3,2,4,Le forfait ne correspond plus a mes besoins.,Oui
CLI02078,Kindia,Homme,27,713000,52,Prépayé,Non,Oui,51000,Carte bancaire,69,117,18,326,32,4,0,0,Service client reactif et efficace.,Non
CLI02079,Conakry,Femme,35,391000,1,Prépayé,Oui,Non,28000,Espèces,110,95,9,1563,5,1,1,1,Offres interessantes et service fiable.,Non
CLI02080,N'Zérékoré,Femme,30,735000,33,Postpayé,Non,Non,52000,Orange Money,167,116,3,1845,20,0,0,22,Le service client ne repond jamais rapidement.,Oui
CLI02081,Mamou,Femme,40,377000,64,Postpayé,Non,Non,24000,Orange Money,176,124,1,2043,35,1,0,1,"Utilisation standard, pas de souci majeur.",Non
CLI02082,N'Zérékoré,Homme,44,1455000,74,Illimité,Non,Oui,82000,Carte bancaire,153,107,1,2609,27,3,0,2,Content de la couverture reseau dans ma zone.,Non
CLI02083,N'Zérékoré,Homme,25,878000,43,Postpayé,Non,Non,78000,Orange Money,99,125,5,3043,4,1,0,0,Tres satisfait du reseau et du service.,Non
CLI02084,Conakry,Homme,29,565000,8,Prépayé,Non,Non,47000,Orange Money,240,87,10,3318,22,3,0,3,Trop de coupures de reseau ces derniers temps.,Oui
CLI02085,Conakry,Femme,25,1023000,2,Prépayé,Non,Oui,57000,Carte bancaire,203,122,3,1194,16,0,0,0,Service client reactif et efficace.,Non
CLI02086,N'Zérékoré,Homme,55,640000,45,Prépayé,Oui,Oui,39000,Espèces,293,73,71,3692,39,1,1,4,Service correct dans l'ensemble.,Non
CLI02087,Labé,Homme,25,549000,9,Postpayé,Non,Oui,35000,Carte bancaire,287,57,2,4402,18,1,0,5,"Utilisation standard, pas de souci majeur.",Non
CLI02088,Mamou,Femme,33,1130000,16,Postpayé,Non,Non,48000,Espèces,225,105,8,2369,12,0,2,3,"Bon rapport qualite prix, je recommande.",Non
CLI02089,Kankan,Femme,31,727000,1,Prépayé,Non,Oui,41000,Espèces,227,107,4,5340,19,2,0,0,Le service client ne repond jamais rapidement.,Oui
CLI02090,Kindia,Homme,24,652000,6,Prépayé,Non,Oui,32000,Orange Money,119,45,3,3371,2,1,0,0,Offres interessantes et service fiable.,Non
CLI02091,Labé,Homme,40,789000,16,Postpayé,Non,Oui,24000,Orange Money,177,68,3,795,17,1,1,0,Service correct dans l'ensemble.,Non
CLI02092,Conakry,Femme,31,805000,53,Illimité,Non,Oui,42000,Espèces,210,0,1,4234,2,2,0,13,Aucune reponse a mes reclamations depuis un mois.,Oui
CLI02093,Conakry,Homme,46,562000,21,Prépayé,Non,Non,31000,Orange Money,190,85,15,2284,4,1,1,3,Le service client ne repond jamais rapidement.,Oui
CLI02094,Conakry,Homme,24,783000,44,Postpayé,Non,Oui,66000,Orange Money,233,63,7,180,60,0,2,7,Rien de particulier a signaler.,Non
CLI02095,Conakry,Femme,38,355000,12,Illimité,Non,Non,18000,Espèces,161,118,5,1999,13,2,0,1,Trop cher par rapport a la qualite recue.,Oui
CLI02096,Conakry,Homme,59,990000,44,Prépayé,Non,Non,74000,Orange Money,126,100,3,2734,23,3,0,0,Aucun probleme depuis mon inscription.,Non
CLI02097,Faranah,Homme,44,1582000,19,Illimité,Oui,Non,48000,Orange Money,222,20,53,2477,5,1,1,1,Rien de particulier a signaler.,Non
CLI02098,Labé,Femme,34,1020000,11,Illimité,Non,Oui,84000,Orange Money,187,161,5,3470,4,0,0,6,Service correct dans l'ensemble.,Non
CLI02099,Kankan,Femme,44,1480000,52,Postpayé,Non,Non,130000,Carte bancaire,196,73,0,2445,17,1,1,0,Aucune reponse a mes reclamations depuis un mois.,Oui
CLI02100,Conakry,Homme,21,300000,2,Illimité,Non,Oui,10000,Carte bancaire,140,107,8,50,30,1,0,3,Content de la couverture reseau dans ma zone.,Non
CLI02101,Conakry,Femme,40,1906000,17,Illimité,Non,Oui,113000,Carte bancaire,169,94,1,633,4,0,0,1,Trop cher par rapport a la qualite recue.,Oui
CLI02102,Labé,Femme,38,454000,9,Prépayé,Non,Non,20000,Orange Money,198,104,3,4352,3,0,0,7,Le service client ne repond jamais rapidement.,Oui
CLI02103,Conakry,Homme,40,1092000,4,Prépayé,Non,Oui,68000,Espèces,124,141,3,2497,9,2,0,6,"Utilisation standard, pas de souci majeur.",Non
CLI02104,Faranah,Femme,40,1010000,31,Prépayé,Non,Oui,87000,Orange Money,39,74,1,2029,15,0,1,11,"Bon rapport qualite prix, je recommande.",Non
CLI02105,Kindia,Homme,42,319000,11,Prépayé,Oui,Non,24000,Orange Money,181,23,34,5262,54,2,0,2,Tres satisfait du reseau et du service.,Non
CLI02106,Conakry,Homme,27,617000,33,Postpayé,Non,Non,49000,Orange Money,218,76,0,2693,3,2,1,0,Le service client ne repond jamais rapidement.,Oui
CLI02107,Faranah,Femme,28,1024000,35,Prépayé,Non,Non,48000,Espèces,121,125,1,4602,14,0,1,0,"Utilisation standard, pas de souci majeur.",Non
CLI02108,Conakry,Femme,23,410000,12,Prépayé,Non,Oui,34000,Espèces,234,67,2,2503,8,0,0,0,Service correct dans l'ensemble.,Non
CLI02109,Faranah,Homme,40,1099000,45,Prépayé,Non,Non,35000,Orange Money,125,85,5,898,19,4,1,0,Service client reactif et efficace.,Non
CLI02110,Kindia,Homme,18,921000,26,Prépayé,Non,Oui,74000,Espèces,105,76,0,2941,1,0,1,6,Rien de particulier a signaler.,Non
CLI02111,Conakry,Femme,33,793000,84,Prépayé,Non,Non,44000,Espèces,144,104,2,3611,48,2,1,0,Aucun probleme depuis mon inscription.,Non
CLI02112,Mamou,Femme,25,1692000,71,Prépayé,Non,Non,65000,Orange Money,165,101,0,3564,7,2,0,0,Tres satisfait du reseau et du service.,Non
CLI02113,Labé,Femme,36,1102000,11,Prépayé,Non,Non,95000,Carte bancaire,211,108,5,1310,21,0,0,4,Service client reactif et efficace.,Non
CLI02114,Conakry,Femme,59,1612000,13,Prépayé,Non,Oui,139000,Espèces,85,55,5,4462,23,2,0,1,Service client reactif et efficace.,Non
CLI02115,Boké,Femme,28,306000,30,Prépayé,Non,Non,23000,Carte bancaire,307,42,6,2797,10,1,2,8,Content de la couverture reseau dans ma zone.,Non
CLI02116,Boké,Femme,46,2414000,96,Prépayé,Non,Oui,78000,Espèces,210,54,1,3036,40,0,1,0,Service client reactif et efficace.,Non
CLI02117,Faranah,Femme,50,1611000,56,Postpayé,Non,Non,112000,Espèces,143,129,12,1656,8,2,0,0,Offres interessantes et service fiable.,Non
CLI02118,Conakry,Homme,21,300000,28,Illimité,Non,Oui,16000,Orange Money,205,56,2,3108,8,0,1,6,"Je pense changer d'operateur, trop de pannes.",Oui
CLI02119,Labé,Femme,32,2783000,68,Illimité,Non,Oui,114000,Orange Money,93,85,2,2762,2,5,0,0,Offres interessantes et service fiable.,Non
CLI02120,N'Zérékoré,Homme,37,695000,3,Prépayé,Oui,Non,30000,Orange Money,139,60,28,782,32,1,1,0,"Bon rapport qualite prix, je recommande.",Non
CLI02121,Conakry,Femme,25,1064000,54,Postpayé,Non,Oui,67000,Orange Money,125,102,2,2570,2,1,0,2,Service correct dans l'ensemble.,Non
CLI02122,Faranah,Homme,29,666000,24,Prépayé,Oui,Oui,33000,Espèces,127,3,63,4881,25,3,0,6,Service client reactif et efficace.,Non
CLI02123,Kindia,Femme,32,2044000,18,Prépayé,Non,Non,135000,Espèces,198,107,6,2005,17,0,1,10,Trop de coupures de reseau ces derniers temps.,Oui
CLI02124,Boké,Homme,36,517000,40,Illimité,Non,Oui,36000,Carte bancaire,168,87,5,615,68,1,0,5,Content de la couverture reseau dans ma zone.,Non
CLI02125,Conakry,Femme,28,446000,43,Prépayé,Non,Oui,24000,Carte bancaire,293,74,2,2031,19,0,2,1,"Utilisation standard, pas de souci majeur.",Non
CLI02126,Boké,Homme,47,1016000,82,Illimité,Non,Non,39000,Espèces,144,139,3,2905,38,4,0,2,Aucun probleme depuis mon inscription.,Non
CLI02127,Boké,Femme,40,1000000,96,Prépayé,Oui,Oui,46000,Espèces,92,106,24,3176,71,1,2,9,"Je pense changer d'operateur, trop de pannes.",Oui
CLI02128,N'Zérékoré,Homme,33,612000,66,Postpayé,Non,Oui,52000,Orange Money,170,32,2,2822,9,1,1,2,Le service client ne repond jamais rapidement.,Oui
CLI02129,Kankan,Femme,37,512000,7,Postpayé,Non,Non,28000,Orange Money,151,165,1,1072,1,0,0,22,"Je pense changer d'operateur, trop de pannes.",Oui
CLI02130,N'Zérékoré,Homme,18,918000,25,Prépayé,Non,Oui,29000,Carte bancaire,48,78,1,4134,15,2,1,4,Service client reactif et efficace.,Non
CLI02131,N'Zérékoré,Homme,18,388000,22,Illimité,Oui,Non,30000,Espèces,268,95,34,2025,32,2,0,2,Service correct dans l'ensemble.,Non
CLI02132,Kindia,Femme,19,739000,49,Prépayé,Non,Oui,45000,Espèces,230,92,9,2941,44,1,1,0,Service client reactif et efficace.,Non
CLI02133,Kankan,Femme,36,1146000,3,Prépayé,Non,Oui,83000,Orange Money,286,119,1,2718,30,0,1,2,"Utilisation standard, pas de souci majeur.",Non
CLI02134,Kankan,Homme,51,1246000,4,Prépayé,Non,Oui,50000,Virement bancaire,251,49,1,2310,53,0,2,0,Service correct dans l'ensemble.,Non
CLI02135,Conakry,Femme,29,1411000,11,Postpayé,Oui,Non,73000,Espèces,151,6,0,3145,32,1,0,3,Service correct dans l'ensemble.,Oui
CLI02136,Faranah,Homme,21,663000,25,Postpayé,Non,Oui,28000,Carte bancaire,218,77,5,3541,5,1,1,0,Service client reactif et efficace.,Non
CLI02137,Labé,Homme,24,1311000,38,Illimité,Non,Oui,52000,Orange Money,170,138,0,3188,1,1,0,0,Offres interessantes et service fiable.,Non
CLI02138,Conakry,Homme,36,428000,4,Prépayé,Non,Oui,30000,Orange Money,268,89,7,2048,6,3,0,9,Aucune reponse a mes reclamations depuis un mois.,Oui
CLI02139,Mamou,Femme,20,1348000,13,Prépayé,Non,Oui,121000,Espèces,191,54,4,3171,23,4,3,1,Le service client ne repond jamais rapidement.,Oui
CLI02140,Mamou,Femme,24,977000,5,Prépayé,Non,Oui,79000,Carte bancaire,212,44,1,2416,9,1,0,0,Service correct dans l'ensemble.,Oui
CLI02141,Mamou,Homme,41,1049000,1,Postpayé,Non,Non,48000,Orange Money,151,97,6,1106,24,1,1,0,Service correct dans l'ensemble.,Non
CLI02142,Conakry,Femme,48,499000,7,Prépayé,Non,Oui,44000,Orange Money,228,96,4,2971,92,3,1,0,Facturation incorrecte plusieurs fois de suite.,Oui
CLI02143,N'Zérékoré,Femme,35,914000,19,Prépayé,Non,Oui,66000,Orange Money,199,218,0,2430,33,2,1,0,Content de la couverture reseau dans ma zone.,Non
CLI02144,Kindia,Homme,34,628000,10,Prépayé,Non,Oui,54000,Espèces,93,107,0,2612,37,4,0,6,Offres interessantes et service fiable.,Non
CLI02145,Kankan,Homme,30,1111000,96,Prépayé,Non,Oui,48000,Orange Money,204,113,1,2184,19,2,3,0,Service client reactif et efficace.,Non
CLI02146,Conakry,Femme,40,918000,79,Prépayé,Non,Non,58000,Carte bancaire,238,82,2,1739,39,0,0,2,Offres interessantes et service fiable.,Non
CLI02147,Labé,Femme,18,780000,26,Prépayé,Non,Oui,50000,Carte bancaire,232,67,11,2396,10,2,0,0,"Utilisation standard, pas de souci majeur.",Non
CLI02148,Conakry,Homme,36,1193000,18,Prépayé,Oui,Non,76000,Orange Money,225,116,45,2640,54,1,0,1,Offres interessantes et service fiable.,Non
CLI02149,Labé,Homme,36,1177000,16,Prépayé,Oui,Oui,51000,Orange Money,81,102,20,2632,5,0,1,0,Service client reactif et efficace.,Non
CLI02150,Mamou,Femme,30,616000,5,Illimité,Non,Oui,53000,Orange Money,85,86,2,3542,8,0,0,0,Content de la couverture reseau dans ma zone.,Non
CLI02151,Kindia,Femme,30,619000,35,Postpayé,Non,Oui,26000,Orange Money,191,82,2,2790,4,2,0,0,"Utilisation standard, pas de souci majeur.",Non
CLI02152,Faranah,Femme,38,616000,15,Prépayé,Non,Non,45000,Orange Money,136,133,6,2254,40,2,0,0,"Bon rapport qualite prix, je recommande.",Non
CLI02153,Boké,Homme,29,1186000,96,Prépayé,Oui,Oui,74000,Espèces,128,109,64,2705,38,1,0,1,Aucun probleme depuis mon inscription.,Non
CLI02154,Conakry,Homme,41,705000,24,Prépayé,Oui,Oui,24000,Carte bancaire,216,112,0,2813,1,3,0,0,Content de la couverture reseau dans ma zone.,Non
CLI02155,Conakry,Femme,25,444000,44,Prépayé,Non,Oui,35000,Espèces,156,123,1,50,21,0,0,1,Tres satisfait du reseau et du service.,Non
CLI02156,Conakry,Femme,38,960000,8,Postpayé,Non,Oui,30000,Virement bancaire,83,65,1,1242,6,3,0,0,Aucune reponse a mes reclamations depuis un mois.,Oui
CLI02157,Kindia,Homme,44,1150000,19,Prépayé,Oui,Non,89000,Espèces,146,137,43,3141,65,2,0,5,Content de la couverture reseau dans ma zone.,Non
CLI02158,N'Zérékoré,Homme,23,569000,12,Postpayé,Non,Oui,45000,Orange Money,214,127,2,3111,29,1,0,2,"Utilisation standard, pas de souci majeur.",Non
CLI02159,Kindia,Femme,45,990000,7,Prépayé,Non,Oui,82000,Espèces,216,109,0,1071,8,0,0,1,Service correct dans l'ensemble.,Non
CLI02160,Kankan,Homme,38,1109000,5,Prépayé,Non,Non,70000,Orange Money,186,157,1,2080,72,2,0,2,Aucun probleme depuis mon inscription.,Non
CLI02161,Mamou,Homme,37,786000,12,Prépayé,Non,Oui,48000,Orange Money,164,48,8,2993,5,1,0,1,Service correct dans l'ensemble.,Oui
CLI02162,Faranah,Homme,48,369000,50,Illimité,Non,Oui,32000,Espèces,168,133,0,1472,11,2,1,3,Rien de particulier a signaler.,Oui
CLI02163,Mamou,Femme,39,1422000,2,Prépayé,Oui,Non,93000,Orange Money,157,151,31,3319,109,1,0,0,Offres interessantes et service fiable.,Non
CLI02164,Conakry,Homme,24,1085000,7,Prépayé,Non,Non,76000,Carte bancaire,275,107,5,2006,12,1,1,0,Rien de particulier a signaler.,Non
CLI02165,Kankan,Femme,41,300000,56,Prépayé,Non,Oui,19000,Orange Money,220,125,3,2361,17,0,1,0,Le service client ne repond jamais rapidement.,Oui
CLI02166,Kindia,Femme,47,450000,25,Prépayé,Oui,Oui,38000,Espèces,246,147,47,3729,11,3,0,0,"Bon rapport qualite prix, je recommande.",Non
CLI02167,N'Zérékoré,Homme,30,1074000,2,Prépayé,Non,Oui,96000,Orange Money,212,100,2,3352,20,1,1,0,Tres decu par la qualite du reseau en ce moment.,Oui
CLI02168,Conakry,Homme,31,703000,14,Prépayé,Oui,Oui,61000,Espèces,166,50,48,2120,6,1,0,4,Service correct dans l'ensemble.,Non
CLI02169,Conakry,Femme,31,1695000,16,Prépayé,Non,Oui,152000,Espèces,194,4,1,3586,3,0,0,1,"Bon rapport qualite prix, je recommande.",Non
CLI02170,Conakry,Femme,29,527000,3,Prépayé,Non,Non,31000,Orange Money,144,26,5,2296,24,1,1,1,Offres interessantes et service fiable.,Non
CLI02171,Faranah,Homme,25,781000,46,Postpayé,Non,Oui,54000,Espèces,136,59,0,1834,9,1,1,4,Tres satisfait du reseau et du service.,Non
CLI02172,Conakry,Femme,42,680000,19,Prépayé,Non,Non,48000,Orange Money,248,111,3,4109,41,1,1,2,Tres decu par la qualite du reseau en ce moment.,Oui
CLI02173,Boké,Femme,46,404000,9,Postpayé,Non,Oui,17000,Espèces,182,111,4,917,20,1,0,0,Rien de particulier a signaler.,Oui
CLI02174,Labé,Homme,20,364000,18,Prépayé,Non,Non,18000,Orange Money,227,40,1,1982,12,2,1,0,Rien de particulier a signaler.,Non
CLI02175,Labé,Femme,32,495000,4,Prépayé,Non,Oui,15000,Espèces,187,0,0,1842,4,0,1,1,Content de la couverture reseau dans ma zone.,Non
CLI02176,Conakry,Femme,31,379000,1,Illimité,Oui,Non,17000,Orange Money,127,12,28,2544,15,1,1,7,Service correct dans l'ensemble.,Non
CLI02177,Kankan,Homme,42,1389000,59,Postpayé,Non,Non,107000,Orange Money,265,12,3,2695,16,2,0,7,Service correct dans l'ensemble.,Non
CLI02178,Boké,Femme,46,552000,4,Postpayé,Non,Oui,36000,Orange Money,147,100,7,3007,11,0,1,0,Rien de particulier a signaler.,Non
CLI02179,Conakry,Femme,39,404000,15,Prépayé,Non,Non,18000,Espèces,98,47,1,2064,2,2,0,0,Tres satisfait du reseau et du service.,Non
CLI02180,Labé,Femme,47,933000,17,Prépayé,Non,Oui,59000,Espèces,233,112,2,1294,77,2,1,17,Le forfait ne correspond plus a mes besoins.,Oui
CLI02181,Conakry,Homme,44,881000,75,Prépayé,Non,Oui,74000,Orange Money,234,126,2,4165,43,1,2,8,"Bon rapport qualite prix, je recommande.",Non
CLI02182,Mamou,Homme,41,1382000,20,Postpayé,Non,Oui,114000,Orange Money,0,136,4,2380,11,4,0,2,Tres decu par la qualite du reseau en ce moment.,Oui
CLI02183,Conakry,Femme,40,931000,35,Prépayé,Non,Non,43000,Orange Money,158,87,3,832,43,0,2,1,Service correct dans l'ensemble.,Oui
CLI02184,Kankan,Homme,46,445000,68,Prépayé,Non,Non,37000,Espèces,157,41,1,3219,5,2,2,0,Offres interessantes et service fiable.,Non
CLI02185,Conakry,Femme,28,726000,10,Postpayé,Oui,Non,41000,Carte bancaire,219,42,45,3077,58,2,0,3,Trop de coupures de reseau ces derniers temps.,Oui
CLI02186,Kindia,Femme,22,779000,1,Prépayé,Non,Non,30000,Espèces,185,0,1,2564,86,1,0,5,Service correct dans l'ensemble.,Non
CLI02187,Conakry,Homme,44,867000,1,Postpayé,Non,Oui,75000,Espèces,206,201,1,5376,14,0,1,3,"Je pense changer d'operateur, trop de pannes.",Oui
CLI02188,Labé,Femme,45,1998000,13,Prépayé,Non,Oui,141000,Carte bancaire,164,110,0,2158,41,2,0,2,Service client reactif et efficace.,Non
CLI02189,Kindia,Femme,52,718000,42,Postpayé,Oui,Oui,25000,Orange Money,153,139,33,3183,29,3,0,4,Content de la couverture reseau dans ma zone.,Non
CLI02190,Boké,Femme,33,2000000,23,Illimité,Non,Oui,66000,Espèces,248,113,10,2066,15,1,0,0,Service client reactif et efficace.,Non
CLI02191,Boké,Homme,22,543000,2,Prépayé,Non,Oui,21000,Orange Money,93,93,4,3026,1,1,2,0,Rien de particulier a signaler.,Non
CLI02192,Labé,Homme,39,730000,46,Prépayé,Non,Non,49000,Orange Money,164,110,1,523,21,0,0,0,Content de la couverture reseau dans ma zone.,Non
CLI02193,Conakry,Femme,50,459000,43,Illimité,Non,Non,24000,Virement bancaire,192,67,6,2160,100,0,0,0,Rien de particulier a signaler.,Non
CLI02194,Kindia,Homme,28,628000,82,Postpayé,Non,Non,29000,Orange Money,158,168,4,2758,10,0,3,0,Content de la couverture reseau dans ma zone.,Non
CLI02195,Conakry,Femme,33,647000,1,Prépayé,Non,Non,44000,Orange Money,172,139,0,1633,141,1,0,1,Facturation incorrecte plusieurs fois de suite.,Oui
CLI02196,Conakry,Homme,28,1585000,10,Postpayé,Non,Non,105000,Orange Money,199,57,0,1911,26,0,1,0,"Utilisation standard, pas de souci majeur.",Non
CLI02197,Mamou,Femme,18,574000,6,Postpayé,Non,Non,19000,Espèces,43,114,4,1618,13,0,1,7,Trop de coupures de reseau ces derniers temps.,Oui
CLI02198,N'Zérékoré,Femme,47,942000,7,Postpayé,Non,Non,39000,Virement bancaire,239,113,1,3241,4,0,0,0,"Utilisation standard, pas de souci majeur.",Oui
CLI02199,N'Zérékoré,Homme,30,300000,24,Postpayé,Oui,Oui,17000,Orange Money,253,69,44,1377,2,1,1,3,Service correct dans l'ensemble.,Non
CLI02200,N'Zérékoré,Homme,52,867000,15,Prépayé,Non,Non,69000,Carte bancaire,209,68,1,2719,7,1,0,4,Rien de particulier a signaler.,Non
CLI02201,Conakry,Femme,30,300000,1,Illimité,Non,Oui,21000,Orange Money,233,135,2,690,6,0,1,0,Offres interessantes et service fiable.,Non
CLI02202,Faranah,Homme,18,429000,35,Prépayé,Non,Non,38000,Espèces,217,99,2,2143,114,0,0,0,Rien de particulier a signaler.,Non
CLI02203,Conakry,Homme,24,1500000,6,Prépayé,Non,Non,129000,Espèces,157,97,2,5451,24,2,1,1,Content de la couverture reseau dans ma zone.,Non
CLI02204,Kankan,Femme,24,495000,2,Prépayé,Non,Non,20000,Orange Money,160,97,1,2664,44,0,2,5,Service client reactif et efficace.,Non
CLI02205,Kankan,Homme,26,1352000,47,Prépayé,Non,Non,118000,Orange Money,144,83,1,1803,8,1,1,0,Service client reactif et efficace.,Non
CLI02206,Boké,Femme,32,600000,7,Prépayé,Non,Oui,52000,Orange Money,159,131,3,2152,28,2,0,12,"Je pense changer d'operateur, trop de pannes.",Oui
CLI02207,N'Zérékoré,Femme,30,1149000,29,Prépayé,Non,Non,68000,Orange Money,155,125,10,3365,25,0,0,6,Tres decu par la qualite du reseau en ce moment.,Oui
CLI02208,Boké,Homme,52,470000,49,Prépayé,Non,Oui,36000,Virement bancaire,134,164,6,3183,141,2,1,0,Le forfait ne correspond plus a mes besoins.,Oui
CLI02209,Labé,Femme,18,475000,55,Illimité,Oui,Oui,31000,Espèces,67,118,67,2206,23,0,0,3,Rien de particulier a signaler.,Non
CLI02210,Kindia,Homme,23,938000,3,Prépayé,Non,Oui,77000,Espèces,85,138,2,1835,27,0,1,0,Content de la couverture reseau dans ma zone.,Non
CLI02211,Kankan,Femme,35,638000,46,Prépayé,Non,Oui,44000,Orange Money,93,80,2,4541,37,0,0,9,"Bon rapport qualite prix, je recommande.",Non
CLI02212,Labé,Femme,42,300000,8,Prépayé,Non,Oui,15000,Carte bancaire,100,127,1,2459,3,0,0,0,"Utilisation standard, pas de souci majeur.",Non
CLI02213,Boké,Homme,35,836000,76,Prépayé,Non,Oui,49000,Espèces,234,143,0,780,2,1,0,11,Le forfait ne correspond plus a mes besoins.,Oui
CLI02214,Boké,Femme,34,676000,2,Prépayé,Non,Oui,58000,Orange Money,207,116,1,2223,5,1,0,0,Service client reactif et efficace.,Non
CLI02215,Faranah,Homme,40,1382000,3,Prépayé,Non,Non,56000,Virement bancaire,100,59,8,2540,58,1,1,0,"Je pense changer d'operateur, trop de pannes.",Oui
CLI02216,Conakry,Femme,32,1047000,56,Postpayé,Non,Non,67000,Espèces,177,101,1,2409,97,0,0,4,Content de la couverture reseau dans ma zone.,Non
CLI02217,Mamou,Homme,31,934000,9,Prépayé,Oui,Oui,52000,Orange Money,253,166,62,2977,3,0,0,0,"Je pense changer d'operateur, trop de pannes.",Oui
CLI02218,Conakry,Femme,38,466000,59,Prépayé,Non,Non,33000,Carte bancaire,223,122,1,2491,0,1,1,4,Tres decu par la qualite du reseau en ce moment.,Oui
CLI02219,Conakry,Homme,18,510000,27,Prépayé,Non,Non,29000,Virement bancaire,99,84,6,601,33,2,0,4,Le forfait ne correspond plus a mes besoins.,Oui
CLI02220,Conakry,Femme,34,711000,29,Postpayé,Non,Oui,43000,Orange Money,204,52,6,1160,35,0,1,5,Rien de particulier a signaler.,Non
CLI02221,Labé,Homme,25,1443000,37,Prépayé,Non,Oui,104000,Orange Money,84,113,1,1766,4,0,0,3,Service correct dans l'ensemble.,Non
CLI02222,N'Zérékoré,Femme,37,543000,12,Postpayé,Oui,Oui,21000,Orange Money,177,128,35,1766,5,0,0,0,Content de la couverture reseau dans ma zone.,Non
CLI02223,Conakry,Homme,32,699000,26,Prépayé,Non,Non,26000,Orange Money,155,78,1,2443,47,1,1,0,Content de la couverture reseau dans ma zone.,Non
CLI02224,Conakry,Femme,48,652000,24,Prépayé,Non,Oui,23000,Orange Money,144,87,2,2174,18,0,2,2,"Utilisation standard, pas de souci majeur.",Non
CLI02225,Labé,Femme,40,1012000,63,Prépayé,Non,Oui,85000,Carte bancaire,168,36,4,2666,13,0,2,0,Content de la couverture reseau dans ma zone.,Non
CLI02226,Conakry,Homme,37,2231000,96,Illimité,Non,Oui,145000,Orange Money,146,154,1,1687,6,1,2,10,Aucun probleme depuis mon inscription.,Non
CLI02227,Kindia,Homme,25,3834000,13,Prépayé,Non,Oui,162000,Espèces,254,109,6,1442,17,1,0,0,"Bon rapport qualite prix, je recommande.",Non
CLI02228,Boké,Femme,40,558000,15,Postpayé,Oui,Non,41000,Orange Money,195,54,25,781,44,2,1,0,Aucune reponse a mes reclamations depuis un mois.,Oui
CLI02229,Conakry,Homme,18,573000,24,Prépayé,Oui,Non,41000,Espèces,163,108,65,4723,35,0,0,0,Aucun probleme depuis mon inscription.,Non
CLI02230,Kankan,Homme,44,407000,44,Illimité,Non,Non,18000,Espèces,224,71,2,3925,113,0,0,0,Rien de particulier a signaler.,Non
CLI02231,Kindia,Femme,43,573000,11,Postpayé,Non,Non,37000,Orange Money,261,51,2,4056,50,1,2,5,Content de la couverture reseau dans ma zone.,Non
CLI02232,Labé,Femme,36,1451000,13,Prépayé,Non,Non,72000,Orange Money,209,136,6,1292,32,2,0,3,Service correct dans l'ensemble.,Non
CLI02233,Conakry,Femme,41,1109000,8,Postpayé,Non,Non,53000,Espèces,211,73,3,2941,19,2,0,3,Offres interessantes et service fiable.,Non
CLI02234,N'Zérékoré,Homme,19,431000,15,Prépayé,Non,Non,38000,Carte bancaire,285,87,0,3874,13,1,1,6,Rien de particulier a signaler.,Non
CLI02235,Conakry,Homme,29,451000,45,Prépayé,Non,Oui,14000,Orange Money,145,32,1,963,15,0,0,0,"Utilisation standard, pas de souci majeur.",Non
CLI02236,Boké,Homme,24,930000,20,Postpayé,Non,Non,75000,Orange Money,72,85,6,3006,26,0,0,0,Tres satisfait du reseau et du service.,Non
CLI02237,Conakry,Femme,40,525000,25,Postpayé,Non,Non,43000,Carte bancaire,130,120,0,3532,47,1,0,0,Tres satisfait du reseau et du service.,Non
CLI02238,Conakry,Homme,40,469000,89,Prépayé,Non,Non,39000,Orange Money,217,65,1,1559,14,1,0,8,Content de la couverture reseau dans ma zone.,Non
CLI02239,Conakry,Femme,51,666000,71,Postpayé,Non,Oui,22000,Orange Money,269,89,2,1054,60,1,1,0,"Utilisation standard, pas de souci majeur.",Non
CLI02240,Kindia,Homme,23,478000,42,Postpayé,Non,Non,31000,Orange Money,98,94,3,2843,88,2,1,5,Le forfait ne correspond plus a mes besoins.,Oui
CLI02241,Conakry,Femme,24,601000,7,Postpayé,Non,Oui,22000,Orange Money,193,198,1,2780,16,0,0,0,Rien de particulier a signaler.,Non
CLI02242,Boké,Homme,39,592000,9,Prépayé,Non,Non,47000,Orange Money,229,102,4,3542,35,2,0,1,"Bon rapport qualite prix, je recommande.",Non
CLI02243,Labé,Femme,27,640000,63,Prépayé,Non,Oui,33000,Orange Money,236,0,7,3082,31,1,0,0,Service correct dans l'ensemble.,Oui
CLI02244,Conakry,Femme,27,713000,1,Prépayé,Non,Non,53000,Espèces,153,134,2,1635,19,0,0,0,Le service client ne repond jamais rapidement.,Oui
CLI02245,Faranah,Homme,41,674000,63,Prépayé,Non,Non,44000,Espèces,86,72,0,5153,15,2,1,0,Offres interessantes et service fiable.,Non
CLI02246,Conakry,Homme,34,548000,23,Prépayé,Oui,Oui,24000,Orange Money,183,103,42,2061,81,1,0,1,Tres satisfait du reseau et du service.,Non
CLI02247,Labé,Homme,28,441000,9,Prépayé,Non,Oui,35000,Virement bancaire,130,84,2,3212,16,2,0,0,Le forfait ne correspond plus a mes besoins.,Oui
CLI02248,Kankan,Femme,46,840000,3,Prépayé,Non,Oui,39000,Orange Money,286,101,6,1414,38,0,1,2,Facturation incorrecte plusieurs fois de suite.,Oui
CLI02249,Labé,Homme,33,508000,42,Prépayé,Non,Oui,28000,Carte bancaire,149,0,6,2530,70,1,0,3,Service client reactif et efficace.,Non
CLI02250,Conakry,Femme,19,1243000,60,Illimité,Non,Oui,106000,Orange Money,131,83,0,1564,13,0,1,3,"Bon rapport qualite prix, je recommande.",Non
CLI02251,Conakry,Homme,32,1760000,1,Prépayé,Non,Non,154000,Espèces,179,71,9,2110,3,1,0,6,"Bon rapport qualite prix, je recommande.",Non
CLI02252,Conakry,Femme,34,687000,11,Prépayé,Non,Oui,47000,Orange Money,90,144,0,3583,23,0,0,4,Service client reactif et efficace.,Non
CLI02253,Conakry,Femme,26,809000,4,Prépayé,Non,Oui,54000,Orange Money,204,78,1,50,31,1,0,0,"Bon rapport qualite prix, je recommande.",Non
CLI02254,Labé,Femme,45,871000,19,Prépayé,Non,Oui,27000,Orange Money,121,147,7,2937,6,1,0,8,Aucun probleme depuis mon inscription.,Non
CLI02255,N'Zérékoré,Homme,37,962000,55,Prépayé,Non,Oui,66000,Espèces,126,30,6,2966,34,1,2,0,Offres interessantes et service fiable.,Non
CLI02256,Kindia,Femme,42,1227000,2,Prépayé,Non,Oui,101000,Orange Money,137,71,7,3727,16,0,1,0,Offres interessantes et service fiable.,Non
CLI02257,Kankan,Femme,44,530000,41,Prépayé,Non,Non,47000,Orange Money,189,92,3,1821,6,2,1,0,Trop cher par rapport a la qualite recue.,Oui
CLI02258,Conakry,Homme,31,1318000,41,Prépayé,Oui,Oui,67000,Espèces,189,78,73,2237,17,1,0,1,Service correct dans l'ensemble.,Non
CLI02259,N'Zérékoré,Femme,32,430000,64,Illimité,Non,Oui,31000,Espèces,183,116,3,941,9,0,0,0,Offres interessantes et service fiable.,Non
CLI02260,Kindia,Femme,35,413000,5,Prépayé,Non,Non,28000,Orange Money,63,71,6,2186,28,2,0,0,Aucune reponse a mes reclamations depuis un mois.,Oui
CLI02261,Conakry,Femme,30,300000,3,Prépayé,Non,Non,10000,Orange Money,58,64,7,769,6,0,0,1,"Utilisation standard, pas de souci majeur.",Oui
CLI02262,Conakry,Homme,50,936000,45,Prépayé,Non,Oui,36000,Virement bancaire,162,63,1,439,27,0,3,1,Rien de particulier a signaler.,Non
CLI02263,Conakry,Homme,25,971000,12,Illimité,Non,Oui,35000,Orange Money,213,61,1,2332,12,1,0,6,Offres interessantes et service fiable.,Non
CLI02264,Conakry,Homme,20,1015000,17,Prépayé,Non,Oui,83000,Orange Money,181,41,3,1666,17,0,0,0,Service client reactif et efficace.,Non
CLI02265,N'Zérékoré,Femme,40,1951000,2,Postpayé,Non,Oui,105000,Espèces,65,59,2,1792,41,1,0,4,"Bon rapport qualite prix, je recommande.",Non
CLI02266,Faranah,Homme,32,1903000,17,Postpayé,Non,Non,161000,Orange Money,236,48,4,1906,34,1,0,0,"Utilisation standard, pas de souci majeur.",Non
CLI02267,Conakry,Femme,19,734000,76,Prépayé,Oui,Non,38000,Espèces,64,159,52,1000,34,3,0,0,Aucun probleme depuis mon inscription.,Non
CLI02268,Labé,Homme,42,559000,26,Prépayé,Non,Oui,26000,Espèces,134,44,2,555,13,4,1,9,Aucune reponse a mes reclamations depuis un mois.,Oui
CLI02269,Boké,Femme,43,1048000,24,Prépayé,Non,Non,49000,Orange Money,147,88,3,2355,3,2,1,0,Trop cher par rapport a la qualite recue.,Oui
CLI02270,Conakry,Femme,25,1306000,11,Prépayé,Non,Non,71000,Orange Money,189,134,0,1424,20,1,0,9,"Bon rapport qualite prix, je recommande.",Non
CLI02271,N'Zérékoré,Homme,22,573000,41,Prépayé,Oui,Oui,42000,Espèces,81,140,52,3077,5,0,0,3,Service correct dans l'ensemble.,Non
CLI02272,Conakry,Femme,43,998000,24,Prépayé,Non,Non,87000,Orange Money,210,83,0,767,51,3,0,0,"Utilisation standard, pas de souci majeur.",Non
CLI02273,Labé,Homme,42,385000,36,Illimité,Oui,Oui,29000,Espèces,142,149,27,803,34,1,0,0,Aucun probleme depuis mon inscription.,Non
CLI02274,Kindia,Femme,43,1069000,40,Prépayé,Non,Oui,82000,Virement bancaire,103,149,6,2550,5,2,0,5,Service client reactif et efficace.,Non
CLI02275,Boké,Homme,31,300000,3,Postpayé,Non,Oui,24000,Espèces,142,62,1,2245,31,0,2,7,Aucun probleme depuis mon inscription.,Non
CLI02276,N'Zérékoré,Homme,44,472000,24,Postpayé,Non,Non,37000,Virement bancaire,279,99,0,50,30,0,0,0,Service correct dans l'ensemble.,Non
CLI02277,Faranah,Homme,53,663000,52,Prépayé,Non,Non,46000,Espèces,194,97,1,1441,10,2,0,16,"Utilisation standard, pas de souci majeur.",Non
CLI02278,Conakry,Homme,43,955000,31,Prépayé,Non,Oui,74000,Orange Money,161,173,2,1830,8,0,1,0,Aucun probleme depuis mon inscription.,Non
CLI02279,Faranah,Homme,42,300000,38,Prépayé,Non,Non,24000,Orange Money,206,84,12,4406,38,1,2,0,Service correct dans l'ensemble.,Non
CLI02280,Boké,Homme,47,863000,13,Prépayé,Non,Oui,61000,Orange Money,188,57,2,4312,20,0,0,12,Service correct dans l'ensemble.,Non
CLI02281,Conakry,Femme,40,673000,53,Postpayé,Non,Non,36000,Orange Money,165,0,15,2508,11,0,0,0,Service correct dans l'ensemble.,Non
CLI02282,Labé,Femme,35,1483000,1,Illimité,Non,Non,85000,Orange Money,265,159,4,1720,3,0,0,1,"Bon rapport qualite prix, je recommande.",Non
CLI02283,Conakry,Femme,39,2245000,17,Prépayé,Non,Non,172000,Orange Money,227,66,2,2109,43,2,1,4,Trop de coupures de reseau ces derniers temps.,Oui
CLI02284,Kankan,Homme,46,809000,50,Prépayé,Non,Oui,71000,Carte bancaire,193,145,2,2102,23,3,1,1,"Utilisation standard, pas de souci majeur.",Non
CLI02285,Conakry,Femme,39,711000,47,Postpayé,Non,Oui,43000,Espèces,173,126,1,1121,23,1,0,0,Offres interessantes et service fiable.,Non
CLI02286,Conakry,Homme,43,456000,9,Prépayé,Non,Oui,20000,Virement bancaire,162,26,0,2412,1,1,0,4,Service client reactif et efficace.,Non
CLI02287,Kankan,Femme,31,361000,2,Prépayé,Non,Oui,12000,Carte bancaire,211,64,3,3906,7,1,0,9,"Bon rapport qualite prix, je recommande.",Non
CLI02288,Conakry,Homme,34,640000,3,Prépayé,Non,Oui,23000,Orange Money,223,147,2,1933,17,2,0,0,Tres satisfait du reseau et du service.,Non
CLI02289,Faranah,Homme,19,377000,19,Prépayé,Non,Oui,29000,Orange Money,202,59,0,3343,9,1,0,0,Service correct dans l'ensemble.,Non
CLI02290,Kankan,Homme,45,613000,20,Illimité,Non,Non,25000,Orange Money,219,131,2,1840,12,2,0,3,Tres satisfait du reseau et du service.,Non
CLI02291,Faranah,Homme,39,489000,10,Prépayé,Non,Non,32000,Orange Money,122,119,1,1311,27,1,0,0,"Utilisation standard, pas de souci majeur.",Non
CLI02292,N'Zérékoré,Homme,24,1252000,8,Postpayé,Non,Non,93000,Espèces,292,45,9,5555,37,3,1,3,"Je pense changer d'operateur, trop de pannes.",Oui
CLI02293,Conakry,Femme,40,728000,42,Postpayé,Non,Oui,51000,Orange Money,149,169,1,4432,28,0,0,4,Aucun probleme depuis mon inscription.,Non
CLI02294,Kindia,Homme,27,578000,9,Postpayé,Non,Oui,19000,Carte bancaire,207,144,6,3251,89,0,0,0,Aucun probleme depuis mon inscription.,Non
CLI02295,Mamou,Femme,41,731000,1,Prépayé,Oui,Non,65000,Carte bancaire,85,77,66,2126,18,2,0,8,Service correct dans l'ensemble.,Non
CLI02296,Conakry,Femme,56,878000,80,Prépayé,Non,Oui,56000,Orange Money,217,181,2,3825,30,1,0,1,Service client reactif et efficace.,Non
CLI02297,N'Zérékoré,Femme,37,545000,9,Prépayé,Non,Non,21000,Carte bancaire,148,38,11,4078,8,1,1,0,Le forfait ne correspond plus a mes besoins.,Oui
CLI02298,Mamou,Homme,27,642000,36,Prépayé,Non,Non,43000,Orange Money,265,89,4,3863,14,0,0,3,Rien de particulier a signaler.,Non
CLI02299,Mamou,Homme,30,598000,2,Prépayé,Non,Oui,29000,Orange Money,173,46,7,2750,26,3,0,0,Le forfait ne correspond plus a mes besoins.,Oui
CLI02300,Labé,Femme,38,1217000,23,Prépayé,Non,Non,102000,Espèces,243,85,4,4471,72,2,1,0,Facturation incorrecte plusieurs fois de suite.,Oui
CLI02301,Boké,Femme,30,680000,19,Prépayé,Non,Non,25000,Orange Money,141,131,1,3842,13,3,2,0,Le service client ne repond jamais rapidement.,Oui
CLI02302,Conakry,Homme,42,1860000,3,Illimité,Non,Non,167000,Orange Money,198,83,0,4286,28,1,1,7,"Je pense changer d'operateur, trop de pannes.",Oui
CLI02303,Conakry,Femme,18,1980000,10,Postpayé,Non,Oui,92000,Orange Money,267,46,6,2219,17,0,0,0,Offres interessantes et service fiable.,Non
CLI02304,Conakry,Femme,50,629000,1,Postpayé,Non,Non,50000,Carte bancaire,228,118,3,3112,5,1,0,0,Rien de particulier a signaler.,Non
CLI02305,Conakry,Femme,33,708000,15,Prépayé,Non,Oui,48000,Espèces,206,52,0,3191,12,0,1,15,Service client reactif et efficace.,Non
CLI02306,Mamou,Homme,34,592000,18,Postpayé,Non,Non,39000,Virement bancaire,154,115,6,2513,4,2,0,0,Aucun probleme depuis mon inscription.,Non
CLI02307,Conakry,Homme,49,854000,17,Illimité,Non,Oui,33000,Orange Money,224,77,0,1910,2,0,2,13,Tres satisfait du reseau et du service.,Non
CLI02308,N'Zérékoré,Homme,45,1127000,96,Postpayé,Non,Non,81000,Espèces,248,135,1,1755,1,0,2,5,Tres satisfait du reseau et du service.,Non
CLI02309,Conakry,Homme,18,986000,41,Prépayé,Non,Oui,72000,Virement bancaire,193,94,1,1212,5,2,0,0,"Utilisation standard, pas de souci majeur.",Non
CLI02310,Kindia,Femme,20,737000,25,Prépayé,Non,Oui,49000,Orange Money,136,163,1,4279,4,0,0,7,Content de la couverture reseau dans ma zone.,Non
CLI02311,Kankan,Femme,44,1324000,96,Postpayé,Non,Oui,57000,Orange Money,236,128,3,1745,16,4,0,11,Le service client ne repond jamais rapidement.,Oui
CLI02312,Mamou,Femme,30,470000,3,Prépayé,Non,Non,39000,Espèces,179,8,3,2179,68,2,0,0,Aucun probleme depuis mon inscription.,Non
CLI02313,Kindia,Femme,25,1075000,15,Prépayé,Non,Oui,82000,Espèces,132,121,4,1530,6,1,0,0,Content de la couverture reseau dans ma zone.,Non
CLI02314,Faranah,Femme,43,1575000,42,Illimité,Non,Non,130000,Espèces,115,67,1,2386,7,0,0,0,Service correct dans l'ensemble.,Non
CLI02315,Kindia,Femme,33,708000,8,Prépayé,Non,Non,21000,Espèces,183,43,2,4079,10,1,0,1,Le service client ne repond jamais rapidement.,Oui
CLI02316,Conakry,Femme,39,464000,39,Prépayé,Non,Non,37000,Espèces,216,62,3,3321,11,0,0,5,Service client reactif et efficace.,Non
CLI02317,N'Zérékoré,Femme,25,305000,2,Postpayé,Non,Non,24000,Espèces,252,75,4,2487,18,1,1,16,Service correct dans l'ensemble.,Non
CLI02318,Kankan,Homme,29,604000,15,Postpayé,Oui,Oui,43000,Orange Money,229,71,34,3488,46,2,1,2,"Utilisation standard, pas de souci majeur.",Oui
CLI02319,Faranah,Homme,32,531000,27,Postpayé,Non,Oui,16000,Orange Money,222,57,0,1303,5,0,0,2,Content de la couverture reseau dans ma zone.,Non
CLI02320,Conakry,Homme,37,989000,61,Prépayé,Non,Oui,66000,Carte bancaire,248,15,6,1993,10,1,1,0,Offres interessantes et service fiable.,Non
CLI02321,Boké,Femme,45,681000,29,Prépayé,Non,Non,33000,Orange Money,86,51,6,2415,10,2,1,0,Le service client ne repond jamais rapidement.,Oui
CLI02322,Conakry,Femme,18,1066000,5,Prépayé,Non,Oui,83000,Espèces,194,68,1,268,38,0,0,0,Trop cher par rapport a la qualite recue.,Oui
CLI02323,Conakry,Homme,25,762000,31,Postpayé,Non,Oui,35000,Orange Money,183,41,1,2969,101,0,0,0,Tres satisfait du reseau et du service.,Non
CLI02324,N'Zérékoré,Homme,26,1082000,47,Postpayé,Oui,Non,95000,Espèces,188,70,24,3749,15,1,0,0,Tres satisfait du reseau et du service.,Non
CLI02325,Kindia,Femme,35,654000,29,Prépayé,Non,Oui,29000,Orange Money,218,29,2,3552,73,3,0,0,Tres satisfait du reseau et du service.,Non
CLI02326,Conakry,Femme,26,449000,11,Postpayé,Oui,Non,20000,Orange Money,332,106,88,3329,14,2,1,9,Facturation incorrecte plusieurs fois de suite.,Oui
CLI02327,Kankan,Homme,35,629000,39,Prépayé,Oui,Oui,33000,Carte bancaire,162,243,68,50,17,1,0,5,Service correct dans l'ensemble.,Non
CLI02328,Labé,Femme,46,838000,2,Prépayé,Non,Oui,47000,Espèces,126,116,4,50,6,2,0,0,Service correct dans l'ensemble.,Oui
CLI02329,Mamou,Homme,35,879000,55,Postpayé,Non,Oui,27000,Orange Money,119,53,0,2183,11,0,0,8,"Bon rapport qualite prix, je recommande.",Non
CLI02330,Conakry,Femme,47,1044000,39,Prépayé,Oui,Oui,59000,Orange Money,184,94,28,2074,19,2,0,3,"Utilisation standard, pas de souci majeur.",Oui
CLI02331,Boké,Homme,34,424000,6,Postpayé,Non,Oui,34000,Espèces,156,43,2,1626,85,1,0,2,Offres interessantes et service fiable.,Non
CLI02332,Kindia,Homme,18,1902000,63,Postpayé,Non,Oui,124000,Orange Money,242,132,0,2288,29,1,0,4,Service client reactif et efficace.,Non
CLI02333,Conakry,Homme,34,747000,23,Postpayé,Non,Oui,43000,Orange Money,96,120,0,4681,26,1,0,1,Rien de particulier a signaler.,Non
CLI02334,Conakry,Homme,37,760000,22,Illimité,Non,Oui,29000,Espèces,218,147,0,2180,55,1,0,0,Tres satisfait du reseau et du service.,Non
CLI02335,Kankan,Femme,27,631000,1,Prépayé,Oui,Oui,47000,Orange Money,182,103,45,2180,5,1,1,0,Service client reactif et efficace.,Non
CLI02336,Faranah,Femme,32,453000,9,Postpayé,Oui,Non,28000,Espèces,221,60,9,2512,5,1,0,5,Aucun probleme depuis mon inscription.,Non
CLI02337,Labé,Homme,48,2084000,24,Prépayé,Non,Non,108000,Espèces,148,88,3,2456,40,2,1,0,Service correct dans l'ensemble.,Non
CLI02338,Conakry,Femme,39,672000,72,Prépayé,Non,Oui,42000,Carte bancaire,189,54,5,4267,10,1,1,0,"Bon rapport qualite prix, je recommande.",Non
CLI02339,Mamou,Homme,22,337000,19,Prépayé,Non,Non,23000,Espèces,258,109,6,2044,46,1,0,1,Tres satisfait du reseau et du service.,Non
CLI02340,Kindia,Homme,20,600000,6,Postpayé,Non,Non,50000,Orange Money,127,79,2,630,47,1,1,0,Trop cher par rapport a la qualite recue.,Oui
CLI02341,Conakry,Femme,41,970000,28,Postpayé,Non,Non,44000,Espèces,177,126,7,2169,32,0,0,11,Tres satisfait du reseau et du service.,Non
CLI02342,Mamou,Femme,40,383000,15,Prépayé,Oui,Oui,13000,Espèces,244,34,60,1786,6,2,1,0,Le forfait ne correspond plus a mes besoins.,Oui
CLI02343,Mamou,Femme,21,672000,30,Prépayé,Non,Non,37000,Orange Money,105,44,7,3894,7,1,2,12,"Utilisation standard, pas de souci majeur.",Oui
CLI02344,N'Zérékoré,Femme,32,600000,12,Prépayé,Oui,Non,18000,Espèces,196,106,44,2653,1,1,0,0,Offres interessantes et service fiable.,Non
CLI02345,Kankan,Femme,35,348000,18,Prépayé,Non,Oui,14000,Espèces,239,50,1,1428,61,2,0,2,"Utilisation standard, pas de souci majeur.",Non
CLI02346,Conakry,Homme,45,772000,11,Postpayé,Non,Non,56000,Orange Money,139,110,1,3876,1,3,0,0,Service correct dans l'ensemble.,Non
CLI02347,Kindia,Femme,43,397000,16,Postpayé,Non,Oui,32000,Orange Money,96,71,1,2780,22,3,0,0,Facturation incorrecte plusieurs fois de suite.,Oui
CLI02348,Conakry,Homme,59,422000,3,Postpayé,Non,Non,18000,Virement bancaire,180,98,0,3662,29,2,1,0,"Utilisation standard, pas de souci majeur.",Non
CLI02349,Conakry,Femme,27,1573000,3,Postpayé,Non,Oui,77000,Carte bancaire,206,44,1,2534,8,0,0,1,Content de la couverture reseau dans ma zone.,Non
CLI02350,Boké,Homme,18,612000,21,Prépayé,Non,Oui,45000,Espèces,246,34,1,2181,27,0,2,2,Offres interessantes et service fiable.,Non
CLI02351,Conakry,Homme,33,1593000,9,Prépayé,Non,Oui,128000,Carte bancaire,248,98,9,1443,14,0,1,5,Tres satisfait du reseau et du service.,Non
CLI02352,Conakry,Homme,45,685000,3,Prépayé,Non,Oui,48000,Orange Money,173,0,2,700,85,3,1,0,"Bon rapport qualite prix, je recommande.",Non
CLI02353,Mamou,Homme,22,746000,31,Postpayé,Non,Non,49000,Espèces,237,125,2,1811,30,0,1,14,Service correct dans l'ensemble.,Oui
CLI02354,N'Zérékoré,Femme,23,2222000,6,Prépayé,Non,Non,77000,Orange Money,127,76,4,1864,15,1,0,3,Aucun probleme depuis mon inscription.,Non
CLI02355,Kankan,Femme,37,2483000,24,Postpayé,Non,Oui,205000,Espèces,142,99,2,3439,2,1,1,2,Service client reactif et efficace.,Non
CLI02356,Conakry,Femme,34,1196000,96,Prépayé,Non,Non,38000,Espèces,126,84,5,2008,24,1,1,9,Content de la couverture reseau dans ma zone.,Non
CLI02357,Conakry,Homme,48,521000,12,Prépayé,Non,Oui,43000,Espèces,46,99,0,3042,6,1,1,0,Tres satisfait du reseau et du service.,Non
CLI02358,Conakry,Homme,29,450000,1,Postpayé,Non,Oui,16000,Espèces,232,41,2,3395,0,2,1,2,Service correct dans l'ensemble.,Oui
CLI02359,Boké,Homme,62,542000,15,Prépayé,Non,Oui,24000,Carte bancaire,141,66,4,1138,4,2,0,5,Aucun probleme depuis mon inscription.,Non
CLI02360,N'Zérékoré,Homme,44,422000,3,Prépayé,Non,Non,15000,Carte bancaire,245,119,1,2285,1,1,0,8,"Utilisation standard, pas de souci majeur.",Non
CLI02361,Conakry,Femme,44,385000,53,Illimité,Non,Oui,19000,Orange Money,261,103,1,2871,53,1,1,0,Le forfait ne correspond plus a mes besoins.,Oui
CLI02362,Faranah,Homme,20,858000,13,Prépayé,Non,Oui,62000,Orange Money,242,31,9,593,36,2,0,1,Service client reactif et efficace.,Non
CLI02363,Boké,Femme,39,328000,13,Postpayé,Non,Oui,12000,Espèces,192,34,4,3977,15,2,0,0,"Utilisation standard, pas de souci majeur.",Non
CLI02364,Labé,Femme,54,661000,29,Postpayé,Non,Non,23000,Orange Money,199,65,13,2419,24,2,0,0,"Utilisation standard, pas de souci majeur.",Non
CLI02365,Kankan,Femme,31,808000,36,Postpayé,Non,Non,35000,Orange Money,152,84,3,2244,12,0,1,3,Rien de particulier a signaler.,Non
CLI02366,Kindia,Homme,54,472000,59,Postpayé,Non,Oui,23000,Carte bancaire,261,136,4,1013,31,3,0,2,Rien de particulier a signaler.,Non
CLI02367,Kindia,Homme,43,1433000,4,Postpayé,Non,Non,64000,Carte bancaire,64,40,18,1616,24,1,1,0,"Bon rapport qualite prix, je recommande.",Non
CLI02368,Faranah,Femme,47,1792000,46,Prépayé,Non,Oui,141000,Orange Money,178,78,6,969,12,2,1,3,Content de la couverture reseau dans ma zone.,Non
CLI02369,Conakry,Homme,39,839000,59,Prépayé,Non,Non,65000,Espèces,138,75,1,1121,3,2,2,0,Offres interessantes et service fiable.,Non
CLI02370,Conakry,Femme,45,836000,12,Postpayé,Non,Non,53000,Orange Money,193,87,2,3264,7,1,1,2,Service correct dans l'ensemble.,Non
CLI02371,Kindia,Homme,18,1502000,14,Postpayé,Non,Oui,60000,Espèces,124,118,5,50,13,1,0,5,"Utilisation standard, pas de souci majeur.",Non
CLI02372,Kindia,Femme,33,576000,81,Postpayé,Non,Oui,25000,Espèces,112,120,1,1849,6,1,1,2,Service client reactif et efficace.,Non
CLI02373,Kindia,Homme,29,1187000,62,Prépayé,Oui,Oui,74000,Espèces,318,66,49,3284,23,2,0,8,Tres satisfait du reseau et du service.,Non
CLI02374,Conakry,Femme,35,784000,65,Postpayé,Oui,Non,51000,Virement bancaire,145,126,3,3606,7,4,0,0,Content de la couverture reseau dans ma zone.,Non
CLI02375,Kankan,Homme,30,705000,15,Prépayé,Non,Oui,55000,Espèces,145,135,5,1489,23,1,0,0,"Bon rapport qualite prix, je recommande.",Non
CLI02376,Kindia,Femme,21,842000,6,Postpayé,Oui,Non,39000,Carte bancaire,189,127,41,2631,28,4,0,2,Rien de particulier a signaler.,Non
CLI02377,Kindia,Homme,38,387000,17,Prépayé,Oui,Oui,22000,Espèces,102,65,66,2421,3,3,0,1,"Utilisation standard, pas de souci majeur.",Non
CLI02378,Kankan,Homme,37,1366000,28,Prépayé,Non,Non,62000,Orange Money,147,69,6,1991,19,2,0,4,"Utilisation standard, pas de souci majeur.",Non
CLI02379,Kankan,Femme,34,907000,92,Prépayé,Oui,Non,76000,Espèces,145,128,76,5107,4,2,1,0,Service client reactif et efficace.,Non
CLI02380,Faranah,Femme,44,622000,9,Prépayé,Non,Oui,20000,Orange Money,300,79,1,3145,7,0,1,0,Tres satisfait du reseau et du service.,Non
CLI02381,N'Zérékoré,Homme,30,521000,87,Postpayé,Non,Oui,43000,Orange Money,158,128,0,2848,48,1,0,10,Aucun probleme depuis mon inscription.,Non
CLI02382,Conakry,Homme,44,1153000,9,Illimité,Non,Non,63000,Orange Money,194,94,2,1361,4,3,1,4,Service correct dans l'ensemble.,Non
CLI02383,Boké,Homme,42,735000,6,Prépayé,Non,Oui,52000,Orange Money,272,100,9,2501,6,1,0,3,Service client reactif et efficace.,Non
CLI02384,Kankan,Homme,24,509000,21,Prépayé,Non,Oui,46000,Orange Money,211,73,6,1833,20,1,1,0,Service correct dans l'ensemble.,Non
CLI02385,N'Zérékoré,Femme,43,1268000,6,Postpayé,Non,Non,55000,Orange Money,308,0,7,2358,32,3,0,0,"Bon rapport qualite prix, je recommande.",Non
CLI02386,Conakry,Femme,31,2184000,96,Postpayé,Non,Oui,113000,Orange Money,102,46,4,1799,24,1,0,6,Aucun probleme depuis mon inscription.,Non
CLI02387,Faranah,Homme,38,701000,11,Postpayé,Non,Oui,51000,Carte bancaire,159,157,3,1736,7,1,1,0,Aucun probleme depuis mon inscription.,Non
CLI02388,Conakry,Homme,30,1402000,15,Illimité,Non,Non,57000,Virement bancaire,139,32,0,3742,92,1,0,2,Offres interessantes et service fiable.,Non
CLI02389,Kindia,Homme,48,1040000,36,Prépayé,Oui,Non,69000,Espèces,170,125,42,3195,43,1,0,0,Rien de particulier a signaler.,Non
CLI02390,Faranah,Femme,39,2925000,2,Postpayé,Non,Oui,144000,Carte bancaire,123,34,6,1676,18,0,0,3,Aucun probleme depuis mon inscription.,Non
CLI02391,Kankan,Femme,18,652000,32,Prépayé,Non,Non,53000,Carte bancaire,151,56,8,2488,55,1,2,3,"Je pense changer d'operateur, trop de pannes.",Oui
CLI02392,Conakry,Homme,24,984000,41,Prépayé,Non,Non,58000,Orange Money,319,136,1,446,65,1,0,5,Rien de particulier a signaler.,Non
CLI02393,Conakry,Homme,20,958000,29,Postpayé,Non,Oui,47000,Espèces,136,80,1,1656,54,2,0,2,Service correct dans l'ensemble.,Non
CLI02394,N'Zérékoré,Femme,31,376000,23,Prépayé,Oui,Oui,15000,Orange Money,120,59,62,1411,71,0,2,0,Le forfait ne correspond plus a mes besoins.,Oui
CLI02395,Labé,Homme,41,867000,43,Postpayé,Non,Non,63000,Carte bancaire,43,112,0,1893,4,1,1,0,Service correct dans l'ensemble.,Non
CLI02396,Labé,Homme,35,972000,31,Postpayé,Non,Non,34000,Orange Money,254,123,4,3121,7,2,1,0,Offres interessantes et service fiable.,Non
CLI02397,Conakry,Femme,18,1748000,13,Postpayé,Oui,Oui,93000,Orange Money,91,83,45,2358,4,1,0,0,Offres interessantes et service fiable.,Non
CLI02398,Boké,Femme,18,1558000,5,Prépayé,Oui,Oui,71000,Espèces,255,70,55,322,5,0,2,4,"Utilisation standard, pas de souci majeur.",Non
CLI02399,Conakry,Homme,34,871000,11,Prépayé,Non,Non,34000,Orange Money,158,129,1,4000,8,2,0,0,Aucune reponse a mes reclamations depuis un mois.,Oui
CLI02400,Conakry,Femme,31,560000,55,Prépayé,Non,Oui,21000,Orange Money,100,67,3,2121,61,0,0,3,Offres interessantes et service fiable.,Non
CLI02401,Conakry,Homme,43,328000,26,Prépayé,Non,Oui,12000,Carte bancaire,113,3,0,3299,17,2,0,2,Content de la couverture reseau dans ma zone.,Non
CLI02402,Labé,Homme,40,586000,8,Prépayé,Non,Oui,39000,Orange Money,232,142,1,1941,58,2,0,5,Rien de particulier a signaler.,Non
CLI02403,Labé,Femme,37,817000,16,Prépayé,Non,Oui,53000,Carte bancaire,112,82,1,1554,6,1,0,8,Tres satisfait du reseau et du service.,Non
CLI02404,Labé,Homme,49,557000,4,Illimité,Non,Non,36000,Espèces,174,104,0,3765,16,2,2,1,Le service client ne repond jamais rapidement.,Oui
CLI02405,Kindia,Femme,38,377000,59,Prépayé,Non,Non,30000,Orange Money,228,134,0,3132,41,0,0,0,"Utilisation standard, pas de souci majeur.",Non
CLI02406,Boké,Homme,42,1103000,1,Prépayé,Non,Non,47000,Orange Money,215,87,3,2800,4,2,0,0,Trop cher par rapport a la qualite recue.,Oui
CLI02407,Kankan,Homme,29,609000,13,Prépayé,Non,Non,44000,Orange Money,277,148,3,1203,13,1,0,3,Service correct dans l'ensemble.,Non
CLI02408,N'Zérékoré,Homme,38,300000,34,Postpayé,Non,Oui,26000,Espèces,265,63,10,1352,20,3,0,14,Le forfait ne correspond plus a mes besoins.,Oui
CLI02409,Kankan,Femme,53,698000,4,Prépayé,Non,Oui,34000,Espèces,247,112,0,50,16,1,1,0,Offres interessantes et service fiable.,Non
CLI02410,Conakry,Femme,22,900000,17,Prépayé,Non,Non,50000,Carte bancaire,129,15,1,2895,17,0,0,2,"Utilisation standard, pas de souci majeur.",Non
CLI02411,Mamou,Homme,20,1058000,16,Illimité,Non,Non,95000,Espèces,145,74,3,1874,16,3,0,2,Tres satisfait du reseau et du service.,Non
CLI02412,Faranah,Homme,29,368000,24,Prépayé,Oui,Non,25000,Carte bancaire,201,185,60,2720,40,1,0,0,Service correct dans l'ensemble.,Non
CLI02413,Kindia,Femme,46,395000,12,Prépayé,Non,Oui,18000,Orange Money,166,159,6,686,5,1,0,0,Service client reactif et efficace.,Non
CLI02414,Boké,Femme,35,526000,11,Prépayé,Non,Oui,29000,Orange Money,209,87,1,1114,27,1,0,0,"Bon rapport qualite prix, je recommande.",Non
CLI02415,Kankan,Homme,26,714000,44,Prépayé,Non,Non,45000,Espèces,162,30,4,3248,65,2,0,0,Trop de coupures de reseau ces derniers temps.,Oui
CLI02416,Faranah,Femme,40,694000,12,Prépayé,Non,Oui,52000,Orange Money,236,130,0,2548,52,0,0,16,Rien de particulier a signaler.,Oui
CLI02417,Faranah,Femme,33,873000,3,Prépayé,Non,Oui,73000,Espèces,105,147,2,853,4,1,0,1,Tres satisfait du reseau et du service.,Non
CLI02418,Conakry,Homme,34,1017000,15,Prépayé,Non,Oui,59000,Orange Money,155,138,5,3626,18,1,2,8,Le service client ne repond jamais rapidement.,Oui
CLI02419,Conakry,Homme,19,692000,39,Prépayé,Non,Non,25000,Orange Money,131,125,0,3824,5,3,1,7,Facturation incorrecte plusieurs fois de suite.,Oui
CLI02420,Mamou,Femme,18,781000,1,Prépayé,Non,Oui,70000,Orange Money,150,91,1,3451,10,1,0,4,"Je pense changer d'operateur, trop de pannes.",Oui
CLI02421,Labé,Femme,39,719000,87,Prépayé,Oui,Oui,56000,Orange Money,285,13,36,2445,45,0,0,0,Offres interessantes et service fiable.,Non
CLI02422,Conakry,Homme,28,406000,7,Prépayé,Oui,Oui,16000,Espèces,32,148,23,4085,22,1,0,0,"Utilisation standard, pas de souci majeur.",Non
CLI02423,Conakry,Femme,42,682000,24,Postpayé,Non,Oui,33000,Espèces,142,123,2,2357,11,2,0,0,Aucun probleme depuis mon inscription.,Non
CLI02424,Conakry,Homme,56,374000,10,Postpayé,Non,Non,17000,Orange Money,171,133,7,2276,78,0,0,0,"Utilisation standard, pas de souci majeur.",Non
CLI02425,Mamou,Femme,43,545000,3,Prépayé,Non,Non,26000,Espèces,199,64,4,3181,3,1,1,0,Aucun probleme depuis mon inscription.,Non
CLI02426,Kindia,Femme,21,1306000,61,Postpayé,Non,Oui,56000,Espèces,169,90,2,2219,59,1,0,0,"Bon rapport qualite prix, je recommande.",Non
CLI02427,Mamou,Femme,37,1292000,9,Prépayé,Oui,Non,104000,Orange Money,108,68,72,2595,38,0,1,16,Le service client ne repond jamais rapidement.,Oui
CLI02428,Conakry,Homme,28,928000,6,Illimité,Oui,Non,50000,Orange Money,234,128,43,2629,43,3,0,0,Rien de particulier a signaler.,Oui
CLI02429,Mamou,Femme,37,1236000,3,Prépayé,Non,Oui,103000,Orange Money,155,90,2,2200,53,2,0,9,Le forfait ne correspond plus a mes besoins.,Oui
CLI02430,Conakry,Homme,44,300000,55,Illimité,Non,Oui,21000,Espèces,173,130,5,2512,6,1,1,0,Aucun probleme depuis mon inscription.,Non
CLI02431,Kankan,Homme,31,656000,6,Prépayé,Non,Oui,22000,Carte bancaire,122,178,4,1460,27,2,0,5,Offres interessantes et service fiable.,Non
CLI02432,Conakry,Homme,40,480000,2,Prépayé,Oui,Oui,39000,Orange Money,167,65,76,3133,7,1,2,3,Tres decu par la qualite du reseau en ce moment.,Oui
CLI02433,Conakry,Homme,36,795000,5,Postpayé,Non,Oui,30000,Orange Money,256,164,1,4139,22,2,0,0,Offres interessantes et service fiable.,Non
CLI02434,Kankan,Homme,39,567000,6,Prépayé,Non,Oui,25000,Carte bancaire,186,36,6,3579,0,0,1,16,"Bon rapport qualite prix, je recommande.",Non
CLI02435,Kindia,Femme,43,628000,1,Prépayé,Non,Oui,56000,Orange Money,157,87,2,3171,93,1,0,6,"Utilisation standard, pas de souci majeur.",Non
CLI02436,Kindia,Femme,34,618000,11,Prépayé,Non,Oui,21000,Virement bancaire,138,86,2,1672,54,0,0,13,"Je pense changer d'operateur, trop de pannes.",Oui
CLI02437,Conakry,Femme,46,1200000,39,Postpayé,Non,Oui,104000,Orange Money,138,117,7,1215,5,1,0,2,Tres satisfait du reseau et du service.,Non
CLI02438,Conakry,Femme,48,1164000,11,Prépayé,Non,Non,67000,Orange Money,199,73,2,3301,2,4,0,0,"Bon rapport qualite prix, je recommande.",Non
CLI02439,Kindia,Homme,25,2826000,6,Prépayé,Non,Non,231000,Espèces,263,82,2,3680,3,0,0,1,Service correct dans l'ensemble.,Non
CLI02440,Conakry,Homme,32,569000,23,Prépayé,Non,Non,34000,Orange Money,257,139,4,391,47,1,0,0,Offres interessantes et service fiable.,Non
CLI02441,Boké,Homme,34,1106000,3,Postpayé,Non,Non,95000,Orange Money,79,52,5,2582,26,0,0,0,Offres interessantes et service fiable.,Non
CLI02442,Conakry,Femme,18,740000,62,Prépayé,Oui,Non,34000,Orange Money,203,93,31,3931,15,2,1,0,Tres satisfait du reseau et du service.,Non
CLI02443,Boké,Homme,24,1380000,78,Prépayé,Oui,Non,102000,Orange Money,294,77,56,3867,27,3,1,0,Tres satisfait du reseau et du service.,Non
CLI02444,Conakry,Homme,48,752000,25,Prépayé,Non,Non,35000,Carte bancaire,260,57,2,2468,18,2,1,2,Facturation incorrecte plusieurs fois de suite.,Oui
CLI02445,Boké,Femme,41,1395000,14,Prépayé,Non,Non,107000,Orange Money,125,57,3,1782,3,0,0,6,Aucun probleme depuis mon inscription.,Non
CLI02446,Labé,Femme,35,1447000,19,Prépayé,Non,Oui,69000,Orange Money,290,185,3,3257,29,0,1,0,Tres satisfait du reseau et du service.,Non
CLI02447,Kankan,Homme,36,613000,1,Postpayé,Oui,Oui,42000,Carte bancaire,253,97,47,2808,21,0,0,0,Offres interessantes et service fiable.,Non
CLI02448,Faranah,Homme,45,425000,55,Prépayé,Oui,Non,27000,Espèces,182,76,85,1387,37,1,0,0,Content de la couverture reseau dans ma zone.,Non
CLI02449,Conakry,Femme,21,400000,8,Prépayé,Non,Oui,22000,Carte bancaire,213,64,7,832,68,2,0,0,Rien de particulier a signaler.,Non
CLI02450,Kindia,Femme,50,647000,64,Postpayé,Non,Oui,55000,Espèces,158,120,0,3229,0,2,0,0,"Utilisation standard, pas de souci majeur.",Non
CLI02451,Faranah,Homme,28,300000,19,Prépayé,Oui,Non,10000,Carte bancaire,143,60,10,1894,26,1,0,0,Tres decu par la qualite du reseau en ce moment.,Oui
CLI02452,Faranah,Femme,30,866000,5,Illimité,Non,Oui,77000,Espèces,120,83,1,2459,14,0,0,0,Offres interessantes et service fiable.,Non
CLI02453,Conakry,Femme,23,585000,21,Illimité,Non,Non,44000,Virement bancaire,152,28,3,348,48,0,1,5,Aucun probleme depuis mon inscription.,Non
CLI02454,Conakry,Femme,38,1720000,77,Prépayé,Oui,Oui,55000,Espèces,194,48,43,2636,27,2,1,0,"Utilisation standard, pas de souci majeur.",Non
CLI02455,Boké,Femme,25,755000,8,Prépayé,Non,Non,66000,Orange Money,257,130,0,3298,14,0,0,0,Tres satisfait du reseau et du service.,Non
CLI02456,Boké,Femme,33,1016000,57,Prépayé,Oui,Oui,47000,Orange Money,174,124,46,3144,12,3,0,0,Offres interessantes et service fiable.,Non
CLI02457,Conakry,Homme,24,1041000,44,Prépayé,Non,Oui,41000,Espèces,142,132,4,1625,3,1,1,0,"Utilisation standard, pas de souci majeur.",Non
CLI02458,Conakry,Homme,47,741000,6,Prépayé,Oui,Oui,48000,Espèces,120,128,42,2720,29,1,2,0,"Bon rapport qualite prix, je recommande.",Non
CLI02459,Kindia,Femme,48,1039000,10,Prépayé,Non,Oui,66000,Espèces,186,156,11,2648,68,0,3,3,Le service client ne repond jamais rapidement.,Oui
CLI02460,Kankan,Homme,26,757000,17,Prépayé,Non,Oui,49000,Carte bancaire,125,77,0,2277,20,1,0,2,Le forfait ne correspond plus a mes besoins.,Oui
CLI02461,Conakry,Homme,19,572000,2,Postpayé,Oui,Non,34000,Orange Money,74,63,60,2794,29,1,0,0,Service client reactif et efficace.,Non
CLI02462,Kankan,Homme,20,913000,69,Prépayé,Non,Oui,37000,Carte bancaire,194,125,8,3133,16,0,1,0,Rien de particulier a signaler.,Non
CLI02463,Kankan,Femme,42,324000,47,Postpayé,Non,Oui,26000,Orange Money,233,84,0,2711,35,1,0,12,Service correct dans l'ensemble.,Non
CLI02464,Conakry,Femme,19,419000,9,Prépayé,Non,Non,20000,Orange Money,224,112,2,1754,23,0,0,6,Content de la couverture reseau dans ma zone.,Non
CLI02465,Kankan,Femme,24,630000,46,Prépayé,Non,Oui,35000,Orange Money,176,82,0,1797,57,1,0,0,Content de la couverture reseau dans ma zone.,Non
CLI02466,Conakry,Homme,33,779000,1,Prépayé,Non,Oui,58000,Carte bancaire,153,46,6,3820,3,1,0,7,Rien de particulier a signaler.,Oui
CLI02467,Kindia,Femme,50,1748000,19,Prépayé,Non,Non,133000,Carte bancaire,186,73,6,3296,2,0,0,4,Offres interessantes et service fiable.,Non
CLI02468,Conakry,Homme,34,992000,1,Prépayé,Non,Oui,51000,Virement bancaire,251,71,5,1552,26,1,0,0,"Utilisation standard, pas de souci majeur.",Non
CLI02469,Kindia,Homme,31,428000,22,Prépayé,Oui,Oui,15000,Espèces,175,139,46,1195,69,2,1,0,Service client reactif et efficace.,Non
CLI02470,Conakry,Homme,41,1375000,3,Prépayé,Non,Oui,76000,Espèces,160,135,1,4585,13,2,0,0,Offres interessantes et service fiable.,Non
CLI02471,Faranah,Homme,18,1520000,24,Prépayé,Non,Non,106000,Espèces,155,176,1,50,14,1,0,0,"Utilisation standard, pas de souci majeur.",Non
CLI02472,Kankan,Femme,22,676000,40,Prépayé,Non,Oui,49000,Espèces,169,117,5,1755,10,0,0,1,Service correct dans l'ensemble.,Non
CLI02473,Kindia,Femme,44,575000,26,Prépayé,Non,Non,27000,Espèces,232,94,14,1436,39,0,0,2,Content de la couverture reseau dans ma zone.,Non
CLI02474,Kindia,Homme,46,1268000,9,Prépayé,Non,Non,92000,Orange Money,240,99,4,181,4,1,0,7,Tres decu par la qualite du reseau en ce moment.,Oui
CLI02475,N'Zérékoré,Homme,40,804000,33,Prépayé,Non,Non,49000,Espèces,247,40,8,3871,8,2,2,0,Aucun probleme depuis mon inscription.,Non
CLI02476,Conakry,Femme,38,909000,6,Prépayé,Non,Non,36000,Carte bancaire,263,73,5,2120,6,3,1,2,"Utilisation standard, pas de souci majeur.",Oui
CLI02477,Boké,Femme,31,1683000,27,Prépayé,Non,Oui,73000,Carte bancaire,169,175,1,3367,0,1,1,0,"Utilisation standard, pas de souci majeur.",Non
CLI02478,Labé,Femme,31,734000,41,Postpayé,Non,Oui,28000,Orange Money,213,136,3,1343,4,0,0,1,Offres interessantes et service fiable.,Non
CLI02479,Mamou,Femme,53,679000,10,Postpayé,Non,Oui,21000,Orange Money,164,148,1,1821,11,1,0,0,Offres interessantes et service fiable.,Non
CLI02480,Conakry,Femme,23,877000,12,Prépayé,Non,Oui,51000,Orange Money,142,88,11,3125,1,2,0,13,Service correct dans l'ensemble.,Oui
CLI02481,Kindia,Homme,48,782000,5,Prépayé,Oui,Oui,45000,Orange Money,96,105,27,4059,30,1,0,0,Rien de particulier a signaler.,Non
CLI02482,Conakry,Femme,33,513000,13,Prépayé,Non,Oui,33000,Orange Money,162,11,9,1549,1,3,1,0,Trop de coupures de reseau ces derniers temps.,Oui
CLI02483,Faranah,Homme,18,1067000,18,Illimité,Non,Non,80000,Orange Money,108,118,1,2530,1,1,0,6,"Utilisation standard, pas de souci majeur.",Non
CLI02484,Faranah,Homme,40,606000,17,Postpayé,Oui,Oui,42000,Carte bancaire,99,68,27,3332,57,0,0,0,Tres satisfait du reseau et du service.,Non
CLI02485,Kankan,Femme,25,674000,40,Postpayé,Non,Oui,50000,Orange Money,127,17,3,1847,110,3,0,4,Aucun probleme depuis mon inscription.,Non
CLI02486,Boké,Homme,38,1761000,14,Prépayé,Non,Non,134000,Orange Money,125,130,1,3330,0,0,0,0,Tres decu par la qualite du reseau en ce moment.,Oui
CLI02487,Conakry,Homme,38,620000,9,Prépayé,Non,Non,56000,Orange Money,162,82,5,2519,9,0,3,0,Tres satisfait du reseau et du service.,Non
CLI02488,Kankan,Homme,59,829000,21,Prépayé,Oui,Oui,49000,Espèces,250,136,34,2913,25,1,2,2,Trop de coupures de reseau ces derniers temps.,Oui
CLI02489,Conakry,Homme,27,691000,7,Prépayé,Oui,Non,38000,Orange Money,223,101,38,1444,0,0,0,13,Service client reactif et efficace.,Non
CLI02490,Conakry,Femme,18,414000,18,Prépayé,Oui,Non,25000,Orange Money,307,113,57,2865,6,1,0,8,"Utilisation standard, pas de souci majeur.",Non
CLI02491,Conakry,Homme,38,745000,96,Postpayé,Non,Oui,60000,Carte bancaire,165,166,0,4021,17,0,0,0,"Bon rapport qualite prix, je recommande.",Non
CLI02492,Kindia,Homme,41,678000,8,Postpayé,Non,Oui,23000,Orange Money,204,104,1,1230,68,2,0,0,Tres decu par la qualite du reseau en ce moment.,Oui
CLI02493,Faranah,Femme,31,795000,9,Prépayé,Non,Oui,61000,Espèces,89,97,9,2170,24,3,0,8,Facturation incorrecte plusieurs fois de suite.,Oui
CLI02494,N'Zérékoré,Femme,26,510000,29,Prépayé,Oui,Non,38000,Orange Money,187,69,56,1964,35,1,0,1,"Utilisation standard, pas de souci majeur.",Oui
CLI02495,Labé,Femme,39,628000,11,Prépayé,Non,Non,47000,Espèces,294,143,0,2626,5,1,2,1,Aucun probleme depuis mon inscription.,Non
CLI02496,Conakry,Homme,42,1080000,1,Prépayé,Non,Non,54000,Orange Money,202,27,1,2319,13,0,0,10,"Utilisation standard, pas de souci majeur.",Non
CLI02497,Kankan,Homme,29,321000,73,Prépayé,Oui,Oui,25000,Espèces,217,76,53,3294,18,2,0,1,"Bon rapport qualite prix, je recommande.",Non
CLI02498,Conakry,Homme,43,1370000,25,Postpayé,Non,Non,74000,Espèces,194,65,2,1994,15,6,0,9,Rien de particulier a signaler.,Non
CLI02499,Conakry,Femme,35,1575000,4,Prépayé,Non,Oui,119000,Virement bancaire,50,97,4,2557,2,2,0,7,Tres satisfait du reseau et du service.,Non
CLI02500,Conakry,Homme,33,1840000,2,Prépayé,Non,Oui,96000,Espèces,152,84,4,2466,27,0,0,3,Rien de particulier a signaler.,Non
CLI02501,Kankan,Femme,21,342000,1,Prépayé,Non,Oui,24000,Orange Money,212,89,1,3355,9,1,0,0,Service correct dans l'ensemble.,Non
CLI02502,Kindia,Homme,27,431000,21,Prépayé,Non,Non,26000,Orange Money,124,89,4,3182,98,4,2,1,Le service client ne repond jamais rapidement.,Oui
CLI02503,Kankan,Homme,41,550000,43,Illimité,Non,Oui,18000,Orange Money,157,92,6,1577,4,1,0,0,"Bon rapport qualite prix, je recommande.",Non
CLI02504,Labé,Homme,48,562000,61,Prépayé,Non,Oui,17000,Espèces,100,114,1,3200,13,1,0,0,Service correct dans l'ensemble.,Non
CLI02505,Boké,Femme,47,969000,3,Prépayé,Non,Non,64000,Orange Money,196,126,2,3434,3,0,0,5,"Bon rapport qualite prix, je recommande.",Non
CLI02506,Kankan,Femme,33,987000,4,Postpayé,Non,Oui,63000,Espèces,268,126,3,337,24,0,0,0,Rien de particulier a signaler.,Non
CLI02507,Conakry,Homme,32,2078000,10,Postpayé,Non,Oui,135000,Espèces,217,101,1,4119,6,0,0,0,"Utilisation standard, pas de souci majeur.",Non
CLI02508,Conakry,Femme,25,910000,6,Prépayé,Non,Non,74000,Orange Money,223,81,0,2678,24,1,0,0,Service client reactif et efficace.,Non
CLI02509,N'Zérékoré,Femme,25,1088000,7,Postpayé,Non,Oui,67000,Espèces,231,134,1,2422,73,1,0,0,"Utilisation standard, pas de souci majeur.",Non
CLI02510,Labé,Femme,30,300000,1,Prépayé,Non,Oui,19000,Carte bancaire,104,46,7,3390,5,1,1,0,Offres interessantes et service fiable.,Non
CLI02511,Kindia,Homme,45,633000,18,Prépayé,Non,Non,36000,Orange Money,180,66,1,3387,21,2,0,1,"Utilisation standard, pas de souci majeur.",Oui
CLI02512,Mamou,Femme,47,659000,8,Postpayé,Oui,Oui,34000,Virement bancaire,213,136,32,3014,4,0,0,0,Tres decu par la qualite du reseau en ce moment.,Oui
CLI02513,Faranah,Femme,38,481000,67,Prépayé,Non,Non,42000,Espèces,214,111,6,1838,2,3,1,0,Service client reactif et efficace.,Non
CLI02514,Faranah,Homme,40,619000,64,Postpayé,Non,Oui,53000,Orange Money,206,67,14,4432,37,1,0,0,Offres interessantes et service fiable.,Non
CLI02515,Boké,Homme,24,324000,10,Postpayé,Non,Oui,10000,Espèces,195,142,7,3439,18,3,1,0,"Je pense changer d'operateur, trop de pannes.",Oui
CLI02516,Mamou,Homme,32,755000,10,Prépayé,Oui,Non,62000,Orange Money,303,107,62,3495,45,0,1,3,"Bon rapport qualite prix, je recommande.",Non
CLI02517,Conakry,Femme,42,1016000,34,Prépayé,Non,Oui,62000,Orange Money,187,38,11,2077,20,1,1,0,"Utilisation standard, pas de souci majeur.",Non
CLI02518,Boké,Homme,35,862000,5,Prépayé,Non,Oui,55000,Carte bancaire,80,141,1,3162,7,1,1,2,Service correct dans l'ensemble.,Non
CLI02519,Kankan,Femme,40,811000,39,Prépayé,Non,Oui,39000,Orange Money,229,35,3,3755,19,0,0,0,Service correct dans l'ensemble.,Non
CLI02520,N'Zérékoré,Homme,20,727000,11,Illimité,Non,Oui,47000,Espèces,119,45,2,2442,8,1,1,5,Content de la couverture reseau dans ma zone.,Non
CLI02521,Conakry,Femme,51,625000,96,Prépayé,Non,Non,34000,Carte bancaire,283,110,3,2784,7,0,2,1,Content de la couverture reseau dans ma zone.,Non
CLI02522,Conakry,Homme,31,446000,5,Prépayé,Non,Non,22000,Orange Money,118,139,1,1820,17,0,0,0,Service client reactif et efficace.,Non
CLI02523,Conakry,Femme,27,2078000,16,Prépayé,Non,Non,63000,Orange Money,84,105,2,4587,1,3,1,0,Trop cher par rapport a la qualite recue.,Oui
CLI02524,Kindia,Homme,35,1570000,8,Postpayé,Oui,Oui,54000,Orange Money,182,86,41,1715,0,3,0,2,Offres interessantes et service fiable.,Non
CLI02525,Kindia,Femme,18,653000,91,Prépayé,Non,Oui,40000,Espèces,245,114,5,1249,1,1,0,0,Offres interessantes et service fiable.,Non
CLI02526,Conakry,Femme,30,1851000,53,Prépayé,Non,Non,91000,Orange Money,158,58,1,1929,7,0,1,0,Tres satisfait du reseau et du service.,Non
CLI02527,Boké,Femme,56,669000,68,Prépayé,Non,Oui,26000,Carte bancaire,119,155,4,3614,11,1,0,0,Offres interessantes et service fiable.,Non
CLI02528,Conakry,Homme,28,613000,1,Prépayé,Non,Oui,38000,Carte bancaire,206,81,4,3581,27,0,2,0,Tres decu par la qualite du reseau en ce moment.,Oui
CLI02529,Faranah,Homme,44,1014000,1,Prépayé,Non,Oui,68000,Orange Money,193,98,4,1981,1,0,1,1,Service correct dans l'ensemble.,Non
CLI02530,Conakry,Homme,18,459000,96,Postpayé,Non,Oui,16000,Orange Money,140,80,6,3379,9,2,0,0,Content de la couverture reseau dans ma zone.,Non
CLI02531,N'Zérékoré,Femme,19,979000,1,Prépayé,Non,Oui,54000,Espèces,228,0,4,2083,68,4,0,0,Content de la couverture reseau dans ma zone.,Non
CLI02532,Conakry,Femme,18,806000,49,Postpayé,Non,Oui,39000,Orange Money,194,115,1,1585,23,0,0,0,Service correct dans l'ensemble.,Non
CLI02533,Kankan,Femme,49,300000,30,Postpayé,Non,Oui,25000,Orange Money,179,34,4,1481,62,1,0,6,Aucun probleme depuis mon inscription.,Non
CLI02534,Mamou,Femme,18,300000,2,Illimité,Oui,Oui,10000,Virement bancaire,132,147,62,1282,11,1,0,0,Offres interessantes et service fiable.,Non
CLI02535,Kankan,Femme,37,1599000,5,Postpayé,Non,Non,54000,Espèces,216,128,5,2535,63,1,1,0,Service correct dans l'ensemble.,Non
CLI02536,Boké,Femme,25,556000,7,Prépayé,Non,Oui,37000,Orange Money,30,115,3,1813,6,1,0,2,Service client reactif et efficace.,Non
CLI02537,Kindia,Homme,41,416000,17,Illimité,Oui,Oui,18000,Orange Money,175,186,39,1784,45,2,1,0,Offres interessantes et service fiable.,Non
CLI02538,Labé,Homme,22,531000,23,Postpayé,Oui,Non,39000,Orange Money,134,26,39,2403,54,2,2,18,"Je pense changer d'operateur, trop de pannes.",Oui
CLI02539,Conakry,Femme,26,1312000,12,Prépayé,Non,Non,86000,Espèces,163,94,1,2963,2,0,0,14,Tres satisfait du reseau et du service.,Non
CLI02540,Boké,Femme,38,300000,10,Prépayé,Oui,Oui,24000,Virement bancaire,110,111,65,2012,2,2,0,2,Service correct dans l'ensemble.,Non
CLI02541,Labé,Homme,18,694000,6,Postpayé,Non,Non,47000,Virement bancaire,201,146,3,1374,13,1,0,15,Service client reactif et efficace.,Non
CLI02542,Conakry,Homme,18,414000,10,Prépayé,Oui,Non,30000,Espèces,135,98,14,58,42,1,1,0,Service client reactif et efficace.,Non
CLI02543,Kankan,Homme,56,453000,3,Prépayé,Oui,Non,21000,Orange Money,232,80,34,1408,3,2,0,11,Offres interessantes et service fiable.,Non
CLI02544,Boké,Homme,35,882000,24,Prépayé,Non,Non,58000,Orange Money,218,39,5,3364,24,2,1,1,"Utilisation standard, pas de souci majeur.",Non
CLI02545,Labé,Femme,39,1191000,54,Prépayé,Non,Non,79000,Orange Money,194,31,1,2614,4,2,0,0,Service correct dans l'ensemble.,Non
CLI02546,Mamou,Femme,34,300000,43,Illimité,Non,Oui,15000,Espèces,254,49,3,3752,9,1,0,2,Service correct dans l'ensemble.,Non
CLI02547,Kankan,Femme,38,712000,13,Prépayé,Non,Oui,30000,Orange Money,210,87,1,3293,6,0,0,0,Service client reactif et efficace.,Non
CLI02548,Conakry,Homme,34,800000,32,Prépayé,Non,Oui,39000,Virement bancaire,196,90,3,1420,1,0,0,0,Content de la couverture reseau dans ma zone.,Non
CLI02549,Conakry,Femme,38,568000,9,Postpayé,Non,Non,48000,Virement bancaire,170,1,10,3479,33,1,0,7,Rien de particulier a signaler.,Non
CLI02550,Conakry,Femme,20,726000,74,Prépayé,Non,Oui,35000,Espèces,135,136,4,1917,15,2,0,0,Content de la couverture reseau dans ma zone.,Non
CLI02551,N'Zérékoré,Femme,18,802000,4,Prépayé,Non,Oui,64000,Orange Money,222,108,2,2620,3,1,0,0,Content de la couverture reseau dans ma zone.,Non
CLI02552,Boké,Homme,27,687000,5,Prépayé,Oui,Non,23000,Espèces,157,70,66,1733,20,1,2,1,Tres decu par la qualite du reseau en ce moment.,Oui
CLI02553,Faranah,Femme,51,508000,20,Prépayé,Oui,Oui,38000,Espèces,56,103,34,638,16,1,0,14,Le service client ne repond jamais rapidement.,Oui
CLI02554,Conakry,Femme,27,1123000,3,Prépayé,Non,Oui,72000,Orange Money,228,37,2,3467,53,1,0,0,Tres satisfait du reseau et du service.,Non
CLI02555,N'Zérékoré,Homme,18,362000,6,Prépayé,Non,Non,22000,Espèces,92,86,1,1911,32,0,1,1,"Bon rapport qualite prix, je recommande.",Non
CLI02556,Conakry,Homme,51,647000,2,Prépayé,Non,Non,29000,Orange Money,175,124,0,2661,36,0,1,0,Rien de particulier a signaler.,Non
CLI02557,Mamou,Homme,45,941000,1,Prépayé,Non,Oui,49000,Orange Money,245,105,1,3005,6,0,0,0,Rien de particulier a signaler.,Oui
CLI02558,Conakry,Femme,28,525000,1,Prépayé,Non,Oui,18000,Espèces,217,14,2,1969,3,4,0,2,Aucune reponse a mes reclamations depuis un mois.,Oui
CLI02559,Kankan,Homme,42,876000,3,Prépayé,Non,Oui,42000,Orange Money,262,87,1,4666,0,2,1,0,Service client reactif et efficace.,Non
CLI02560,Kindia,Homme,40,1059000,3,Prépayé,Oui,Oui,93000,Orange Money,137,124,81,1169,14,0,0,0,"Bon rapport qualite prix, je recommande.",Non
CLI02561,Mamou,Homme,20,537000,7,Prépayé,Non,Oui,24000,Espèces,159,91,2,1271,4,1,0,2,Aucun probleme depuis mon inscription.,Non
CLI02562,Labé,Homme,47,899000,33,Prépayé,Non,Non,73000,Orange Money,116,126,7,4450,57,1,0,5,Tres satisfait du reseau et du service.,Non
CLI02563,Conakry,Homme,41,2378000,5,Postpayé,Non,Oui,97000,Orange Money,198,152,1,2013,17,0,0,2,Tres satisfait du reseau et du service.,Non
CLI02564,Boké,Homme,39,689000,26,Postpayé,Non,Non,46000,Espèces,142,81,4,4059,117,1,0,0,Tres satisfait du reseau et du service.,Non
CLI02565,Conakry,Femme,46,425000,2,Postpayé,Non,Oui,21000,Espèces,112,100,0,1858,1,2,1,0,"Bon rapport qualite prix, je recommande.",Non
CLI02566,Kankan,Homme,18,808000,41,Prépayé,Non,Non,57000,Orange Money,168,68,0,1722,18,1,1,0,"Je pense changer d'operateur, trop de pannes.",Oui
CLI02567,Boké,Femme,33,314000,53,Postpayé,Oui,Non,16000,Carte bancaire,187,77,60,4557,30,2,0,1,Aucun probleme depuis mon inscription.,Non
CLI02568,Conakry,Femme,51,590000,15,Prépayé,Non,Non,52000,Espèces,226,122,0,2591,124,1,0,2,Aucun probleme depuis mon inscription.,Non
CLI02569,Kindia,Homme,48,1148000,21,Illimité,Non,Oui,95000,Espèces,183,50,3,2615,5,1,1,0,Aucun probleme depuis mon inscription.,Non
CLI02570,Kindia,Homme,18,1169000,12,Postpayé,Non,Oui,53000,Virement bancaire,130,118,6,1567,32,1,0,9,Le forfait ne correspond plus a mes besoins.,Oui
CLI02571,Conakry,Femme,41,300000,25,Postpayé,Non,Non,19000,Orange Money,221,40,5,3633,0,0,0,2,Offres interessantes et service fiable.,Non
CLI02572,Kindia,Homme,27,2329000,15,Postpayé,Non,Non,76000,Carte bancaire,128,48,0,2372,36,1,1,0,"Bon rapport qualite prix, je recommande.",Non
CLI02573,Mamou,Homme,38,300000,26,Postpayé,Oui,Oui,21000,Orange Money,158,104,38,50,2,2,1,0,Aucun probleme depuis mon inscription.,Non
CLI02574,Labé,Homme,26,763000,61,Prépayé,Non,Oui,52000,Espèces,140,78,1,2622,35,0,0,5,Tres satisfait du reseau et du service.,Non
CLI02575,N'Zérékoré,Homme,49,842000,13,Postpayé,Non,Oui,32000,Espèces,169,35,7,3030,9,1,1,2,Offres interessantes et service fiable.,Non
CLI02576,Faranah,Femme,57,665000,14,Prépayé,Non,Oui,43000,Carte bancaire,314,78,1,2316,8,0,2,0,Tres satisfait du reseau et du service.,Non
CLI02577,Kankan,Homme,46,924000,14,Prépayé,Oui,Oui,34000,Espèces,250,62,59,5193,31,0,1,0,"Utilisation standard, pas de souci majeur.",Oui
CLI02578,Conakry,Femme,46,933000,51,Postpayé,Non,Oui,58000,Orange Money,209,71,4,2584,21,2,0,1,"Utilisation standard, pas de souci majeur.",Non
CLI02579,Labé,Homme,37,1875000,1,Postpayé,Non,Non,168000,Orange Money,154,102,9,2831,22,1,1,0,Content de la couverture reseau dans ma zone.,Non
CLI02580,Conakry,Homme,33,1281000,7,Prépayé,Non,Oui,60000,Carte bancaire,239,105,1,1940,25,4,1,0,Service correct dans l'ensemble.,Oui
CLI02581,Conakry,Femme,51,1415000,19,Prépayé,Non,Non,52000,Espèces,163,67,0,3924,4,0,0,0,Service client reactif et efficace.,Non
CLI02582,Kindia,Femme,44,903000,33,Prépayé,Non,Oui,32000,Espèces,189,78,4,2755,30,0,0,7,Tres satisfait du reseau et du service.,Non
CLI02583,Labé,Femme,38,421000,2,Prépayé,Non,Oui,33000,Orange Money,180,94,2,542,36,3,1,4,Tres satisfait du reseau et du service.,Non
CLI02584,Kindia,Homme,28,1687000,10,Postpayé,Non,Oui,86000,Orange Money,36,100,1,3069,2,0,0,18,Tres satisfait du reseau et du service.,Non
CLI02585,Kindia,Homme,23,613000,23,Prépayé,Non,Non,33000,Espèces,114,97,5,3428,38,0,0,1,Service correct dans l'ensemble.,Non
CLI02586,Kindia,Homme,44,415000,31,Prépayé,Non,Oui,22000,Orange Money,164,129,0,2044,6,1,0,0,Rien de particulier a signaler.,Non
CLI02587,N'Zérékoré,Homme,44,1304000,13,Prépayé,Non,Oui,116000,Orange Money,193,81,0,3925,50,1,0,5,Tres satisfait du reseau et du service.,Non
CLI02588,Boké,Homme,35,1013000,1,Postpayé,Non,Non,90000,Carte bancaire,245,50,3,2846,31,0,0,0,Facturation incorrecte plusieurs fois de suite.,Oui
CLI02589,N'Zérékoré,Homme,36,1392000,79,Prépayé,Non,Non,62000,Espèces,203,54,1,2218,11,0,0,0,Content de la couverture reseau dans ma zone.,Non
CLI02590,N'Zérékoré,Femme,19,690000,40,Prépayé,Non,Non,23000,Espèces,219,92,0,2259,70,0,0,0,Service client reactif et efficace.,Non
CLI02591,Mamou,Femme,27,1137000,10,Prépayé,Oui,Non,38000,Espèces,170,110,57,2145,64,4,1,0,Tres satisfait du reseau et du service.,Non
CLI02592,N'Zérékoré,Homme,24,966000,19,Prépayé,Non,Non,60000,Orange Money,134,87,1,2572,5,1,0,0,Content de la couverture reseau dans ma zone.,Non
CLI02593,N'Zérékoré,Femme,41,739000,18,Prépayé,Non,Oui,32000,Orange Money,162,52,4,1961,12,2,0,13,Tres decu par la qualite du reseau en ce moment.,Oui
CLI02594,Kankan,Homme,33,1117000,28,Prépayé,Non,Non,52000,Virement bancaire,269,85,3,2079,22,0,1,0,"Bon rapport qualite prix, je recommande.",Non
CLI02595,Faranah,Homme,35,790000,12,Prépayé,Non,Oui,41000,Espèces,198,95,1,2710,27,0,2,0,Service client reactif et efficace.,Non
CLI02596,Conakry,Femme,27,955000,32,Illimité,Non,Non,59000,Carte bancaire,154,138,2,4044,36,2,1,0,Facturation incorrecte plusieurs fois de suite.,Oui
CLI02597,Conakry,Homme,36,522000,15,Prépayé,Non,Oui,43000,Carte bancaire,191,129,5,1572,10,1,1,0,Service correct dans l'ensemble.,Oui
CLI02598,Conakry,Femme,18,1420000,15,Prépayé,Non,Oui,60000,Orange Money,103,140,1,1905,11,0,0,6,Rien de particulier a signaler.,Non
CLI02599,Conakry,Femme,54,1165000,12,Prépayé,Oui,Oui,94000,Carte bancaire,155,66,61,998,8,0,0,0,Offres interessantes et service fiable.,Non
CLI02600,Labé,Femme,35,300000,3,Postpayé,Non,Non,26000,Espèces,168,100,1,3610,84,1,1,2,Tres satisfait du reseau et du service.,Non
CLI02601,Boké,Femme,40,1075000,51,Prépayé,Non,Oui,39000,Espèces,155,156,3,1323,5,1,0,5,Content de la couverture reseau dans ma zone.,Non
CLI02602,Faranah,Femme,40,747000,22,Prépayé,Non,Non,64000,Espèces,180,159,1,1862,7,2,0,0,Aucune reponse a mes reclamations depuis un mois.,Oui
CLI02603,Kindia,Femme,26,935000,32,Prépayé,Non,Non,38000,Espèces,146,104,0,1670,8,1,1,1,"Bon rapport qualite prix, je recommande.",Non
CLI02604,Mamou,Homme,50,670000,18,Prépayé,Non,Non,58000,Carte bancaire,178,36,1,1271,34,2,1,0,Service correct dans l'ensemble.,Oui
CLI02605,Kindia,Homme,37,633000,14,Prépayé,Non,Non,53000,Espèces,179,143,5,1465,23,4,1,0,Rien de particulier a signaler.,Oui
CLI02606,Conakry,Homme,33,1243000,33,Prépayé,Non,Oui,62000,Orange Money,224,92,7,4771,98,2,0,0,Service client reactif et efficace.,Non
CLI02607,Kankan,Femme,46,720000,15,Prépayé,Oui,Non,28000,Orange Money,287,187,54,1756,12,1,1,2,"Bon rapport qualite prix, je recommande.",Non
CLI02608,Conakry,Homme,25,1330000,26,Illimité,Oui,Oui,102000,Espèces,110,120,70,2174,5,1,2,5,Le service client ne repond jamais rapidement.,Oui
CLI02609,Labé,Homme,42,485000,2,Postpayé,Oui,Non,18000,Orange Money,226,56,47,2435,30,0,2,0,"Bon rapport qualite prix, je recommande.",Non
CLI02610,Conakry,Femme,54,747000,5,Prépayé,Non,Non,25000,Carte bancaire,154,80,4,818,1,2,0,0,Service client reactif et efficace.,Non
CLI02611,Mamou,Homme,30,737000,92,Prépayé,Oui,Oui,37000,Orange Money,146,88,67,4386,6,1,0,11,"Utilisation standard, pas de souci majeur.",Oui
CLI02612,Conakry,Femme,40,300000,1,Postpayé,Non,Oui,14000,Orange Money,97,105,0,3467,8,1,0,3,Le service client ne repond jamais rapidement.,Oui
CLI02613,Conakry,Homme,21,845000,47,Prépayé,Oui,Oui,64000,Virement bancaire,192,33,107,1519,22,1,0,0,Service client reactif et efficace.,Non
CLI02614,Mamou,Homme,38,688000,28,Prépayé,Non,Non,22000,Espèces,129,38,5,2525,35,1,0,8,Service correct dans l'ensemble.,Oui
CLI02615,Boké,Femme,38,552000,66,Illimité,Non,Oui,33000,Espèces,305,37,0,2416,35,1,0,0,Service client reactif et efficace.,Non
CLI02616,Mamou,Homme,18,1063000,1,Prépayé,Non,Non,57000,Espèces,105,99,0,2632,7,1,1,3,Content de la couverture reseau dans ma zone.,Non
CLI02617,Conakry,Femme,53,635000,1,Prépayé,Non,Non,31000,Espèces,214,59,3,4116,15,0,2,0,Le service client ne repond jamais rapidement.,Oui
CLI02618,Kankan,Femme,58,749000,23,Prépayé,Non,Oui,47000,Espèces,108,126,3,1284,7,1,1,0,Service correct dans l'ensemble.,Non
CLI02619,Conakry,Homme,18,562000,27,Postpayé,Non,Oui,47000,Orange Money,284,33,0,3358,16,3,0,0,Tres satisfait du reseau et du service.,Non
CLI02620,N'Zérékoré,Homme,40,1863000,9,Prépayé,Non,Oui,102000,Orange Money,281,76,1,5302,8,1,1,3,Service correct dans l'ensemble.,Oui
CLI02621,N'Zérékoré,Homme,31,568000,25,Postpayé,Non,Non,29000,Orange Money,156,106,5,2197,8,0,0,3,Aucun probleme depuis mon inscription.,Non
CLI02622,Kankan,Homme,32,300000,3,Prépayé,Non,Oui,23000,Orange Money,89,137,13,50,18,4,0,4,Aucune reponse a mes reclamations depuis un mois.,Oui
CLI02623,Kindia,Homme,40,375000,42,Prépayé,Non,Non,28000,Orange Money,89,94,2,4051,36,2,0,1,Rien de particulier a signaler.,Non
CLI02624,Mamou,Homme,36,841000,11,Prépayé,Non,Oui,67000,Carte bancaire,177,72,0,1109,6,1,1,6,Rien de particulier a signaler.,Oui
CLI02625,N'Zérékoré,Homme,33,808000,4,Illimité,Non,Oui,67000,Espèces,185,113,1,2442,18,3,1,5,Aucune reponse a mes reclamations depuis un mois.,Oui
CLI02626,Faranah,Homme,38,512000,20,Prépayé,Non,Non,24000,Orange Money,207,62,1,2535,118,1,0,6,"Bon rapport qualite prix, je recommande.",Non
CLI02627,Mamou,Homme,31,1211000,14,Prépayé,Non,Non,82000,Orange Money,134,52,2,2224,13,0,0,0,Content de la couverture reseau dans ma zone.,Non
CLI02628,Conakry,Homme,37,300000,17,Prépayé,Non,Non,11000,Orange Money,216,106,2,3091,1,1,1,1,"Bon rapport qualite prix, je recommande.",Non
CLI02629,Conakry,Femme,28,604000,22,Prépayé,Non,Oui,39000,Orange Money,176,99,7,1554,96,1,0,3,Rien de particulier a signaler.,Oui
CLI02630,Mamou,Homme,45,1908000,19,Prépayé,Oui,Oui,71000,Orange Money,124,61,32,3251,78,2,0,0,Service client reactif et efficace.,Non
CLI02631,Boké,Femme,57,639000,84,Postpayé,Non,Non,34000,Carte bancaire,160,135,15,3263,9,1,2,4,Offres interessantes et service fiable.,Non
CLI02632,Boké,Femme,35,900000,48,Postpayé,Non,Non,70000,Espèces,166,82,1,1726,19,2,0,1,Service correct dans l'ensemble.,Non
CLI02633,Conakry,Femme,32,609000,7,Prépayé,Non,Non,49000,Orange Money,218,145,5,1655,38,1,1,3,Content de la couverture reseau dans ma zone.,Non
CLI02634,Kindia,Homme,50,1186000,61,Prépayé,Non,Oui,46000,Orange Money,207,85,1,3416,3,0,0,0,Service client reactif et efficace.,Non
CLI02635,Kankan,Femme,18,375000,8,Prépayé,Non,Non,11000,Orange Money,238,20,2,1325,38,0,1,4,Service correct dans l'ensemble.,Oui
CLI02636,Kindia,Homme,33,841000,29,Prépayé,Non,Oui,26000,Orange Money,252,183,2,3204,13,1,1,0,Service correct dans l'ensemble.,Non
CLI02637,N'Zérékoré,Homme,22,575000,38,Prépayé,Non,Oui,31000,Espèces,260,41,1,3841,47,2,0,0,Rien de particulier a signaler.,Non
CLI02638,Conakry,Homme,29,1070000,6,Postpayé,Non,Oui,71000,Espèces,125,81,1,2127,5,2,0,6,Service correct dans l'ensemble.,Non
CLI02639,Labé,Homme,23,842000,14,Prépayé,Non,Non,45000,Orange Money,143,63,2,3649,34,0,0,0,Service client reactif et efficace.,Non
CLI02640,Mamou,Homme,32,693000,15,Prépayé,Non,Non,52000,Orange Money,88,95,2,1729,35,1,1,1,Rien de particulier a signaler.,Non
CLI02641,Mamou,Homme,48,307000,10,Prépayé,Non,Oui,26000,Espèces,212,160,4,1593,9,1,0,5,Le service client ne repond jamais rapidement.,Oui
CLI02642,Kankan,Homme,25,1167000,40,Prépayé,Non,Non,88000,Carte bancaire,226,31,2,2811,70,1,1,0,Service client reactif et efficace.,Non
CLI02643,Faranah,Femme,32,1213000,27,Prépayé,Non,Oui,49000,Espèces,107,0,1,1442,10,4,0,3,"Utilisation standard, pas de souci majeur.",Non
CLI02644,Kankan,Femme,47,1515000,11,Illimité,Non,Oui,69000,Espèces,165,34,3,1561,8,1,0,0,"Utilisation standard, pas de souci majeur.",Non
CLI02645,Conakry,Femme,40,1055000,64,Prépayé,Oui,Oui,43000,Orange Money,293,112,49,3064,44,1,1,4,"Utilisation standard, pas de souci majeur.",Non
CLI02646,Conakry,Homme,43,338000,2,Prépayé,Non,Oui,19000,Espèces,141,73,6,1897,70,1,0,0,Trop de coupures de reseau ces derniers temps.,Oui
CLI02647,Conakry,Femme,33,614000,89,Prépayé,Non,Non,19000,Espèces,93,136,1,462,16,0,2,0,Service client reactif et efficace.,Non
CLI02648,Conakry,Homme,29,539000,5,Prépayé,Non,Oui,30000,Espèces,192,81,1,1764,148,0,1,0,Facturation incorrecte plusieurs fois de suite.,Oui
CLI02649,Faranah,Homme,30,1208000,44,Prépayé,Non,Non,80000,Orange Money,216,153,2,1867,5,0,1,1,Rien de particulier a signaler.,Non
CLI02650,Labé,Femme,30,460000,16,Prépayé,Non,Non,41000,Orange Money,119,114,2,293,20,1,1,1,"Bon rapport qualite prix, je recommande.",Non
CLI02651,Faranah,Homme,20,481000,3,Postpayé,Non,Non,41000,Orange Money,164,73,4,2628,7,2,0,0,Facturation incorrecte plusieurs fois de suite.,Oui
CLI02652,Labé,Femme,18,1483000,32,Prépayé,Non,Non,47000,Orange Money,165,97,12,1215,52,0,0,2,Tres satisfait du reseau et du service.,Non
CLI02653,Labé,Homme,29,703000,15,Prépayé,Non,Oui,26000,Orange Money,147,39,1,4646,29,0,0,2,Aucun probleme depuis mon inscription.,Non
CLI02654,Conakry,Femme,37,1151000,18,Prépayé,Non,Non,52000,Carte bancaire,112,38,1,3590,18,2,0,5,Content de la couverture reseau dans ma zone.,Non
CLI02655,Kankan,Homme,28,555000,16,Prépayé,Non,Oui,40000,Espèces,194,117,2,1954,7,1,1,0,Service correct dans l'ensemble.,Non
CLI02656,Kankan,Femme,46,538000,43,Postpayé,Non,Oui,32000,Espèces,170,128,3,50,12,0,2,0,Tres satisfait du reseau et du service.,Non
CLI02657,Faranah,Homme,47,680000,11,Prépayé,Non,Oui,37000,Orange Money,151,131,0,2232,12,1,0,0,Aucune reponse a mes reclamations depuis un mois.,Oui
CLI02658,N'Zérékoré,Femme,35,500000,34,Illimité,Non,Oui,25000,Orange Money,128,163,3,2828,2,4,0,3,Tres satisfait du reseau et du service.,Non
CLI02659,Kindia,Homme,31,729000,12,Postpayé,Non,Oui,49000,Espèces,119,68,2,2752,6,1,0,0,Service correct dans l'ensemble.,Non
CLI02660,Boké,Femme,39,528000,2,Prépayé,Non,Non,38000,Orange Money,176,115,1,2333,28,1,1,8,Service correct dans l'ensemble.,Oui
CLI02661,Boké,Femme,29,896000,29,Postpayé,Non,Non,57000,Espèces,189,31,17,3442,27,2,1,5,Content de la couverture reseau dans ma zone.,Non
CLI02662,Kindia,Femme,32,565000,88,Postpayé,Non,Non,33000,Espèces,98,48,0,2258,20,2,0,0,Content de la couverture reseau dans ma zone.,Non
CLI02663,Labé,Homme,25,888000,21,Postpayé,Non,Oui,42000,Virement bancaire,136,66,0,2954,44,0,0,0,Offres interessantes et service fiable.,Non
CLI02664,Mamou,Femme,27,605000,25,Prépayé,Oui,Oui,53000,Espèces,146,127,34,6214,7,0,0,4,Rien de particulier a signaler.,Non
CLI02665,Labé,Femme,41,815000,5,Postpayé,Non,Non,50000,Virement bancaire,168,0,1,2622,69,1,0,14,Service client reactif et efficace.,Non
CLI02666,Conakry,Homme,30,860000,9,Prépayé,Non,Non,77000,Espèces,61,174,6,2326,1,2,1,3,Le forfait ne correspond plus a mes besoins.,Oui
CLI02667,Faranah,Homme,40,535000,24,Postpayé,Non,Non,47000,Espèces,114,55,11,2821,4,1,0,0,Aucune reponse a mes reclamations depuis un mois.,Oui
CLI02668,Conakry,Femme,34,1529000,27,Prépayé,Non,Oui,56000,Espèces,253,83,10,2755,13,0,2,1,Trop de coupures de reseau ces derniers temps.,Oui
CLI02669,Conakry,Femme,35,1322000,9,Prépayé,Oui,Oui,93000,Orange Money,113,113,53,2458,10,3,0,1,Aucun probleme depuis mon inscription.,Non
CLI02670,Kindia,Homme,38,965000,1,Prépayé,Oui,Oui,51000,Orange Money,96,72,53,1899,8,3,0,0,Rien de particulier a signaler.,Oui
CLI02671,Kankan,Femme,18,569000,14,Prépayé,Oui,Non,30000,Orange Money,242,98,60,2845,8,2,2,8,Aucun probleme depuis mon inscription.,Non
CLI02672,Conakry,Homme,30,300000,19,Prépayé,Non,Non,18000,Orange Money,210,55,5,275,115,0,2,1,Content de la couverture reseau dans ma zone.,Non
CLI02673,Kankan,Homme,38,300000,7,Prépayé,Oui,Oui,23000,Carte bancaire,58,177,51,2269,7,1,3,2,Facturation incorrecte plusieurs fois de suite.,Oui
CLI02674,Labé,Homme,50,665000,28,Prépayé,Non,Non,32000,Orange Money,253,96,2,1393,16,1,0,0,Content de la couverture reseau dans ma zone.,Non
CLI02675,Faranah,Femme,40,1691000,47,Prépayé,Non,Oui,55000,Espèces,224,128,0,1382,47,3,0,0,Offres interessantes et service fiable.,Non
CLI02676,Conakry,Homme,62,1186000,22,Prépayé,Non,Non,69000,Orange Money,79,115,2,1544,12,1,1,0,Tres decu par la qualite du reseau en ce moment.,Oui
CLI02677,N'Zérékoré,Homme,49,659000,21,Prépayé,Non,Oui,25000,Orange Money,245,78,1,3520,102,2,1,0,Aucune reponse a mes reclamations depuis un mois.,Oui
CLI02678,Mamou,Homme,36,1112000,12,Prépayé,Non,Oui,64000,Espèces,224,87,2,984,20,0,0,8,Tres satisfait du reseau et du service.,Non
CLI02679,Conakry,Homme,20,805000,14,Prépayé,Oui,Oui,26000,Espèces,164,99,84,2248,11,2,0,0,Tres satisfait du reseau et du service.,Non
CLI02680,Kankan,Homme,31,449000,24,Postpayé,Oui,Non,35000,Orange Money,172,38,40,2442,52,1,0,11,Service correct dans l'ensemble.,Oui
CLI02681,Boké,Homme,32,2003000,14,Prépayé,Non,Non,144000,Carte bancaire,202,154,5,1651,57,3,1,0,Offres interessantes et service fiable.,Non
CLI02682,Kankan,Homme,36,387000,1,Prépayé,Oui,Oui,21000,Carte bancaire,147,107,63,2225,5,2,1,0,Rien de particulier a signaler.,Non
CLI02683,Faranah,Homme,39,1876000,34,Illimité,Oui,Non,87000,Orange Money,97,42,41,2209,4,0,1,0,Offres interessantes et service fiable.,Non
CLI02684,N'Zérékoré,Femme,20,544000,28,Prépayé,Non,Oui,39000,Orange Money,166,48,1,1848,32,2,0,8,Service client reactif et efficace.,Non
CLI02685,N'Zérékoré,Homme,40,403000,82,Prépayé,Non,Non,33000,Espèces,135,81,0,3183,16,5,0,0,"Bon rapport qualite prix, je recommande.",Non
CLI02686,Mamou,Homme,31,750000,14,Prépayé,Oui,Oui,33000,Carte bancaire,70,107,56,2713,38,2,0,3,Aucun probleme depuis mon inscription.,Non
CLI02687,Faranah,Femme,27,460000,61,Postpayé,Oui,Oui,25000,Orange Money,178,111,70,5031,22,1,2,0,"Bon rapport qualite prix, je recommande.",Non
CLI02688,Conakry,Homme,20,631000,11,Postpayé,Non,Oui,38000,Carte bancaire,264,63,2,1800,15,0,2,17,"Je pense changer d'operateur, trop de pannes.",Oui
CLI02689,Kankan,Femme,37,430000,21,Prépayé,Non,Non,19000,Orange Money,216,84,1,719,29,1,0,5,Trop de coupures de reseau ces derniers temps.,Oui
CLI02690,Faranah,Femme,29,881000,5,Prépayé,Non,Non,50000,Orange Money,142,152,1,2395,7,1,0,6,Tres satisfait du reseau et du service.,Non
CLI02691,N'Zérékoré,Homme,18,1035000,22,Illimité,Non,Non,62000,Orange Money,299,91,1,5004,4,1,0,0,Service client reactif et efficace.,Non
CLI02692,Faranah,Homme,35,649000,30,Prépayé,Oui,Non,54000,Espèces,100,0,53,3997,16,0,0,0,Rien de particulier a signaler.,Non
CLI02693,Labé,Femme,32,1102000,10,Illimité,Non,Non,44000,Espèces,239,57,0,2713,49,3,0,0,Offres interessantes et service fiable.,Non
CLI02694,Kankan,Femme,18,451000,41,Prépayé,Non,Oui,26000,Espèces,219,133,1,3792,21,1,0,8,"Utilisation standard, pas de souci majeur.",Non
CLI02695,Labé,Homme,41,893000,29,Prépayé,Non,Oui,68000,Virement bancaire,181,21,2,2951,1,1,1,3,"Utilisation standard, pas de souci majeur.",Non
CLI02696,Boké,Homme,31,1164000,3,Prépayé,Non,Oui,103000,Espèces,225,65,4,3263,1,1,0,1,Rien de particulier a signaler.,Non
CLI02697,N'Zérékoré,Homme,39,1014000,77,Illimité,Oui,Oui,32000,Orange Money,170,69,45,2620,2,3,1,0,Aucun probleme depuis mon inscription.,Non
CLI02698,Boké,Femme,21,532000,47,Postpayé,Non,Oui,38000,Orange Money,113,93,12,1939,34,0,1,0,"Utilisation standard, pas de souci majeur.",Non
CLI02699,Conakry,Homme,28,1271000,7,Prépayé,Oui,Oui,78000,Orange Money,211,3,34,3934,13,0,1,1,"Utilisation standard, pas de souci majeur.",Oui
CLI02700,Conakry,Femme,38,590000,12,Postpayé,Non,Oui,27000,Espèces,114,104,5,2866,4,0,0,6,Content de la couverture reseau dans ma zone.,Non
CLI02701,Kindia,Femme,42,843000,21,Prépayé,Non,Non,53000,Espèces,153,59,1,4188,6,0,0,0,Offres interessantes et service fiable.,Non
CLI02702,Boké,Femme,27,711000,50,Prépayé,Non,Oui,55000,Orange Money,182,169,0,1835,9,1,0,8,Offres interessantes et service fiable.,Non
CLI02703,Labé,Femme,18,1221000,32,Prépayé,Oui,Oui,74000,Espèces,249,44,49,1342,17,2,0,3,Offres interessantes et service fiable.,Non
CLI02704,Conakry,Homme,37,1434000,4,Postpayé,Non,Oui,117000,Carte bancaire,151,168,5,2797,2,3,0,4,"Bon rapport qualite prix, je recommande.",Non
CLI02705,Labé,Homme,32,659000,15,Prépayé,Non,Oui,36000,Carte bancaire,136,83,2,5030,31,2,1,0,Offres interessantes et service fiable.,Non
CLI02706,N'Zérékoré,Femme,49,575000,32,Postpayé,Non,Oui,38000,Orange Money,257,108,9,2016,57,1,1,0,Service correct dans l'ensemble.,Oui
CLI02707,Faranah,Homme,23,378000,41,Illimité,Non,Non,34000,Carte bancaire,115,92,1,2250,2,1,1,1,Service client reactif et efficace.,Non
CLI02708,Faranah,Femme,39,801000,14,Prépayé,Non,Oui,62000,Espèces,314,123,4,2493,4,1,0,0,"Utilisation standard, pas de souci majeur.",Non
CLI02709,Labé,Femme,18,500000,17,Prépayé,Non,Oui,35000,Orange Money,131,103,3,3425,34,0,0,3,Aucune reponse a mes reclamations depuis un mois.,Oui
CLI02710,Kankan,Femme,37,652000,8,Illimité,Non,Oui,41000,Orange Money,203,118,1,3754,21,1,0,0,Tres satisfait du reseau et du service.,Non
CLI02711,Conakry,Homme,30,1443000,46,Prépayé,Non,Oui,52000,Carte bancaire,67,78,3,4401,8,1,0,0,Offres interessantes et service fiable.,Non
CLI02712,Kankan,Homme,37,901000,1,Illimité,Non,Non,33000,Espèces,85,24,1,1486,76,0,2,0,Tres satisfait du reseau et du service.,Non
CLI02713,Faranah,Homme,33,521000,8,Prépayé,Non,Oui,16000,Espèces,156,83,0,2651,15,2,0,0,Service correct dans l'ensemble.,Non
CLI02714,Kindia,Homme,32,549000,14,Prépayé,Oui,Non,39000,Orange Money,207,169,24,2272,55,3,0,2,Service correct dans l'ensemble.,Oui
CLI02715,Boké,Homme,51,872000,11,Postpayé,Non,Oui,75000,Espèces,129,66,3,3579,23,3,0,0,"Bon rapport qualite prix, je recommande.",Non
CLI02716,Conakry,Femme,47,879000,52,Prépayé,Non,Non,40000,Carte bancaire,162,33,1,3441,6,0,1,0,"Utilisation standard, pas de souci majeur.",Non
CLI02717,Conakry,Femme,34,300000,38,Postpayé,Non,Non,12000,Espèces,146,141,0,1797,33,2,0,4,Tres satisfait du reseau et du service.,Non
CLI02718,Kindia,Homme,24,485000,34,Prépayé,Non,Oui,17000,Espèces,257,22,5,4649,6,2,0,0,Tres decu par la qualite du reseau en ce moment.,Oui
CLI02719,Kindia,Femme,25,654000,4,Prépayé,Oui,Oui,55000,Carte bancaire,184,123,24,2622,9,1,0,0,Tres satisfait du reseau et du service.,Non
CLI02720,Labé,Homme,46,474000,28,Postpayé,Non,Oui,30000,Espèces,253,109,3,4543,28,2,0,17,Le forfait ne correspond plus a mes besoins.,Oui
CLI02721,Kindia,Homme,35,404000,5,Prépayé,Non,Oui,19000,Orange Money,128,47,0,3821,9,1,2,3,Le service client ne repond jamais rapidement.,Oui
CLI02722,Kankan,Homme,26,300000,3,Prépayé,Non,Oui,25000,Virement bancaire,216,157,7,1818,6,3,0,0,Service correct dans l'ensemble.,Oui
CLI02723,Conakry,Homme,27,365000,16,Postpayé,Non,Oui,33000,Orange Money,148,54,5,1859,22,1,0,6,"Bon rapport qualite prix, je recommande.",Non
CLI02724,Kankan,Femme,49,1132000,72,Prépayé,Non,Oui,43000,Carte bancaire,257,21,3,1549,25,2,1,3,Offres interessantes et service fiable.,Non
CLI02725,Labé,Femme,35,1431000,6,Postpayé,Non,Non,117000,Carte bancaire,140,92,0,3098,29,2,0,1,Offres interessantes et service fiable.,Non
CLI02726,Conakry,Homme,24,435000,39,Prépayé,Non,Non,36000,Espèces,133,0,2,2337,61,0,0,6,Facturation incorrecte plusieurs fois de suite.,Oui
CLI02727,Kankan,Homme,51,1203000,1,Postpayé,Non,Oui,81000,Virement bancaire,149,125,4,1058,11,2,0,0,Tres satisfait du reseau et du service.,Non
CLI02728,Labé,Femme,38,398000,6,Prépayé,Non,Oui,22000,Virement bancaire,239,131,0,1648,118,0,0,5,Le service client ne repond jamais rapidement.,Oui
CLI02729,Conakry,Femme,19,1029000,9,Prépayé,Non,Oui,58000,Orange Money,0,49,0,118,27,1,0,3,Trop cher par rapport a la qualite recue.,Oui
CLI02730,Kankan,Homme,20,595000,45,Postpayé,Oui,Non,43000,Orange Money,242,27,29,3166,26,1,0,0,Service correct dans l'ensemble.,Non
CLI02731,Conakry,Homme,38,807000,15,Prépayé,Non,Oui,67000,Espèces,244,71,3,2627,22,2,0,1,Aucun probleme depuis mon inscription.,Non
CLI02732,Labé,Homme,26,1204000,7,Postpayé,Non,Oui,100000,Espèces,154,97,2,2275,24,0,1,0,Offres interessantes et service fiable.,Non
CLI02733,Mamou,Homme,29,850000,96,Prépayé,Non,Oui,38000,Carte bancaire,62,59,19,3121,23,0,0,3,Tres satisfait du reseau et du service.,Non
CLI02734,Faranah,Femme,54,1266000,19,Prépayé,Non,Oui,48000,Espèces,239,47,1,3295,22,0,0,0,Service correct dans l'ensemble.,Non
CLI02735,Faranah,Homme,56,515000,20,Prépayé,Non,Oui,27000,Espèces,189,86,2,3206,48,0,0,2,"Bon rapport qualite prix, je recommande.",Non
CLI02736,Kankan,Femme,54,1396000,8,Postpayé,Non,Oui,71000,Virement bancaire,98,110,2,1538,6,0,1,9,Aucun probleme depuis mon inscription.,Non
CLI02737,Kankan,Homme,39,1191000,10,Postpayé,Non,Oui,74000,Orange Money,166,93,0,2581,23,0,2,6,Service correct dans l'ensemble.,Oui
CLI02738,Conakry,Femme,37,300000,81,Prépayé,Oui,Non,13000,Orange Money,229,42,39,3788,1,1,1,0,Rien de particulier a signaler.,Non
CLI02739,Labé,Homme,22,666000,82,Postpayé,Non,Oui,41000,Orange Money,237,159,1,539,4,0,1,2,Rien de particulier a signaler.,Non
CLI02740,Boké,Femme,21,647000,6,Postpayé,Non,Non,50000,Espèces,291,70,3,3811,14,2,1,0,Le service client ne repond jamais rapidement.,Oui
CLI02741,Conakry,Femme,35,752000,18,Prépayé,Non,Oui,45000,Orange Money,183,55,3,2316,14,0,0,0,"Bon rapport qualite prix, je recommande.",Non
CLI02742,Boké,Femme,36,759000,61,Postpayé,Non,Oui,45000,Espèces,206,51,4,4260,23,0,0,1,Service client reactif et efficace.,Non
CLI02743,Kankan,Homme,45,797000,11,Prépayé,Non,Oui,32000,Carte bancaire,148,81,2,444,47,2,1,4,"Bon rapport qualite prix, je recommande.",Non
CLI02744,Boké,Femme,43,485000,11,Illimité,Non,Non,29000,Orange Money,163,9,4,3330,38,3,0,0,Aucun probleme depuis mon inscription.,Non
CLI02745,Kindia,Homme,40,467000,10,Prépayé,Non,Oui,24000,Virement bancaire,290,37,0,1455,12,0,0,0,Service client reactif et efficace.,Non
CLI02746,Boké,Femme,41,970000,20,Prépayé,Non,Oui,34000,Espèces,272,133,0,4479,129,1,0,0,Offres interessantes et service fiable.,Non
CLI02747,Labé,Femme,37,300000,9,Prépayé,Non,Oui,23000,Espèces,128,142,0,1647,5,2,0,3,Aucun probleme depuis mon inscription.,Non
CLI02748,Faranah,Homme,49,329000,27,Prépayé,Non,Oui,16000,Carte bancaire,175,66,1,1832,49,1,0,1,Service client reactif et efficace.,Non
CLI02749,Kankan,Homme,22,536000,32,Illimité,Non,Oui,25000,Orange Money,164,107,1,1589,24,2,1,3,Tres satisfait du reseau et du service.,Non
CLI02750,Conakry,Homme,56,1133000,6,Illimité,Oui,Oui,86000,Orange Money,182,35,82,4441,15,0,1,0,Tres satisfait du reseau et du service.,Non
CLI02751,Conakry,Femme,41,539000,7,Prépayé,Non,Non,36000,Espèces,168,171,1,447,45,0,0,11,Offres interessantes et service fiable.,Non
CLI02752,Kindia,Homme,20,300000,11,Prépayé,Non,Oui,13000,Orange Money,206,87,2,4190,20,0,0,1,Aucun probleme depuis mon inscription.,Non
CLI02753,Kankan,Femme,38,384000,4,Illimité,Oui,Oui,22000,Espèces,194,120,52,1365,33,1,0,2,Le service client ne repond jamais rapidement.,Oui
CLI02754,N'Zérékoré,Homme,53,1019000,9,Prépayé,Non,Oui,82000,Espèces,233,129,10,3170,22,1,0,4,Le forfait ne correspond plus a mes besoins.,Oui
CLI02755,Kindia,Homme,28,300000,4,Prépayé,Non,Oui,11000,Orange Money,181,115,3,3818,19,0,3,0,Service correct dans l'ensemble.,Oui
CLI02756,Kankan,Homme,40,366000,23,Prépayé,Non,Oui,33000,Orange Money,212,104,0,4274,5,1,0,3,Content de la couverture reseau dans ma zone.,Non
CLI02757,Labé,Femme,34,575000,3,Prépayé,Non,Oui,42000,Espèces,154,185,3,2010,3,2,0,0,Rien de particulier a signaler.,Oui
CLI02758,N'Zérékoré,Homme,51,300000,10,Prépayé,Non,Oui,12000,Orange Money,278,51,2,2814,24,0,1,2,"Bon rapport qualite prix, je recommande.",Non
CLI02759,Labé,Homme,37,878000,11,Prépayé,Oui,Non,76000,Carte bancaire,77,52,43,1532,74,1,0,1,"Bon rapport qualite prix, je recommande.",Non
CLI02760,N'Zérékoré,Homme,28,478000,8,Postpayé,Non,Oui,40000,Orange Money,198,0,0,3614,0,0,1,1,"Bon rapport qualite prix, je recommande.",Non
CLI02761,Labé,Homme,39,1703000,15,Prépayé,Non,Oui,107000,Orange Money,205,161,3,1988,83,2,0,9,Aucun probleme depuis mon inscription.,Non
CLI02762,Kindia,Femme,40,861000,40,Postpayé,Non,Oui,38000,Orange Money,195,93,0,1450,24,2,0,13,Content de la couverture reseau dans ma zone.,Non
CLI02763,Kankan,Homme,36,726000,10,Postpayé,Non,Oui,47000,Espèces,151,99,2,2027,8,2,1,0,Rien de particulier a signaler.,Oui
CLI02764,Kindia,Homme,28,451000,1,Postpayé,Non,Oui,16000,Espèces,193,40,1,5225,119,1,0,9,Service client reactif et efficace.,Non
CLI02765,Kankan,Femme,19,614000,10,Prépayé,Non,Oui,48000,Espèces,195,75,0,2676,8,1,1,0,Content de la couverture reseau dans ma zone.,Non
CLI02766,Labé,Femme,34,422000,8,Illimité,Non,Oui,18000,Orange Money,149,86,2,4810,8,0,0,0,Offres interessantes et service fiable.,Non
CLI02767,Kindia,Homme,18,969000,45,Postpayé,Non,Non,43000,Espèces,178,119,2,958,6,0,0,0,Rien de particulier a signaler.,Non
CLI02768,Boké,Femme,25,392000,37,Prépayé,Non,Oui,32000,Espèces,133,97,5,3325,33,0,1,0,"Bon rapport qualite prix, je recommande.",Non
CLI02769,N'Zérékoré,Homme,35,761000,1,Prépayé,Non,Non,55000,Espèces,198,121,5,1880,34,1,0,0,Facturation incorrecte plusieurs fois de suite.,Oui
CLI02770,Conakry,Homme,46,358000,18,Postpayé,Non,Non,16000,Orange Money,235,39,3,2242,18,2,1,10,Service client reactif et efficace.,Non
CLI02771,Conakry,Femme,44,1294000,2,Prépayé,Non,Oui,90000,Carte bancaire,199,49,0,1859,35,3,0,5,"Utilisation standard, pas de souci majeur.",Non
CLI02772,N'Zérékoré,Femme,18,417000,27,Prépayé,Non,Oui,35000,Espèces,211,149,0,2846,26,0,0,0,Content de la couverture reseau dans ma zone.,Non
CLI02773,Conakry,Femme,45,1179000,4,Illimité,Non,Oui,82000,Orange Money,110,50,6,3161,0,0,1,3,"Utilisation standard, pas de souci majeur.",Non
CLI02774,Conakry,Homme,18,469000,3,Prépayé,Non,Oui,38000,Orange Money,146,38,8,3319,11,3,1,0,Service correct dans l'ensemble.,Non
CLI02775,Boké,Femme,37,300000,20,Postpayé,Non,Oui,24000,Carte bancaire,182,51,3,860,15,3,1,1,Service client reactif et efficace.,Non
CLI02776,Kankan,Femme,36,922000,50,Illimité,Non,Non,51000,Orange Money,113,77,4,2564,37,2,1,2,Trop cher par rapport a la qualite recue.,Oui
CLI02777,N'Zérékoré,Femme,44,443000,45,Postpayé,Non,Non,19000,Orange Money,243,36,1,2616,7,0,3,0,Aucun probleme depuis mon inscription.,Non
CLI02778,Conakry,Femme,36,1485000,27,Prépayé,Non,Non,48000,Orange Money,164,49,0,50,38,2,0,0,"Utilisation standard, pas de souci majeur.",Oui
CLI02779,Conakry,Femme,46,756000,60,Illimité,Non,Non,45000,Orange Money,216,186,0,2351,5,1,0,15,"Bon rapport qualite prix, je recommande.",Non
CLI02780,N'Zérékoré,Femme,28,1453000,7,Prépayé,Non,Oui,49000,Virement bancaire,89,113,3,3730,16,0,1,5,"Utilisation standard, pas de souci majeur.",Non
CLI02781,Labé,Homme,33,1274000,26,Prépayé,Non,Oui,46000,Espèces,55,24,2,3734,59,3,0,0,Offres interessantes et service fiable.,Non
CLI02782,Kankan,Homme,44,473000,15,Postpayé,Oui,Non,29000,Orange Money,142,107,60,1999,54,1,0,1,"Utilisation standard, pas de souci majeur.",Non
CLI02783,Kindia,Homme,29,364000,10,Prépayé,Non,Oui,21000,Espèces,137,22,6,1964,14,1,1,0,"Utilisation standard, pas de souci majeur.",Oui
CLI02784,Conakry,Femme,28,1035000,70,Postpayé,Non,Oui,40000,Orange Money,262,122,2,2760,40,2,0,0,Offres interessantes et service fiable.,Non
CLI02785,Kankan,Femme,35,373000,13,Illimité,Oui,Oui,30000,Carte bancaire,218,175,62,2430,33,2,0,0,"Bon rapport qualite prix, je recommande.",Non
CLI02786,Conakry,Femme,18,729000,39,Illimité,Non,Oui,41000,Orange Money,309,98,1,1772,8,1,1,0,Aucun probleme depuis mon inscription.,Non
CLI02787,Conakry,Homme,32,300000,13,Prépayé,Non,Oui,18000,Orange Money,202,111,9,5238,23,3,0,1,Service client reactif et efficace.,Non
CLI02788,Kindia,Homme,23,672000,79,Postpayé,Oui,Non,51000,Virement bancaire,323,61,53,3226,3,1,1,0,Service client reactif et efficace.,Non
CLI02789,Kindia,Femme,51,886000,31,Postpayé,Non,Oui,76000,Espèces,226,131,8,2861,7,1,0,0,Rien de particulier a signaler.,Non
CLI02790,Conakry,Femme,48,381000,96,Prépayé,Non,Oui,19000,Orange Money,275,93,3,820,11,0,0,0,"Bon rapport qualite prix, je recommande.",Non
CLI02791,Conakry,Femme,42,643000,68,Postpayé,Oui,Oui,50000,Espèces,164,39,59,1241,12,0,0,0,Offres interessantes et service fiable.,Non
CLI02792,Conakry,Homme,59,545000,11,Prépayé,Non,Oui,27000,Orange Money,145,95,2,1559,19,2,0,6,Le forfait ne correspond plus a mes besoins.,Oui
CLI02793,Labé,Femme,37,979000,7,Postpayé,Non,Oui,32000,Espèces,250,65,1,2684,54,1,1,0,Content de la couverture reseau dans ma zone.,Non
CLI02794,Faranah,Femme,30,507000,16,Prépayé,Non,Non,40000,Orange Money,161,80,3,1508,51,0,0,3,Rien de particulier a signaler.,Non
CLI02795,Labé,Femme,38,707000,5,Illimité,Non,Non,54000,Orange Money,113,44,4,3917,21,1,1,7,Le service client ne repond jamais rapidement.,Oui
CLI02796,Conakry,Homme,38,361000,11,Prépayé,Non,Oui,22000,Orange Money,130,135,2,1501,37,2,3,4,"Utilisation standard, pas de souci majeur.",Non
CLI02797,Labé,Femme,31,650000,10,Prépayé,Non,Oui,39000,Espèces,165,41,8,3495,1,0,1,0,"Utilisation standard, pas de souci majeur.",Non
CLI02798,Faranah,Femme,38,1947000,1,Postpayé,Non,Oui,129000,Orange Money,50,86,6,1309,1,1,0,4,Content de la couverture reseau dans ma zone.,Non
CLI02799,Conakry,Homme,21,579000,31,Prépayé,Non,Non,34000,Orange Money,179,120,5,617,48,1,0,4,Service correct dans l'ensemble.,Non
CLI02800,Boké,Femme,24,974000,17,Prépayé,Non,Non,45000,Espèces,139,72,0,4200,39,0,2,13,Trop cher par rapport a la qualite recue.,Oui
CLI02801,N'Zérékoré,Homme,38,1098000,39,Prépayé,Non,Oui,83000,Virement bancaire,143,32,10,2106,34,0,2,9,Tres satisfait du reseau et du service.,Non
CLI02802,Kankan,Femme,21,1227000,4,Postpayé,Non,Oui,89000,Virement bancaire,178,76,2,3397,30,0,0,1,"Bon rapport qualite prix, je recommande.",Non
CLI02803,Boké,Homme,47,756000,21,Postpayé,Non,Non,38000,Espèces,126,88,3,2010,10,0,0,2,Service correct dans l'ensemble.,Non
CLI02804,Conakry,Homme,39,1374000,2,Illimité,Oui,Oui,80000,Espèces,194,114,16,3391,33,1,0,9,Content de la couverture reseau dans ma zone.,Non
CLI02805,Conakry,Homme,28,506000,1,Illimité,Non,Non,36000,Orange Money,189,157,1,1410,3,1,1,0,"Utilisation standard, pas de souci majeur.",Non
CLI02806,Conakry,Homme,47,885000,3,Prépayé,Oui,Non,34000,Orange Money,208,94,11,135,26,1,0,3,Facturation incorrecte plusieurs fois de suite.,Oui
CLI02807,Conakry,Homme,37,328000,13,Prépayé,Non,Oui,22000,Espèces,161,89,6,2895,8,6,1,0,Le service client ne repond jamais rapidement.,Oui
CLI02808,Boké,Femme,53,698000,1,Prépayé,Non,Oui,62000,Espèces,260,45,4,2416,2,2,0,3,Facturation incorrecte plusieurs fois de suite.,Oui
CLI02809,Boké,Homme,32,911000,11,Illimité,Non,Non,50000,Orange Money,113,84,0,1812,36,2,0,6,Facturation incorrecte plusieurs fois de suite.,Oui
CLI02810,Conakry,Homme,29,623000,11,Prépayé,Non,Oui,48000,Orange Money,188,47,2,2322,15,1,0,9,Service correct dans l'ensemble.,Non
CLI02811,Boké,Femme,39,652000,9,Prépayé,Oui,Non,46000,Espèces,230,78,6,1979,10,3,0,10,Service correct dans l'ensemble.,Oui
CLI02812,Boké,Homme,23,1099000,47,Postpayé,Oui,Oui,78000,Virement bancaire,198,97,48,50,4,0,0,2,Rien de particulier a signaler.,Non
CLI02813,Kankan,Homme,46,488000,16,Prépayé,Oui,Non,30000,Orange Money,204,68,75,3464,19,2,0,0,Service client reactif et efficace.,Non
CLI02814,N'Zérékoré,Homme,39,868000,26,Postpayé,Non,Non,61000,Orange Money,178,39,7,2164,22,0,1,2,Trop cher par rapport a la qualite recue.,Oui
CLI02815,N'Zérékoré,Homme,18,766000,10,Prépayé,Non,Oui,38000,Orange Money,149,85,2,1655,1,1,1,2,Le forfait ne correspond plus a mes besoins.,Oui
CLI02816,Boké,Femme,34,815000,5,Postpayé,Oui,Non,54000,Espèces,225,17,90,50,24,2,0,0,Rien de particulier a signaler.,Non
CLI02817,Kankan,Homme,37,541000,16,Prépayé,Non,Oui,48000,Espèces,93,113,2,2580,88,1,1,0,"Utilisation standard, pas de souci majeur.",Non
CLI02818,Mamou,Homme,21,2714000,21,Prépayé,Oui,Non,212000,Espèces,158,45,61,272,19,1,2,3,Service correct dans l'ensemble.,Non
CLI02819,Conakry,Homme,31,725000,34,Postpayé,Oui,Non,45000,Virement bancaire,282,176,47,2891,13,2,0,7,"Bon rapport qualite prix, je recommande.",Non
CLI02820,Conakry,Femme,31,671000,96,Postpayé,Non,Oui,55000,Espèces,213,78,0,2656,33,1,1,4,"Bon rapport qualite prix, je recommande.",Non
CLI02821,Labé,Femme,18,1006000,59,Prépayé,Non,Oui,77000,Espèces,167,63,4,2823,18,1,0,10,Content de la couverture reseau dans ma zone.,Non
CLI02822,Mamou,Homme,37,323000,49,Prépayé,Non,Oui,28000,Orange Money,54,105,0,1473,46,2,0,4,Tres satisfait du reseau et du service.,Non
CLI02823,Mamou,Femme,34,1284000,13,Postpayé,Non,Oui,93000,Carte bancaire,103,61,4,2679,49,1,1,0,Rien de particulier a signaler.,Non
CLI02824,Boké,Homme,27,1132000,24,Prépayé,Non,Non,85000,Orange Money,178,55,4,2617,17,3,1,3,Trop cher par rapport a la qualite recue.,Oui
CLI02825,Labé,Homme,30,686000,4,Prépayé,Oui,Oui,56000,Espèces,185,113,64,3040,1,1,0,13,"Utilisation standard, pas de souci majeur.",Non
CLI02826,Mamou,Homme,35,1886000,15,Prépayé,Non,Non,126000,Orange Money,42,101,2,2802,60,1,1,2,Facturation incorrecte plusieurs fois de suite.,Oui
CLI02827,Faranah,Femme,46,566000,70,Illimité,Oui,Non,44000,Orange Money,283,72,4,2420,15,0,1,0,Offres interessantes et service fiable.,Non
CLI02828,Conakry,Femme,39,300000,24,Postpayé,Non,Oui,13000,Orange Money,248,12,2,4409,130,1,1,2,Service client reactif et efficace.,Non
CLI02829,Boké,Femme,31,583000,18,Postpayé,Non,Non,30000,Orange Money,328,34,1,108,49,0,2,6,"Bon rapport qualite prix, je recommande.",Non
CLI02830,Kindia,Femme,30,617000,18,Prépayé,Oui,Oui,27000,Orange Money,188,71,58,2655,13,3,2,2,Aucune reponse a mes reclamations depuis un mois.,Oui
CLI02831,Boké,Homme,29,605000,5,Prépayé,Non,Oui,37000,Virement bancaire,183,39,5,2861,7,0,0,1,Aucun probleme depuis mon inscription.,Non
CLI02832,Kindia,Femme,45,663000,32,Prépayé,Non,Oui,58000,Carte bancaire,211,75,0,2771,2,1,1,0,Content de la couverture reseau dans ma zone.,Non
CLI02833,Conakry,Homme,38,489000,14,Postpayé,Oui,Oui,22000,Orange Money,259,87,37,2670,37,1,0,0,Service correct dans l'ensemble.,Non
CLI02834,Kankan,Homme,29,553000,96,Prépayé,Non,Non,21000,Orange Money,78,92,1,1246,1,1,0,1,Service correct dans l'ensemble.,Non
CLI02835,Labé,Femme,49,566000,14,Postpayé,Non,Non,47000,Orange Money,219,75,0,2032,6,1,0,9,"Utilisation standard, pas de souci majeur.",Non
CLI02836,Kankan,Femme,43,1052000,74,Prépayé,Non,Non,55000,Virement bancaire,132,96,3,3492,2,0,0,3,"Utilisation standard, pas de souci majeur.",Non
CLI02837,Conakry,Homme,25,1368000,17,Prépayé,Non,Non,112000,Orange Money,248,77,0,1204,35,3,1,8,Tres satisfait du reseau et du service.,Non
CLI02838,Conakry,Femme,40,1133000,13,Illimité,Oui,Oui,93000,Espèces,122,182,24,4206,7,0,0,0,Le forfait ne correspond plus a mes besoins.,Oui
CLI02839,Conakry,Femme,36,1152000,2,Prépayé,Oui,Non,87000,Carte bancaire,221,149,67,622,6,0,0,0,Rien de particulier a signaler.,Non
CLI02840,Kankan,Femme,39,348000,1,Postpayé,Non,Oui,12000,Orange Money,202,144,3,4639,8,0,0,11,Trop de coupures de reseau ces derniers temps.,Oui
CLI02841,Boké,Homme,42,391000,59,Prépayé,Non,Oui,33000,Espèces,258,47,6,2460,59,2,2,3,Service client reactif et efficace.,Non
CLI02842,Faranah,Homme,31,611000,55,Prépayé,Oui,Oui,50000,Orange Money,88,65,50,2943,27,1,1,4,"Utilisation standard, pas de souci majeur.",Non
CLI02843,Conakry,Femme,29,842000,11,Prépayé,Non,Non,39000,Orange Money,207,132,4,2557,32,1,0,0,"Utilisation standard, pas de souci majeur.",Non
CLI02844,Faranah,Femme,22,641000,6,Postpayé,Non,Oui,41000,Orange Money,202,117,1,4389,28,0,0,15,Service client reactif et efficace.,Non
CLI02845,Conakry,Homme,38,933000,6,Prépayé,Non,Non,52000,Virement bancaire,244,63,1,3426,23,3,1,4,"Utilisation standard, pas de souci majeur.",Oui
CLI02846,N'Zérékoré,Femme,33,1600000,5,Prépayé,Non,Non,119000,Espèces,172,102,4,5289,8,1,2,3,Tres satisfait du reseau et du service.,Non
CLI02847,Labé,Homme,18,857000,1,Postpayé,Oui,Oui,26000,Orange Money,129,148,46,2674,35,2,1,3,Le forfait ne correspond plus a mes besoins.,Oui
CLI02848,N'Zérékoré,Femme,35,1401000,12,Prépayé,Non,Oui,69000,Orange Money,224,74,0,2667,20,1,0,4,"Bon rapport qualite prix, je recommande.",Non
CLI02849,Mamou,Homme,39,917000,54,Postpayé,Non,Non,32000,Espèces,176,71,1,1870,10,1,0,13,"Utilisation standard, pas de souci majeur.",Non
CLI02850,Labé,Femme,36,1336000,48,Postpayé,Non,Oui,94000,Virement bancaire,170,71,1,1713,15,1,0,0,"Utilisation standard, pas de souci majeur.",Non
CLI02851,Conakry,Homme,31,511000,53,Postpayé,Non,Non,35000,Orange Money,212,69,1,5318,19,1,1,0,Offres interessantes et service fiable.,Non
CLI02852,Mamou,Femme,42,407000,14,Prépayé,Non,Oui,22000,Orange Money,158,168,4,2509,10,0,1,0,"Utilisation standard, pas de souci majeur.",Non
CLI02853,Faranah,Femme,28,1000000,52,Prépayé,Non,Non,63000,Orange Money,84,60,6,3054,49,1,0,4,Tres satisfait du reseau et du service.,Non
CLI02854,Labé,Homme,18,1052000,11,Prépayé,Non,Oui,75000,Orange Money,93,134,4,1166,56,0,3,4,"Utilisation standard, pas de souci majeur.",Oui
CLI02855,Mamou,Homme,51,1646000,32,Illimité,Non,Oui,133000,Orange Money,253,48,4,2485,17,1,0,0,"Utilisation standard, pas de souci majeur.",Non
CLI02856,Kankan,Homme,19,428000,24,Prépayé,Oui,Non,31000,Orange Money,222,72,49,1424,22,3,2,0,Service client reactif et efficace.,Non
CLI02857,Faranah,Femme,38,840000,20,Prépayé,Oui,Oui,55000,Espèces,271,33,62,2012,0,2,0,0,"Utilisation standard, pas de souci majeur.",Non
CLI02858,Mamou,Homme,54,374000,26,Prépayé,Oui,Oui,17000,Espèces,134,84,49,1961,10,2,1,2,Tres decu par la qualite du reseau en ce moment.,Oui
CLI02859,Labé,Femme,29,1472000,33,Postpayé,Non,Oui,88000,Orange Money,165,61,1,2185,61,0,0,0,Offres interessantes et service fiable.,Non
CLI02860,Boké,Femme,48,631000,2,Postpayé,Oui,Oui,48000,Carte bancaire,231,92,64,770,66,1,0,7,"Utilisation standard, pas de souci majeur.",Non
CLI02861,Faranah,Homme,32,1184000,1,Postpayé,Non,Oui,56000,Orange Money,185,195,4,3141,38,1,0,0,Aucun probleme depuis mon inscription.,Non
CLI02862,Kankan,Homme,32,621000,6,Postpayé,Non,Oui,41000,Orange Money,200,112,4,2688,31,2,0,0,Service correct dans l'ensemble.,Oui
CLI02863,Faranah,Homme,18,367000,12,Prépayé,Non,Oui,30000,Espèces,105,120,7,3841,30,2,0,0,Facturation incorrecte plusieurs fois de suite.,Oui
CLI02864,Conakry,Femme,42,489000,3,Illimité,Oui,Oui,21000,Orange Money,253,95,78,2456,19,1,1,0,Offres interessantes et service fiable.,Non
CLI02865,Conakry,Homme,28,526000,26,Prépayé,Non,Oui,31000,Orange Money,189,111,5,2361,0,1,0,1,Service client reactif et efficace.,Non
CLI02866,Labé,Femme,43,668000,22,Prépayé,Non,Non,24000,Orange Money,151,163,0,2052,10,1,0,0,Service correct dans l'ensemble.,Oui
CLI02867,Labé,Femme,25,1430000,17,Prépayé,Non,Oui,102000,Orange Money,295,47,2,2407,38,2,1,5,Tres satisfait du reseau et du service.,Non
CLI02868,N'Zérékoré,Homme,36,1194000,55,Prépayé,Non,Non,38000,Orange Money,191,119,5,3488,17,1,2,0,"Utilisation standard, pas de souci majeur.",Non
CLI02869,N'Zérékoré,Homme,36,1167000,55,Prépayé,Non,Oui,56000,Orange Money,235,53,1,3935,33,1,1,1,"Bon rapport qualite prix, je recommande.",Non
CLI02870,Kankan,Homme,49,1076000,40,Prépayé,Non,Oui,92000,Carte bancaire,181,116,7,3100,2,4,1,0,Rien de particulier a signaler.,Non
CLI02871,Labé,Homme,44,853000,7,Postpayé,Non,Non,60000,Carte bancaire,128,43,5,3637,4,3,0,2,Rien de particulier a signaler.,Oui
CLI02872,Faranah,Homme,22,1264000,26,Prépayé,Non,Oui,114000,Orange Money,211,82,1,4324,47,1,1,0,"Utilisation standard, pas de souci majeur.",Non
CLI02873,Kankan,Homme,45,1970000,16,Prépayé,Non,Non,61000,Espèces,182,151,2,1084,30,1,0,9,Aucun probleme depuis mon inscription.,Non
CLI02874,Conakry,Femme,33,895000,27,Postpayé,Oui,Oui,47000,Orange Money,163,98,51,922,15,0,0,3,Content de la couverture reseau dans ma zone.,Non
CLI02875,Kindia,Femme,27,1324000,2,Prépayé,Oui,Non,97000,Virement bancaire,117,130,21,4344,12,0,1,4,Rien de particulier a signaler.,Non
CLI02876,Conakry,Femme,29,611000,13,Postpayé,Non,Oui,19000,Orange Money,222,62,2,4521,18,0,0,0,Aucun probleme depuis mon inscription.,Non
CLI02877,Mamou,Femme,45,1062000,29,Prépayé,Non,Oui,45000,Carte bancaire,193,144,7,3269,10,2,1,2,Content de la couverture reseau dans ma zone.,Non
CLI02878,N'Zérékoré,Homme,18,413000,12,Prépayé,Non,Oui,14000,Orange Money,261,0,0,2469,109,5,0,1,Rien de particulier a signaler.,Oui
CLI02879,Conakry,Femme,29,705000,12,Prépayé,Non,Non,48000,Orange Money,190,36,1,5351,2,0,0,0,"Utilisation standard, pas de souci majeur.",Non
CLI02880,Conakry,Femme,22,425000,32,Postpayé,Non,Oui,36000,Orange Money,120,66,1,1279,5,2,0,2,Service client reactif et efficace.,Non
CLI02881,Conakry,Homme,35,637000,31,Postpayé,Non,Oui,44000,Orange Money,168,85,3,1398,39,0,0,13,"Utilisation standard, pas de souci majeur.",Non
CLI02882,Kankan,Homme,31,1014000,21,Prépayé,Oui,Oui,65000,Espèces,165,94,30,2264,6,1,0,7,"Utilisation standard, pas de souci majeur.",Non
CLI02883,Kindia,Homme,22,1005000,15,Prépayé,Non,Non,76000,Orange Money,285,7,1,1362,66,0,1,0,"Bon rapport qualite prix, je recommande.",Non
CLI02884,Conakry,Femme,32,1520000,15,Illimité,Oui,Oui,106000,Orange Money,140,84,65,4852,36,1,0,7,Offres interessantes et service fiable.,Non
CLI02885,Kindia,Homme,32,568000,16,Prépayé,Non,Oui,41000,Virement bancaire,102,42,1,2450,46,4,0,0,Offres interessantes et service fiable.,Non
CLI02886,Conakry,Homme,30,320000,70,Prépayé,Non,Oui,14000,Carte bancaire,222,39,1,50,3,2,0,14,Service correct dans l'ensemble.,Oui
CLI02887,Conakry,Femme,35,736000,25,Prépayé,Non,Oui,37000,Orange Money,165,24,0,1674,17,0,0,0,Offres interessantes et service fiable.,Non
CLI02888,Labé,Femme,47,1288000,24,Postpayé,Non,Oui,95000,Orange Money,219,143,3,1382,30,1,1,0,Offres interessantes et service fiable.,Non
CLI02889,Mamou,Homme,34,1168000,2,Postpayé,Non,Oui,87000,Orange Money,139,27,2,1911,6,0,0,0,"Bon rapport qualite prix, je recommande.",Non
CLI02890,Conakry,Homme,35,364000,1,Postpayé,Non,Oui,27000,Espèces,130,71,0,369,45,0,0,35,Facturation incorrecte plusieurs fois de suite.,Oui
CLI02891,Labé,Homme,41,387000,15,Postpayé,Non,Non,21000,Espèces,159,61,3,1745,20,2,0,0,Service client reactif et efficace.,Non
CLI02892,Conakry,Homme,32,1233000,3,Prépayé,Non,Oui,39000,Espèces,194,50,3,5283,24,3,0,30,Trop de coupures de reseau ces derniers temps.,Oui
CLI02893,N'Zérékoré,Femme,32,1225000,3,Prépayé,Non,Oui,81000,Carte bancaire,290,145,8,2335,24,1,1,4,Tres satisfait du reseau et du service.,Non
CLI02894,Conakry,Homme,28,350000,22,Postpayé,Non,Oui,27000,Orange Money,277,14,1,2161,1,0,1,1,Offres interessantes et service fiable.,Non
CLI02895,Labé,Homme,27,601000,96,Postpayé,Oui,Oui,24000,Espèces,64,111,49,2830,20,0,0,2,Aucun probleme depuis mon inscription.,Non
CLI02896,N'Zérékoré,Homme,26,1190000,3,Postpayé,Oui,Oui,68000,Orange Money,134,177,42,775,41,0,1,9,Service client reactif et efficace.,Non
CLI02897,Kindia,Homme,36,1166000,32,Prépayé,Oui,Non,92000,Carte bancaire,70,57,64,3538,49,0,1,0,Tres decu par la qualite du reseau en ce moment.,Oui
CLI02898,Conakry,Femme,18,593000,36,Prépayé,Non,Non,27000,Orange Money,59,5,4,1821,0,1,0,2,"Je pense changer d'operateur, trop de pannes.",Oui
CLI02899,Faranah,Femme,29,320000,62,Postpayé,Oui,Oui,22000,Espèces,122,62,58,1020,40,4,0,5,Aucun probleme depuis mon inscription.,Non
CLI02900,Boké,Homme,36,968000,3,Prépayé,Oui,Non,79000,Orange Money,125,19,31,1652,13,0,1,1,Offres interessantes et service fiable.,Non
CLI02901,Conakry,Homme,45,500000,79,Prépayé,Oui,Oui,20000,Orange Money,197,98,31,4587,52,0,1,0,Service client reactif et efficace.,Non
CLI02902,Labé,Homme,50,1141000,26,Prépayé,Non,Non,68000,Carte bancaire,89,143,0,2184,5,0,0,0,"Utilisation standard, pas de souci majeur.",Non
CLI02903,Kankan,Femme,18,1189000,32,Postpayé,Oui,Oui,79000,Espèces,151,137,27,3563,109,1,1,0,Service client reactif et efficace.,Non
CLI02904,Mamou,Femme,26,790000,10,Postpayé,Oui,Non,27000,Orange Money,182,108,36,2721,13,1,0,1,"Utilisation standard, pas de souci majeur.",Non
CLI02905,Conakry,Homme,32,571000,23,Prépayé,Non,Non,30000,Espèces,326,16,2,1528,24,2,2,6,Aucune reponse a mes reclamations depuis un mois.,Oui
CLI02906,Mamou,Homme,18,733000,22,Prépayé,Non,Oui,41000,Espèces,180,90,1,4656,5,0,1,0,Service client reactif et efficace.,Non
CLI02907,N'Zérékoré,Femme,26,1185000,25,Prépayé,Non,Non,72000,Espèces,173,78,0,2875,42,0,1,7,Rien de particulier a signaler.,Non
CLI02908,Conakry,Homme,35,782000,1,Prépayé,Oui,Oui,33000,Orange Money,164,87,15,2823,29,0,1,2,Le service client ne repond jamais rapidement.,Oui
CLI02909,Mamou,Femme,31,802000,1,Postpayé,Oui,Oui,71000,Orange Money,204,123,31,4227,25,1,2,0,Service correct dans l'ensemble.,Oui
CLI02910,Boké,Femme,18,434000,22,Prépayé,Non,Non,38000,Orange Money,292,31,2,1609,38,3,1,7,Tres satisfait du reseau et du service.,Non
CLI02911,Mamou,Homme,41,581000,1,Prépayé,Non,Oui,50000,Espèces,299,128,6,390,4,0,1,5,Service correct dans l'ensemble.,Non
CLI02912,Conakry,Homme,24,1231000,58,Prépayé,Non,Non,54000,Carte bancaire,182,130,3,3293,23,0,1,0,Service client reactif et efficace.,Non
CLI02913,Conakry,Femme,34,405000,41,Illimité,Non,Oui,22000,Carte bancaire,167,108,12,5327,14,1,0,0,Tres satisfait du reseau et du service.,Non
CLI02914,Kindia,Femme,18,1384000,40,Illimité,Oui,Oui,98000,Orange Money,168,106,26,3480,24,1,1,2,Content de la couverture reseau dans ma zone.,Non
CLI02915,Kankan,Femme,33,1006000,39,Prépayé,Non,Non,54000,Virement bancaire,225,13,2,4476,0,2,0,0,"Utilisation standard, pas de souci majeur.",Non
CLI02916,Kindia,Homme,43,582000,90,Prépayé,Oui,Non,50000,Carte bancaire,257,65,47,678,63,0,0,1,"Bon rapport qualite prix, je recommande.",Non
CLI02917,Kindia,Homme,44,366000,13,Postpayé,Oui,Non,12000,Orange Money,128,134,38,1881,13,0,0,0,"Utilisation standard, pas de souci majeur.",Non
CLI02918,Faranah,Femme,43,452000,17,Prépayé,Non,Non,15000,Carte bancaire,155,101,0,4482,9,1,0,7,Service correct dans l'ensemble.,Non
CLI02919,Conakry,Homme,39,901000,41,Prépayé,Non,Non,74000,Orange Money,258,118,8,2352,14,0,2,0,Tres satisfait du reseau et du service.,Non
CLI02920,Kindia,Femme,24,712000,39,Prépayé,Non,Non,36000,Virement bancaire,239,64,7,1652,21,0,1,1,Le forfait ne correspond plus a mes besoins.,Oui
CLI02921,Labé,Femme,18,1560000,13,Prépayé,Non,Non,62000,Carte bancaire,57,55,3,1368,50,4,2,1,Aucune reponse a mes reclamations depuis un mois.,Oui
CLI02922,Kindia,Femme,49,984000,18,Prépayé,Non,Oui,84000,Virement bancaire,267,70,17,2550,1,1,2,0,Aucun probleme depuis mon inscription.,Non
CLI02923,Labé,Homme,20,1023000,2,Illimité,Non,Oui,43000,Orange Money,99,113,3,4004,5,2,1,0,Offres interessantes et service fiable.,Non
CLI02924,Labé,Femme,24,805000,2,Prépayé,Oui,Oui,52000,Orange Money,208,116,65,643,53,1,1,8,Rien de particulier a signaler.,Non
CLI02925,Conakry,Homme,41,999000,57,Postpayé,Non,Oui,86000,Orange Money,155,52,2,815,9,1,0,0,"Bon rapport qualite prix, je recommande.",Non
CLI02926,Conakry,Femme,35,454000,2,Prépayé,Non,Oui,17000,Carte bancaire,167,94,0,1608,43,1,0,7,Aucune reponse a mes reclamations depuis un mois.,Oui
CLI02927,Kankan,Homme,48,1082000,10,Prépayé,Non,Oui,93000,Orange Money,163,172,0,2271,47,0,0,3,Aucun probleme depuis mon inscription.,Non
CLI02928,Kindia,Femme,29,300000,26,Illimité,Non,Oui,11000,Espèces,152,136,1,1796,2,2,0,4,"Utilisation standard, pas de souci majeur.",Non
CLI02929,Conakry,Homme,45,1086000,41,Prépayé,Non,Oui,64000,Virement bancaire,198,80,12,3851,0,0,0,2,"Utilisation standard, pas de souci majeur.",Non
CLI02930,Conakry,Homme,65,1157000,1,Postpayé,Non,Non,52000,Espèces,230,91,3,2524,14,0,0,0,"Utilisation standard, pas de souci majeur.",Non
CLI02931,Kindia,Homme,27,1757000,6,Prépayé,Non,Oui,61000,Orange Money,158,98,1,3964,31,0,0,9,Rien de particulier a signaler.,Non
CLI02932,Kankan,Homme,33,482000,1,Prépayé,Non,Oui,42000,Orange Money,133,121,0,5436,23,2,0,9,"Utilisation standard, pas de souci majeur.",Non
CLI02933,Conakry,Homme,28,1086000,1,Postpayé,Non,Oui,41000,Orange Money,265,60,2,2409,81,1,1,0,Trop cher par rapport a la qualite recue.,Oui
CLI02934,N'Zérékoré,Homme,32,300000,27,Prépayé,Non,Oui,15000,Espèces,284,80,5,1721,84,2,0,0,"Bon rapport qualite prix, je recommande.",Non
CLI02935,Conakry,Femme,29,791000,38,Illimité,Non,Oui,69000,Virement bancaire,157,107,1,2623,4,0,2,0,Rien de particulier a signaler.,Non
CLI02936,Labé,Homme,42,1122000,48,Prépayé,Non,Non,73000,Orange Money,164,75,0,2894,5,0,0,0,Offres interessantes et service fiable.,Non
CLI02937,Faranah,Homme,44,321000,1,Postpayé,Oui,Oui,13000,Virement bancaire,84,106,52,200,61,1,0,0,Service correct dans l'ensemble.,Non
CLI02938,Labé,Homme,36,776000,4,Postpayé,Non,Oui,67000,Orange Money,233,122,1,2759,2,2,0,0,Service correct dans l'ensemble.,Non
CLI02939,Conakry,Homme,43,1317000,17,Prépayé,Oui,Oui,79000,Orange Money,125,89,58,1770,5,2,1,0,Offres interessantes et service fiable.,Non
CLI02940,Kindia,Femme,23,1131000,63,Postpayé,Non,Oui,93000,Espèces,212,99,0,2353,25,1,1,0,Tres satisfait du reseau et du service.,Non
CLI02941,Labé,Homme,39,681000,65,Postpayé,Non,Non,24000,Espèces,121,113,4,3658,52,1,0,7,Service correct dans l'ensemble.,Non
CLI02942,Kankan,Homme,28,311000,49,Prépayé,Non,Non,28000,Orange Money,193,58,2,2028,6,1,0,1,Rien de particulier a signaler.,Oui
CLI02943,Kindia,Homme,46,842000,39,Prépayé,Non,Oui,29000,Virement bancaire,243,107,0,3658,40,0,0,1,"Utilisation standard, pas de souci majeur.",Oui
CLI02944,Kindia,Femme,38,1334000,47,Postpayé,Non,Oui,111000,Espèces,172,124,1,3450,6,2,1,0,Service correct dans l'ensemble.,Non
CLI02945,Kindia,Homme,18,656000,7,Illimité,Non,Oui,30000,Orange Money,190,96,2,910,33,0,0,0,"Utilisation standard, pas de souci majeur.",Non
CLI02946,N'Zérékoré,Homme,34,616000,80,Prépayé,Non,Non,21000,Orange Money,240,129,3,1664,17,2,0,0,"Utilisation standard, pas de souci majeur.",Non
CLI02947,Conakry,Femme,20,1795000,12,Postpayé,Non,Oui,95000,Orange Money,172,29,8,3798,43,0,2,4,Aucune reponse a mes reclamations depuis un mois.,Oui
CLI02948,Conakry,Femme,31,463000,27,Postpayé,Non,Oui,21000,Virement bancaire,222,160,0,3118,9,3,0,0,"Je pense changer d'operateur, trop de pannes.",Oui
CLI02949,Kankan,Homme,45,532000,6,Prépayé,Oui,Oui,45000,Orange Money,129,63,62,3223,35,0,0,0,Offres interessantes et service fiable.,Non
CLI02950,Conakry,Homme,56,850000,4,Prépayé,Non,Non,62000,Espèces,143,76,5,812,18,2,1,0,Service correct dans l'ensemble.,Non
CLI02951,Kankan,Homme,39,300000,17,Prépayé,Non,Non,12000,Espèces,189,61,1,4034,12,0,1,0,"Bon rapport qualite prix, je recommande.",Non
CLI02952,Mamou,Femme,39,800000,54,Prépayé,Non,Oui,69000,Orange Money,167,126,4,1679,8,2,0,0,Content de la couverture reseau dans ma zone.,Non
CLI02953,N'Zérékoré,Femme,40,722000,11,Prépayé,Oui,Oui,40000,Orange Money,306,119,52,1886,53,0,1,6,"Utilisation standard, pas de souci majeur.",Non
CLI02954,Kindia,Femme,32,713000,12,Prépayé,Non,Oui,61000,Orange Money,236,50,0,4312,22,2,0,0,Aucun probleme depuis mon inscription.,Non
CLI02955,Kankan,Homme,18,1068000,14,Prépayé,Oui,Oui,89000,Orange Money,131,51,51,3603,3,4,1,3,"Je pense changer d'operateur, trop de pannes.",Oui
CLI02956,Conakry,Homme,43,592000,16,Postpayé,Non,Non,42000,Orange Money,43,43,12,2577,4,0,1,3,"Bon rapport qualite prix, je recommande.",Non
CLI02957,Kankan,Homme,37,457000,4,Prépayé,Non,Non,37000,Orange Money,179,159,0,1854,18,2,0,0,Tres satisfait du reseau et du service.,Non
CLI02958,Kindia,Femme,34,387000,4,Prépayé,Non,Oui,30000,Orange Money,208,85,1,3504,86,0,1,3,"Bon rapport qualite prix, je recommande.",Non
CLI02959,Boké,Femme,38,300000,38,Postpayé,Non,Oui,10000,Orange Money,187,170,7,2907,38,2,1,2,Content de la couverture reseau dans ma zone.,Non
CLI02960,Kankan,Femme,39,658000,17,Postpayé,Non,Non,58000,Orange Money,269,90,0,3223,38,1,0,7,"Utilisation standard, pas de souci majeur.",Non
CLI02961,Mamou,Homme,35,728000,10,Prépayé,Non,Oui,28000,Orange Money,94,180,9,2497,29,2,0,0,Aucune reponse a mes reclamations depuis un mois.,Oui
CLI02962,Boké,Homme,45,1159000,3,Prépayé,Non,Oui,90000,Virement bancaire,244,94,8,4621,83,0,1,0,Service correct dans l'ensemble.,Oui
CLI02963,Conakry,Homme,34,1637000,5,Prépayé,Non,Non,140000,Espèces,203,31,7,1058,0,3,1,0,Service correct dans l'ensemble.,Oui
CLI02964,Faranah,Homme,47,589000,33,Postpayé,Non,Non,21000,Orange Money,54,41,5,5014,10,2,0,0,"Bon rapport qualite prix, je recommande.",Non
CLI02965,Boké,Femme,31,856000,10,Prépayé,Non,Oui,34000,Espèces,54,154,0,2701,28,2,0,1,"Bon rapport qualite prix, je recommande.",Non
CLI02966,Conakry,Femme,30,866000,2,Prépayé,Non,Oui,69000,Espèces,254,121,0,2563,18,2,1,1,Le forfait ne correspond plus a mes besoins.,Oui
CLI02967,Kindia,Femme,23,1511000,26,Postpayé,Oui,Non,84000,Virement bancaire,155,128,37,4422,29,1,0,6,Offres interessantes et service fiable.,Non
CLI02968,Kankan,Femme,25,822000,18,Postpayé,Non,Non,36000,Orange Money,148,40,1,1243,52,0,0,0,Service correct dans l'ensemble.,Non
CLI02969,Conakry,Femme,18,1005000,3,Prépayé,Non,Non,52000,Orange Money,148,121,5,1927,96,1,0,1,Offres interessantes et service fiable.,Non
CLI02970,Kindia,Homme,21,1824000,4,Illimité,Non,Oui,150000,Espèces,241,109,6,4278,33,1,0,0,Offres interessantes et service fiable.,Non
CLI02971,Faranah,Femme,31,501000,1,Prépayé,Non,Oui,18000,Orange Money,143,135,2,2395,9,2,0,6,Le forfait ne correspond plus a mes besoins.,Oui
CLI02972,Labé,Homme,44,850000,21,Prépayé,Non,Oui,67000,Orange Money,116,158,7,2588,57,4,0,0,"Utilisation standard, pas de souci majeur.",Oui
CLI02973,Boké,Femme,25,1128000,24,Prépayé,Non,Oui,63000,Orange Money,205,102,0,2972,1,2,0,2,Aucun probleme depuis mon inscription.,Non
CLI02974,Conakry,Homme,30,793000,1,Postpayé,Non,Non,53000,Espèces,199,108,5,4227,26,0,1,0,Service correct dans l'ensemble.,Oui
CLI02975,Conakry,Femme,32,630000,27,Prépayé,Non,Non,45000,Orange Money,189,25,2,1318,62,1,0,15,Rien de particulier a signaler.,Oui
CLI02976,Kindia,Femme,33,580000,10,Prépayé,Non,Non,31000,Espèces,124,96,6,1082,1,3,0,7,Rien de particulier a signaler.,Oui
CLI02977,Mamou,Femme,18,1093000,36,Prépayé,Non,Non,36000,Orange Money,212,105,4,1932,104,2,1,8,"Je pense changer d'operateur, trop de pannes.",Oui
CLI02978,Conakry,Femme,28,488000,29,Postpayé,Non,Oui,41000,Virement bancaire,125,147,9,1889,3,0,1,11,Le service client ne repond jamais rapidement.,Oui
CLI02979,N'Zérékoré,Homme,57,481000,28,Prépayé,Non,Non,32000,Espèces,159,50,7,2599,32,0,1,15,Trop de coupures de reseau ces derniers temps.,Oui
CLI02980,Labé,Homme,44,1292000,2,Prépayé,Non,Non,92000,Orange Money,224,142,1,3802,10,1,1,0,Offres interessantes et service fiable.,Non
CLI02981,Boké,Homme,27,342000,1,Postpayé,Non,Non,22000,Espèces,192,67,5,2352,8,0,0,1,Offres interessantes et service fiable.,Non
CLI02982,Faranah,Homme,36,300000,21,Postpayé,Non,Oui,26000,Orange Money,197,51,3,1364,10,0,0,0,"Bon rapport qualite prix, je recommande.",Non
CLI02983,Conakry,Homme,45,1344000,6,Prépayé,Non,Oui,82000,Orange Money,230,15,1,4012,16,1,0,8,Service correct dans l'ensemble.,Oui
CLI02984,Kankan,Femme,32,1344000,35,Prépayé,Non,Non,58000,Espèces,168,90,1,2412,28,1,0,0,Tres satisfait du reseau et du service.,Non
CLI02985,Kindia,Femme,41,643000,1,Prépayé,Non,Non,55000,Orange Money,149,91,5,2584,36,1,1,8,Trop de coupures de reseau ces derniers temps.,Oui
CLI02986,Conakry,Homme,36,1343000,7,Postpayé,Oui,Oui,68000,Espèces,87,137,88,2639,16,2,0,0,Tres satisfait du reseau et du service.,Non
CLI02987,N'Zérékoré,Homme,25,439000,21,Prépayé,Non,Non,20000,Carte bancaire,205,88,0,1928,27,1,0,0,"Utilisation standard, pas de souci majeur.",Non
CLI02988,Boké,Femme,35,632000,27,Prépayé,Non,Oui,20000,Orange Money,154,153,1,1340,6,1,0,0,Service correct dans l'ensemble.,Non
CLI02989,N'Zérékoré,Femme,21,729000,27,Prépayé,Non,Oui,35000,Orange Money,202,152,2,3433,47,2,0,0,Rien de particulier a signaler.,Non
CLI02990,Conakry,Homme,33,603000,18,Prépayé,Non,Non,25000,Carte bancaire,118,126,3,2435,30,2,2,0,Rien de particulier a signaler.,Oui
CLI02991,Conakry,Homme,38,1218000,12,Postpayé,Non,Non,65000,Virement bancaire,197,81,2,3874,19,2,1,5,"Utilisation standard, pas de souci majeur.",Non
CLI02992,Boké,Homme,28,1683000,6,Prépayé,Non,Non,62000,Espèces,155,142,9,2225,13,4,0,7,"Utilisation standard, pas de souci majeur.",Non
CLI02993,Kankan,Homme,39,387000,7,Prépayé,Non,Non,22000,Espèces,151,169,1,2992,7,1,1,2,Tres satisfait du reseau et du service.,Non
CLI02994,Conakry,Homme,37,594000,1,Postpayé,Oui,Oui,24000,Virement bancaire,205,54,40,2796,13,1,2,0,Rien de particulier a signaler.,Non
CLI02995,Labé,Femme,35,690000,10,Prépayé,Non,Oui,22000,Espèces,100,94,1,2727,4,2,1,3,Tres decu par la qualite du reseau en ce moment.,Oui
CLI02996,Faranah,Homme,29,463000,26,Prépayé,Oui,Non,20000,Orange Money,191,0,50,3259,17,2,2,10,"Bon rapport qualite prix, je recommande.",Non
CLI02997,Kindia,Femme,25,300000,26,Postpayé,Non,Oui,10000,Espèces,127,27,8,558,10,0,0,0,Offres interessantes et service fiable.,Non
CLI02998,Boké,Homme,36,809000,34,Postpayé,Non,Oui,62000,Orange Money,100,119,0,1842,2,0,2,0,Content de la couverture reseau dans ma zone.,Non
CLI02999,N'Zérékoré,Homme,36,615000,21,Prépayé,Non,Non,51000,Virement bancaire,135,59,2,3929,54,1,0,0,Aucun probleme depuis mon inscription.,Non
CLI03000,Labé,Homme,45,590000,24,Postpayé,Non,Oui,43000,Espèces,284,147,1,1177,43,1,0,0,Content de la couverture reseau dans ma zone.,Non
CLI03001,Faranah,Femme,18,1055000,41,Prépayé,Non,Oui,92000,Carte bancaire,183,79,4,2720,73,0,1,2,Aucune reponse a mes reclamations depuis un mois.,Oui
CLI03002,Mamou,Homme,37,1018000,16,Postpayé,Non,Oui,42000,Virement bancaire,276,40,0,4050,30,1,0,4,Rien de particulier a signaler.,Non
CLI03003,Kankan,Homme,31,1409000,13,Prépayé,Non,Non,78000,Orange Money,166,122,3,2241,6,6,0,3,Tres decu par la qualite du reseau en ce moment.,Oui
CLI03004,Kindia,Homme,29,810000,4,Prépayé,Non,Oui,26000,Espèces,112,78,7,1060,9,3,1,0,"Utilisation standard, pas de souci majeur.",Non
CLI03005,Labé,Femme,21,354000,18,Prépayé,Non,Non,22000,Espèces,180,82,8,2483,15,1,1,1,"Utilisation standard, pas de souci majeur.",Non
CLI03006,Conakry,Homme,58,979000,47,Prépayé,Non,Oui,35000,Espèces,171,116,1,1505,56,0,0,0,Service correct dans l'ensemble.,Non
CLI03007,Kindia,Homme,42,666000,44,Postpayé,Non,Oui,32000,Carte bancaire,180,34,3,2684,16,3,2,14,Service correct dans l'ensemble.,Oui
CLI03008,Kankan,Femme,35,700000,53,Postpayé,Non,Non,49000,Espèces,292,72,1,1694,3,1,0,0,Service correct dans l'ensemble.,Oui
CLI03009,N'Zérékoré,Femme,39,707000,19,Prépayé,Non,Non,48000,Orange Money,205,82,6,754,71,2,1,0,"Utilisation standard, pas de souci majeur.",Non
CLI03010,Kindia,Homme,18,583000,13,Prépayé,Non,Oui,50000,Virement bancaire,153,77,2,2860,59,0,3,2,Rien de particulier a signaler.,Oui
CLI03011,Faranah,Femme,33,405000,61,Prépayé,Non,Oui,28000,Orange Money,181,113,0,910,41,0,0,5,Content de la couverture reseau dans ma zone.,Non
CLI03012,Labé,Femme,36,834000,8,Prépayé,Non,Non,39000,Orange Money,232,76,1,3014,25,0,1,3,Content de la couverture reseau dans ma zone.,Non
CLI03013,Faranah,Homme,34,1811000,19,Postpayé,Non,Non,101000,Orange Money,158,62,2,2668,27,0,0,1,Service client reactif et efficace.,Non
CLI03014,Kindia,Homme,19,798000,30,Postpayé,Non,Oui,33000,Orange Money,177,171,15,1675,6,1,1,0,"Bon rapport qualite prix, je recommande.",Non
CLI03015,Kindia,Femme,30,1164000,20,Illimité,Oui,Oui,74000,Orange Money,145,79,44,2392,5,0,0,3,"Utilisation standard, pas de souci majeur.",Non
CLI03016,Conakry,Homme,52,1825000,39,Prépayé,Non,Non,149000,Orange Money,175,59,2,3013,8,0,0,4,Service correct dans l'ensemble.,Oui
CLI03017,Boké,Homme,45,429000,24,Prépayé,Non,Non,34000,Espèces,180,146,2,3226,37,1,0,0,"Bon rapport qualite prix, je recommande.",Non
CLI03018,Conakry,Femme,39,695000,9,Prépayé,Non,Non,58000,Orange Money,112,110,2,2502,51,0,1,2,Service client reactif et efficace.,Non
CLI03019,Kankan,Femme,41,920000,42,Prépayé,Oui,Oui,38000,Orange Money,92,53,53,1244,9,0,1,1,Rien de particulier a signaler.,Non
CLI03020,Conakry,Femme,62,1311000,23,Prépayé,Non,Oui,50000,Orange Money,190,113,0,1875,4,2,0,6,Service client reactif et efficace.,Non
CLI03021,Mamou,Homme,40,404000,2,Prépayé,Non,Oui,35000,Orange Money,171,50,6,1947,30,2,1,3,Le forfait ne correspond plus a mes besoins.,Oui
CLI03022,Boké,Femme,28,547000,10,Prépayé,Non,Non,28000,Orange Money,168,78,1,3164,99,1,0,0,Service correct dans l'ensemble.,Non
CLI03023,Kindia,Homme,18,1354000,13,Postpayé,Non,Oui,113000,Orange Money,201,94,3,835,43,2,0,1,Offres interessantes et service fiable.,Non
CLI03024,N'Zérékoré,Homme,35,524000,18,Postpayé,Non,Non,26000,Orange Money,117,126,15,2815,85,1,0,0,Rien de particulier a signaler.,Non
CLI03025,Kankan,Femme,34,858000,96,Postpayé,Non,Oui,41000,Orange Money,326,43,4,73,19,1,1,0,Aucun probleme depuis mon inscription.,Non
CLI03026,Faranah,Homme,18,562000,4,Prépayé,Non,Oui,38000,Orange Money,92,90,0,4639,20,3,0,6,Aucun probleme depuis mon inscription.,Non
CLI03027,Conakry,Femme,29,2299000,14,Postpayé,Non,Oui,97000,Orange Money,228,2,1,1466,15,2,2,9,Le service client ne repond jamais rapidement.,Oui
CLI03028,Boké,Homme,33,786000,21,Prépayé,Oui,Non,38000,Espèces,150,109,22,2925,11,0,0,0,Aucun probleme depuis mon inscription.,Non
CLI03029,Mamou,Femme,30,639000,3,Prépayé,Oui,Oui,21000,Espèces,20,65,56,2396,6,4,0,0,Rien de particulier a signaler.,Non
CLI03030,Conakry,Homme,18,1029000,72,Postpayé,Oui,Oui,61000,Carte bancaire,120,159,36,2549,17,2,0,4,Service client reactif et efficace.,Non
CLI03031,Faranah,Femme,21,300000,35,Prépayé,Non,Non,23000,Espèces,282,142,3,4232,5,4,1,6,Trop cher par rapport a la qualite recue.,Oui
CLI03032,Kankan,Femme,20,594000,40,Prépayé,Non,Oui,22000,Espèces,214,103,1,2267,13,0,0,0,Rien de particulier a signaler.,Non
CLI03033,N'Zérékoré,Homme,47,717000,22,Prépayé,Non,Non,33000,Espèces,165,61,2,2871,34,1,0,0,"Bon rapport qualite prix, je recommande.",Non
CLI03034,Boké,Femme,31,1033000,18,Prépayé,Oui,Oui,52000,Espèces,169,91,58,3700,51,1,0,0,"Bon rapport qualite prix, je recommande.",Non
CLI03035,Conakry,Femme,22,509000,42,Illimité,Oui,Non,44000,Orange Money,159,90,42,423,7,0,0,5,Content de la couverture reseau dans ma zone.,Non
CLI03036,Conakry,Femme,40,370000,11,Illimité,Non,Non,29000,Orange Money,132,131,1,1790,5,0,0,3,Service client reactif et efficace.,Non
CLI03037,Kankan,Homme,18,1285000,47,Postpayé,Non,Non,67000,Espèces,233,138,1,3348,8,1,1,2,Service client reactif et efficace.,Non
CLI03038,Conakry,Femme,29,1317000,36,Prépayé,Non,Oui,52000,Virement bancaire,129,73,0,3953,7,1,0,0,Service client reactif et efficace.,Non
CLI03039,Mamou,Homme,39,435000,15,Postpayé,Non,Oui,33000,Espèces,117,122,12,1756,10,0,0,0,Rien de particulier a signaler.,Non
CLI03040,Mamou,Homme,23,615000,37,Prépayé,Non,Oui,44000,Orange Money,237,111,2,3528,47,1,0,3,Content de la couverture reseau dans ma zone.,Non
CLI03041,Boké,Homme,23,1292000,4,Prépayé,Oui,Non,92000,Orange Money,239,143,14,1532,110,2,1,5,Tres decu par la qualite du reseau en ce moment.,Oui
CLI03042,Kankan,Homme,18,636000,7,Postpayé,Non,Non,41000,Espèces,214,35,1,300,13,0,0,0,Aucun probleme depuis mon inscription.,Non
CLI03043,Conakry,Homme,24,567000,5,Prépayé,Non,Non,27000,Orange Money,121,64,2,1766,2,3,0,0,"Utilisation standard, pas de souci majeur.",Oui
CLI03044,Mamou,Homme,42,769000,15,Prépayé,Non,Non,68000,Orange Money,235,72,7,2287,23,1,1,0,Service client reactif et efficace.,Non
CLI03045,Kindia,Homme,37,1008000,19,Prépayé,Non,Non,72000,Orange Money,238,98,1,3029,40,4,2,0,Trop de coupures de reseau ces derniers temps.,Oui
CLI03046,Kankan,Femme,44,774000,6,Prépayé,Non,Oui,67000,Espèces,115,79,0,1829,46,2,0,1,Aucune reponse a mes reclamations depuis un mois.,Oui
CLI03047,Kindia,Homme,27,394000,33,Prépayé,Non,Oui,30000,Virement bancaire,62,54,0,834,12,0,1,0,"Utilisation standard, pas de souci majeur.",Non
CLI03048,Conakry,Homme,60,410000,2,Postpayé,Oui,Non,31000,Orange Money,146,85,65,751,46,0,1,14,Trop de coupures de reseau ces derniers temps.,Oui
CLI03049,Kindia,Homme,18,1027000,19,Prépayé,Oui,Non,77000,Espèces,239,94,66,1640,76,2,0,0,Service correct dans l'ensemble.,Oui
CLI03050,Labé,Homme,22,760000,72,Prépayé,Non,Non,37000,Orange Money,192,92,2,1787,8,4,0,0,Service correct dans l'ensemble.,Non
CLI03051,Conakry,Femme,18,648000,4,Postpayé,Non,Non,29000,Orange Money,183,83,0,3828,27,2,0,1,"Bon rapport qualite prix, je recommande.",Non
CLI03052,Kankan,Homme,38,601000,14,Prépayé,Non,Oui,33000,Espèces,233,101,3,2862,14,4,1,4,"Je pense changer d'operateur, trop de pannes.",Oui
CLI03053,Mamou,Femme,36,792000,19,Prépayé,Non,Oui,70000,Espèces,260,152,3,948,18,0,0,0,Tres satisfait du reseau et du service.,Non
CLI03054,Kindia,Femme,56,341000,96,Prépayé,Non,Oui,26000,Virement bancaire,155,164,2,2818,57,1,0,11,Tres satisfait du reseau et du service.,Non
CLI03055,Labé,Homme,28,3242000,21,Prépayé,Oui,Oui,286000,Carte bancaire,253,117,25,3847,16,0,0,3,Tres satisfait du reseau et du service.,Non
CLI03056,N'Zérékoré,Homme,28,567000,29,Postpayé,Non,Non,43000,Virement bancaire,35,85,4,1813,31,1,1,23,Service correct dans l'ensemble.,Oui
CLI03057,Labé,Homme,18,1503000,7,Postpayé,Non,Non,56000,Orange Money,222,116,10,717,24,2,0,0,Service correct dans l'ensemble.,Non
CLI03058,Kindia,Homme,18,422000,8,Postpayé,Non,Oui,16000,Espèces,81,33,9,3792,86,1,1,1,Rien de particulier a signaler.,Non
CLI03059,Mamou,Homme,33,698000,46,Prépayé,Non,Oui,46000,Orange Money,139,83,6,2343,14,2,2,0,Service client reactif et efficace.,Non
CLI03060,Faranah,Femme,25,1167000,16,Prépayé,Non,Non,52000,Espèces,254,32,2,4082,25,1,0,5,"Bon rapport qualite prix, je recommande.",Non
CLI03061,Mamou,Homme,39,573000,27,Postpayé,Non,Non,51000,Orange Money,289,102,12,1644,21,1,1,0,Service correct dans l'ensemble.,Non
CLI03062,Conakry,Femme,22,822000,7,Postpayé,Non,Oui,53000,Orange Money,174,92,2,146,5,2,0,14,Rien de particulier a signaler.,Oui
CLI03063,Conakry,Femme,36,788000,12,Postpayé,Non,Non,59000,Espèces,186,78,0,1733,28,4,1,0,Content de la couverture reseau dans ma zone.,Non
CLI03064,Kindia,Homme,35,705000,13,Prépayé,Oui,Oui,47000,Espèces,226,99,46,2003,31,0,0,5,"Utilisation standard, pas de souci majeur.",Oui
CLI03065,Boké,Homme,18,877000,4,Prépayé,Non,Non,59000,Carte bancaire,212,161,3,3046,10,1,1,0,Service client reactif et efficace.,Non
CLI03066,Kankan,Homme,40,792000,11,Prépayé,Non,Non,69000,Orange Money,149,92,0,731,14,2,1,6,Rien de particulier a signaler.,Oui
CLI03067,Conakry,Femme,45,709000,21,Prépayé,Non,Oui,58000,Espèces,89,59,2,3852,2,2,0,0,Content de la couverture reseau dans ma zone.,Non
CLI03068,Kankan,Femme,34,891000,7,Prépayé,Non,Oui,50000,Orange Money,177,124,1,2129,6,2,1,0,"Bon rapport qualite prix, je recommande.",Non
CLI03069,Conakry,Femme,41,799000,15,Prépayé,Non,Non,37000,Orange Money,137,44,1,3941,9,1,0,2,Aucun probleme depuis mon inscription.,Non
CLI03070,Kindia,Femme,40,1259000,10,Prépayé,Non,Oui,52000,Espèces,160,131,2,978,3,1,1,4,Content de la couverture reseau dans ma zone.,Non
CLI03071,Kindia,Homme,30,839000,43,Prépayé,Non,Oui,43000,Carte bancaire,166,99,0,2035,6,0,0,5,Rien de particulier a signaler.,Non
CLI03072,N'Zérékoré,Femme,40,541000,23,Postpayé,Non,Non,43000,Espèces,206,106,2,4474,2,3,0,0,Offres interessantes et service fiable.,Non
CLI03073,N'Zérékoré,Homme,53,586000,4,Prépayé,Non,Oui,52000,Espèces,209,37,3,2062,1,0,1,2,Rien de particulier a signaler.,Non
CLI03074,Conakry,Femme,21,2459000,13,Prépayé,Oui,Non,102000,Carte bancaire,176,101,54,2597,12,0,1,0,"Je pense changer d'operateur, trop de pannes.",Oui
CLI03075,Conakry,Homme,37,1293000,5,Illimité,Non,Oui,74000,Virement bancaire,151,118,0,1002,57,2,0,6,Le service client ne repond jamais rapidement.,Oui
CLI03076,Boké,Femme,29,584000,25,Postpayé,Non,Non,38000,Orange Money,167,48,5,3089,8,4,0,4,"Bon rapport qualite prix, je recommande.",Non
CLI03077,Conakry,Homme,33,451000,15,Postpayé,Non,Oui,28000,Orange Money,66,0,5,2696,31,3,2,0,Content de la couverture reseau dans ma zone.,Non
CLI03078,N'Zérékoré,Homme,29,562000,25,Prépayé,Non,Oui,27000,Orange Money,178,138,10,235,139,0,0,0,Service correct dans l'ensemble.,Non
CLI03079,Labé,Femme,29,956000,23,Postpayé,Non,Non,61000,Virement bancaire,138,132,9,1597,9,0,0,3,Offres interessantes et service fiable.,Non
CLI03080,Kindia,Homme,34,551000,20,Prépayé,Oui,Oui,43000,Orange Money,180,46,45,3800,1,0,0,1,"Bon rapport qualite prix, je recommande.",Non
CLI03081,Labé,Femme,27,1021000,31,Prépayé,Non,Oui,68000,Orange Money,235,42,2,4072,2,0,0,1,Service correct dans l'ensemble.,Non
CLI03082,Mamou,Femme,37,789000,25,Prépayé,Non,Oui,35000,Carte bancaire,152,44,3,3596,8,2,0,16,Rien de particulier a signaler.,Non
CLI03083,Kankan,Femme,18,1093000,33,Prépayé,Oui,Oui,95000,Orange Money,146,75,17,3361,24,1,0,5,"Utilisation standard, pas de souci majeur.",Non
CLI03084,Kankan,Homme,42,559000,8,Postpayé,Non,Oui,33000,Espèces,168,131,6,1558,23,1,1,6,Content de la couverture reseau dans ma zone.,Non
CLI03085,Boké,Homme,27,1191000,42,Prépayé,Non,Non,78000,Espèces,218,93,0,2373,0,0,1,0,"Utilisation standard, pas de souci majeur.",Non
CLI03086,Faranah,Femme,26,820000,20,Prépayé,Non,Non,34000,Espèces,140,37,0,3167,2,0,0,0,Service correct dans l'ensemble.,Non
CLI03087,N'Zérékoré,Homme,45,300000,12,Postpayé,Non,Oui,15000,Orange Money,158,198,3,3925,132,1,0,0,Rien de particulier a signaler.,Non
CLI03088,Labé,Femme,42,674000,6,Postpayé,Non,Oui,30000,Orange Money,125,105,2,2121,2,0,0,5,Rien de particulier a signaler.,Non
CLI03089,Faranah,Femme,40,878000,45,Prépayé,Oui,Non,67000,Orange Money,138,125,28,2634,1,1,1,3,Tres decu par la qualite du reseau en ce moment.,Oui
CLI03090,Boké,Femme,40,485000,28,Postpayé,Non,Oui,26000,Orange Money,270,76,1,2545,19,2,0,11,"Utilisation standard, pas de souci majeur.",Non
CLI03091,Kindia,Femme,36,1003000,9,Prépayé,Non,Oui,74000,Carte bancaire,143,135,5,2992,12,0,0,10,Tres decu par la qualite du reseau en ce moment.,Oui
CLI03092,Conakry,Homme,23,1432000,8,Prépayé,Non,Non,93000,Espèces,262,116,10,4763,8,1,0,0,Aucun probleme depuis mon inscription.,Non
CLI03093,Conakry,Femme,40,1142000,39,Prépayé,Oui,Non,70000,Espèces,47,132,81,2547,14,2,0,0,Aucun probleme depuis mon inscription.,Non
CLI03094,Kindia,Femme,38,1417000,6,Illimité,Non,Non,106000,Espèces,288,99,0,3626,55,2,1,0,Tres satisfait du reseau et du service.,Non
CLI03095,Kindia,Homme,40,1116000,12,Postpayé,Non,Non,60000,Virement bancaire,248,55,1,1878,29,2,0,3,Rien de particulier a signaler.,Non
CLI03096,Labé,Homme,31,995000,1,Prépayé,Non,Non,73000,Virement bancaire,194,91,3,2680,16,0,0,0,Service correct dans l'ensemble.,Oui
CLI03097,Mamou,Femme,31,911000,19,Prépayé,Non,Non,42000,Orange Money,129,54,1,3339,21,1,0,11,"Je pense changer d'operateur, trop de pannes.",Oui
CLI03098,Faranah,Femme,26,645000,23,Prépayé,Non,Oui,26000,Espèces,267,121,0,3510,2,3,0,0,Tres decu par la qualite du reseau en ce moment.,Oui
CLI03099,Faranah,Femme,49,984000,9,Postpayé,Non,Oui,70000,Virement bancaire,165,91,2,4849,85,0,0,0,Offres interessantes et service fiable.,Non
CLI03100,Labé,Femme,26,787000,15,Prépayé,Non,Oui,54000,Espèces,252,21,2,2022,9,2,0,4,Tres satisfait du reseau et du service.,Non
CLI03101,Labé,Homme,39,332000,16,Postpayé,Non,Oui,16000,Orange Money,208,163,1,1857,15,2,0,7,Rien de particulier a signaler.,Non
CLI03102,Labé,Femme,28,748000,20,Prépayé,Non,Non,44000,Orange Money,169,136,7,3736,21,1,3,0,Facturation incorrecte plusieurs fois de suite.,Oui
CLI03103,Faranah,Femme,21,579000,6,Prépayé,Non,Oui,22000,Orange Money,149,116,1,2713,5,0,0,1,Aucun probleme depuis mon inscription.,Non
CLI03104,Kankan,Femme,31,1361000,4,Postpayé,Non,Oui,76000,Orange Money,132,57,5,1937,14,1,1,0,Rien de particulier a signaler.,Non
CLI03105,Conakry,Femme,18,634000,57,Prépayé,Oui,Oui,57000,Orange Money,239,107,41,4178,1,6,1,0,"Utilisation standard, pas de souci majeur.",Oui
CLI03106,Kankan,Homme,30,804000,8,Prépayé,Non,Oui,40000,Orange Money,201,82,4,1787,54,1,1,0,Aucun probleme depuis mon inscription.,Non
CLI03107,Conakry,Homme,33,370000,2,Prépayé,Non,Oui,23000,Orange Money,173,121,1,948,5,1,0,0,Rien de particulier a signaler.,Non
CLI03108,Conakry,Homme,24,1235000,75,Prépayé,Non,Oui,63000,Orange Money,146,47,1,2376,20,1,2,4,Service client reactif et efficace.,Non
CLI03109,Kankan,Femme,29,2473000,16,Illimité,Non,Non,85000,Carte bancaire,179,130,1,4332,12,1,0,0,Aucun probleme depuis mon inscription.,Non
CLI03110,Conakry,Femme,35,641000,19,Prépayé,Non,Oui,47000,Carte bancaire,194,90,6,1562,3,3,1,0,Trop de coupures de reseau ces derniers temps.,Oui
CLI03111,Kankan,Homme,33,1042000,2,Prépayé,Non,Oui,56000,Espèces,197,92,7,3218,23,0,1,1,Rien de particulier a signaler.,Non
CLI03112,Kindia,Femme,21,950000,18,Prépayé,Non,Non,85000,Orange Money,212,40,2,1430,17,1,3,0,Service correct dans l'ensemble.,Oui
CLI03113,Kindia,Homme,35,385000,20,Prépayé,Non,Non,29000,Espèces,248,117,4,2294,3,1,0,0,Service correct dans l'ensemble.,Non
CLI03114,Kankan,Femme,25,1327000,30,Illimité,Oui,Non,105000,Orange Money,213,138,47,2785,9,1,0,2,"Bon rapport qualite prix, je recommande.",Non
CLI03115,Faranah,Homme,24,1334000,20,Prépayé,Non,Oui,65000,Orange Money,111,157,0,2371,16,0,2,5,Content de la couverture reseau dans ma zone.,Non
CLI03116,Conakry,Femme,31,718000,50,Illimité,Non,Oui,47000,Orange Money,68,57,2,5593,59,0,0,0,Service correct dans l'ensemble.,Non
CLI03117,N'Zérékoré,Homme,29,315000,12,Prépayé,Non,Oui,25000,Virement bancaire,156,63,2,3278,25,0,1,0,Tres decu par la qualite du reseau en ce moment.,Oui
CLI03118,Conakry,Homme,42,2446000,34,Prépayé,Non,Non,186000,Carte bancaire,238,131,1,2416,11,2,0,2,Tres satisfait du reseau et du service.,Non
CLI03119,Mamou,Femme,35,1385000,30,Prépayé,Non,Non,49000,Orange Money,144,70,7,3643,38,2,2,1,Offres interessantes et service fiable.,Non
CLI03120,N'Zérékoré,Homme,28,646000,19,Prépayé,Non,Non,24000,Espèces,101,93,2,4081,3,0,3,3,Rien de particulier a signaler.,Non
CLI03121,Kankan,Homme,56,1397000,1,Postpayé,Non,Non,113000,Espèces,193,97,4,3390,3,1,0,0,Service client reactif et efficace.,Non
CLI03122,Boké,Homme,47,300000,15,Prépayé,Non,Non,19000,Orange Money,196,89,0,1865,3,1,0,0,Service client reactif et efficace.,Non
CLI03123,N'Zérékoré,Homme,18,300000,9,Postpayé,Non,Oui,11000,Orange Money,179,122,1,1319,48,0,0,0,"Utilisation standard, pas de souci majeur.",Non
CLI03124,Mamou,Femme,18,571000,5,Prépayé,Non,Oui,46000,Orange Money,163,84,2,3472,19,0,0,1,Le forfait ne correspond plus a mes besoins.,Oui
CLI03125,Conakry,Homme,22,1337000,2,Illimité,Non,Non,51000,Espèces,202,48,1,1456,29,2,0,1,Aucune reponse a mes reclamations depuis un mois.,Oui
CLI03126,N'Zérékoré,Homme,46,523000,4,Postpayé,Non,Non,34000,Espèces,101,153,12,1885,7,2,0,0,Tres decu par la qualite du reseau en ce moment.,Oui
CLI03127,Labé,Homme,21,1228000,19,Prépayé,Non,Oui,43000,Orange Money,250,60,1,3799,16,1,1,7,"Utilisation standard, pas de souci majeur.",Non
CLI03128,Kindia,Femme,33,802000,28,Prépayé,Non,Oui,38000,Orange Money,120,50,1,1237,24,0,0,0,Facturation incorrecte plusieurs fois de suite.,Oui
CLI03129,Boké,Femme,30,650000,11,Postpayé,Non,Non,43000,Orange Money,195,120,2,3663,45,0,3,2,Trop de coupures de reseau ces derniers temps.,Oui
CLI03130,Conakry,Homme,46,859000,7,Prépayé,Non,Non,31000,Espèces,126,72,1,2416,2,1,0,1,Le forfait ne correspond plus a mes besoins.,Oui
CLI03131,Labé,Homme,29,661000,93,Prépayé,Non,Non,56000,Virement bancaire,286,89,5,2961,39,1,0,0,Service client reactif et efficace.,Non
CLI03132,Labé,Femme,38,674000,79,Prépayé,Non,Non,50000,Espèces,137,149,0,1715,61,2,0,12,Offres interessantes et service fiable.,Non
CLI03133,Conakry,Homme,32,1456000,60,Prépayé,Oui,Oui,126000,Orange Money,147,141,36,1883,41,1,0,0,Tres satisfait du reseau et du service.,Non
CLI03134,Kindia,Homme,48,1422000,19,Prépayé,Non,Non,55000,Orange Money,191,53,2,211,30,1,1,0,Rien de particulier a signaler.,Oui
CLI03135,Conakry,Homme,39,893000,4,Illimité,Non,Non,33000,Carte bancaire,132,64,4,956,12,2,0,2,Offres interessantes et service fiable.,Non
CLI03136,Kankan,Homme,42,1183000,15,Postpayé,Non,Oui,67000,Orange Money,222,95,1,3621,11,2,1,6,Content de la couverture reseau dans ma zone.,Non
CLI03137,Conakry,Femme,30,1240000,83,Prépayé,Non,Oui,95000,Orange Money,134,121,2,1101,1,0,0,5,Rien de particulier a signaler.,Non
CLI03138,Labé,Femme,32,471000,9,Postpayé,Non,Non,36000,Orange Money,234,109,2,3043,57,0,0,2,Content de la couverture reseau dans ma zone.,Non
CLI03139,Mamou,Femme,45,711000,12,Prépayé,Non,Oui,38000,Carte bancaire,109,98,2,2778,5,1,1,0,"Utilisation standard, pas de souci majeur.",Non
CLI03140,Labé,Femme,54,300000,3,Postpayé,Non,Oui,15000,Orange Money,286,103,2,2877,5,1,1,2,Service correct dans l'ensemble.,Non
CLI03141,Kindia,Homme,33,1148000,25,Prépayé,Non,Oui,99000,Orange Money,201,112,0,1349,7,1,0,0,Le service client ne repond jamais rapidement.,Oui
CLI03142,Conakry,Femme,39,1300000,10,Prépayé,Oui,Non,65000,Orange Money,178,149,6,3439,53,1,0,1,Content de la couverture reseau dans ma zone.,Non
CLI03143,Conakry,Homme,23,583000,88,Prépayé,Non,Oui,21000,Orange Money,153,76,4,1125,4,2,0,3,Service correct dans l'ensemble.,Non
CLI03144,Conakry,Femme,51,1101000,8,Illimité,Non,Non,79000,Orange Money,166,64,5,3022,7,0,0,6,Rien de particulier a signaler.,Non
CLI03145,Kankan,Femme,22,423000,20,Prépayé,Non,Non,34000,Orange Money,283,61,5,2176,18,3,0,0,Service client reactif et efficace.,Non
CLI03146,Conakry,Femme,39,323000,26,Illimité,Non,Non,11000,Orange Money,162,137,4,2869,6,1,0,0,"Bon rapport qualite prix, je recommande.",Non
CLI03147,Labé,Femme,39,889000,4,Illimité,Oui,Oui,70000,Carte bancaire,199,90,18,3672,47,0,0,1,"Utilisation standard, pas de souci majeur.",Non
CLI03148,Conakry,Femme,26,1933000,17,Prépayé,Non,Non,64000,Espèces,252,85,1,3306,0,1,1,1,Offres interessantes et service fiable.,Non
CLI03149,Conakry,Homme,21,1793000,9,Prépayé,Non,Oui,84000,Carte bancaire,130,11,3,2990,17,3,1,13,"Utilisation standard, pas de souci majeur.",Non
CLI03150,Boké,Homme,33,827000,41,Prépayé,Non,Non,74000,Espèces,191,55,2,3368,70,2,0,6,Tres decu par la qualite du reseau en ce moment.,Oui
CLI03151,N'Zérékoré,Femme,45,988000,25,Postpayé,Non,Non,69000,Orange Money,170,0,0,3026,17,1,2,0,Service client reactif et efficace.,Non
CLI03152,Kindia,Homme,19,1439000,11,Prépayé,Non,Non,59000,Orange Money,228,89,6,218,34,1,2,2,Le service client ne repond jamais rapidement.,Oui
CLI03153,Kindia,Homme,29,300000,3,Prépayé,Non,Non,26000,Orange Money,158,48,8,2284,1,1,1,3,Trop cher par rapport a la qualite recue.,Oui
CLI03154,Labé,Femme,18,690000,2,Illimité,Non,Oui,30000,Carte bancaire,135,77,0,597,103,1,1,10,"Utilisation standard, pas de souci majeur.",Oui
CLI03155,Kindia,Homme,32,605000,37,Illimité,Non,Non,51000,Espèces,216,127,1,1894,50,1,1,0,Tres decu par la qualite du reseau en ce moment.,Oui
CLI03156,Conakry,Femme,21,450000,31,Prépayé,Non,Non,36000,Espèces,172,72,7,2037,2,2,1,0,"Je pense changer d'operateur, trop de pannes.",Oui
CLI03157,Kindia,Femme,28,996000,4,Prépayé,Non,Oui,60000,Orange Money,206,95,9,934,12,1,1,0,Tres satisfait du reseau et du service.,Non
CLI03158,N'Zérékoré,Homme,33,945000,5,Prépayé,Non,Non,70000,Carte bancaire,150,149,0,2986,27,3,1,0,Offres interessantes et service fiable.,Non
CLI03159,Conakry,Homme,26,477000,13,Prépayé,Non,Non,21000,Orange Money,181,28,0,2068,20,0,0,7,Offres interessantes et service fiable.,Non
CLI03160,Conakry,Homme,42,2055000,27,Postpayé,Non,Oui,90000,Espèces,97,62,5,1680,13,0,0,0,Aucun probleme depuis mon inscription.,Non
CLI03161,Faranah,Homme,46,668000,20,Postpayé,Oui,Oui,54000,Carte bancaire,183,97,53,3733,9,3,0,0,"Utilisation standard, pas de souci majeur.",Oui
CLI03162,Conakry,Femme,47,300000,14,Prépayé,Non,Non,20000,Orange Money,152,36,5,1461,8,3,0,2,"Je pense changer d'operateur, trop de pannes.",Oui
CLI03163,Conakry,Homme,33,698000,25,Prépayé,Oui,Non,33000,Orange Money,257,78,8,3072,8,2,0,0,Aucun probleme depuis mon inscription.,Non
CLI03164,Conakry,Homme,29,613000,29,Prépayé,Non,Oui,45000,Espèces,181,99,10,2127,29,1,0,6,"Utilisation standard, pas de souci majeur.",Non
CLI03165,Kankan,Homme,42,2660000,8,Postpayé,Non,Oui,179000,Orange Money,141,102,4,3573,67,0,0,0,Rien de particulier a signaler.,Non
CLI03166,N'Zérékoré,Femme,45,824000,2,Prépayé,Oui,Oui,49000,Orange Money,238,164,84,3018,30,1,2,0,Service correct dans l'ensemble.,Non
CLI03167,N'Zérékoré,Femme,28,1035000,53,Prépayé,Non,Oui,43000,Orange Money,116,87,5,2364,13,1,0,0,Content de la couverture reseau dans ma zone.,Non
CLI03168,Kindia,Femme,33,1002000,1,Prépayé,Non,Oui,38000,Orange Money,169,76,0,4533,1,0,0,0,Service correct dans l'ensemble.,Non
CLI03169,N'Zérékoré,Homme,31,513000,15,Prépayé,Non,Non,17000,Orange Money,95,105,1,2940,26,2,1,4,Service correct dans l'ensemble.,Oui
CLI03170,Conakry,Homme,42,588000,1,Postpayé,Non,Non,25000,Orange Money,228,151,14,1835,9,1,1,13,Le forfait ne correspond plus a mes besoins.,Oui
CLI03171,Boké,Homme,28,926000,51,Postpayé,Non,Oui,72000,Orange Money,128,130,3,3486,12,1,0,3,Rien de particulier a signaler.,Non
CLI03172,Labé,Homme,18,586000,2,Postpayé,Non,Oui,49000,Orange Money,106,150,9,3113,33,1,0,1,Content de la couverture reseau dans ma zone.,Non
CLI03173,Boké,Homme,40,1174000,74,Prépayé,Non,Oui,45000,Virement bancaire,197,95,1,3597,13,2,0,0,"Utilisation standard, pas de souci majeur.",Non
CLI03174,N'Zérékoré,Homme,44,1055000,14,Prépayé,Non,Oui,77000,Espèces,106,88,2,3968,9,1,0,0,Content de la couverture reseau dans ma zone.,Non
CLI03175,Faranah,Femme,36,686000,16,Postpayé,Non,Non,36000,Espèces,203,67,1,2983,90,1,0,2,Aucun probleme depuis mon inscription.,Non
CLI03176,Boké,Homme,43,1039000,1,Postpayé,Non,Non,49000,Orange Money,302,40,11,1256,24,1,0,9,Tres decu par la qualite du reseau en ce moment.,Oui
CLI03177,Faranah,Femme,33,447000,49,Postpayé,Non,Oui,13000,Espèces,256,58,8,1054,0,1,1,0,"Bon rapport qualite prix, je recommande.",Non
CLI03178,Faranah,Homme,20,841000,48,Illimité,Non,Oui,50000,Espèces,268,3,2,2291,14,0,0,0,Tres satisfait du reseau et du service.,Non
CLI03179,Conakry,Homme,38,569000,1,Postpayé,Oui,Oui,39000,Orange Money,293,129,82,3666,2,3,0,0,"Je pense changer d'operateur, trop de pannes.",Oui
CLI03180,Kindia,Homme,29,957000,2,Prépayé,Non,Oui,67000,Virement bancaire,298,107,1,2110,29,1,0,7,Service client reactif et efficace.,Non
CLI03181,Kindia,Femme,20,1298000,64,Prépayé,Non,Non,78000,Orange Money,142,62,0,1269,4,1,0,0,Rien de particulier a signaler.,Non
CLI03182,N'Zérékoré,Femme,46,579000,11,Prépayé,Non,Oui,43000,Espèces,184,133,2,3147,35,1,0,0,Aucun probleme depuis mon inscription.,Non
CLI03183,Kankan,Femme,33,362000,5,Prépayé,Non,Oui,29000,Espèces,256,104,1,3985,40,1,0,0,Service correct dans l'ensemble.,Non
CLI03184,Kindia,Femme,18,2177000,10,Prépayé,Oui,Non,163000,Espèces,211,143,35,1346,2,1,2,0,Service client reactif et efficace.,Non
CLI03185,N'Zérékoré,Homme,40,568000,34,Prépayé,Non,Oui,47000,Orange Money,215,91,2,3589,100,3,0,15,Service correct dans l'ensemble.,Oui
CLI03186,Conakry,Homme,34,743000,48,Postpayé,Non,Non,24000,Espèces,140,43,6,3313,4,2,1,8,Aucun probleme depuis mon inscription.,Non
CLI03187,Kindia,Homme,28,762000,52,Postpayé,Oui,Non,24000,Espèces,192,116,64,600,87,1,0,0,Service correct dans l'ensemble.,Non
CLI03188,Conakry,Femme,29,328000,20,Illimité,Non,Non,16000,Orange Money,198,119,0,3483,8,2,0,0,Content de la couverture reseau dans ma zone.,Non
CLI03189,Labé,Femme,39,2684000,66,Postpayé,Non,Oui,123000,Orange Money,173,125,1,472,13,0,0,3,Aucun probleme depuis mon inscription.,Non
CLI03190,N'Zérékoré,Homme,41,721000,2,Prépayé,Non,Non,47000,Carte bancaire,201,66,5,1104,58,0,0,0,Aucun probleme depuis mon inscription.,Non
CLI03191,Kankan,Femme,41,1013000,21,Prépayé,Non,Non,71000,Orange Money,253,127,12,1642,23,1,0,14,Service correct dans l'ensemble.,Oui
CLI03192,Conakry,Homme,46,994000,6,Prépayé,Non,Non,38000,Orange Money,204,16,2,1331,15,0,0,0,Rien de particulier a signaler.,Non
CLI03193,Conakry,Femme,27,534000,67,Prépayé,Oui,Non,39000,Espèces,172,76,80,2387,19,2,0,0,Offres interessantes et service fiable.,Non
CLI03194,Kankan,Homme,52,702000,4,Prépayé,Non,Oui,49000,Orange Money,301,4,4,2637,2,1,0,0,Service correct dans l'ensemble.,Non
CLI03195,Conakry,Femme,63,586000,6,Illimité,Oui,Non,33000,Espèces,210,63,57,2033,49,1,2,0,Aucune reponse a mes reclamations depuis un mois.,Oui
CLI03196,Kankan,Homme,35,670000,16,Postpayé,Non,Oui,54000,Carte bancaire,136,82,2,2198,10,1,0,4,Rien de particulier a signaler.,Non
CLI03197,Mamou,Femme,39,1026000,60,Postpayé,Oui,Oui,41000,Espèces,295,120,28,2336,29,1,0,1,Rien de particulier a signaler.,Non
CLI03198,Faranah,Homme,40,854000,29,Postpayé,Non,Non,64000,Orange Money,249,42,3,135,4,2,0,4,Aucune reponse a mes reclamations depuis un mois.,Oui
CLI03199,Faranah,Femme,48,489000,58,Prépayé,Non,Non,25000,Carte bancaire,99,151,1,1519,18,0,2,3,Service client reactif et efficace.,Non
CLI03200,Labé,Homme,20,867000,50,Prépayé,Non,Non,55000,Carte bancaire,148,101,1,2099,11,1,0,2,Offres interessantes et service fiable.,Non
CLI03201,Conakry,Femme,46,862000,67,Prépayé,Non,Oui,55000,Orange Money,284,62,8,1273,27,0,0,2,Tres satisfait du reseau et du service.,Non
CLI03202,Kankan,Homme,28,789000,10,Prépayé,Oui,Oui,67000,Carte bancaire,99,108,27,2808,3,2,0,0,"Bon rapport qualite prix, je recommande.",Non
CLI03203,Labé,Femme,35,305000,3,Postpayé,Non,Non,22000,Orange Money,165,115,6,3672,24,1,0,4,"Utilisation standard, pas de souci majeur.",Non
CLI03204,Faranah,Homme,39,444000,19,Prépayé,Non,Oui,25000,Orange Money,144,84,0,1477,17,1,1,0,Le forfait ne correspond plus a mes besoins.,Oui
CLI03205,Conakry,Femme,41,932000,20,Postpayé,Non,Oui,73000,Espèces,214,91,1,2148,2,0,0,0,Rien de particulier a signaler.,Non
CLI03206,Conakry,Femme,32,706000,18,Postpayé,Non,Oui,55000,Virement bancaire,160,84,5,1474,51,1,1,0,"Je pense changer d'operateur, trop de pannes.",Oui
CLI03207,Labé,Homme,39,2801000,3,Prépayé,Non,Oui,200000,Orange Money,214,77,3,3783,11,1,0,0,"Utilisation standard, pas de souci majeur.",Non
CLI03208,Kankan,Femme,47,524000,3,Postpayé,Non,Oui,20000,Carte bancaire,203,67,4,1785,26,0,0,0,Content de la couverture reseau dans ma zone.,Non
CLI03209,Kindia,Homme,37,1011000,5,Prépayé,Non,Non,73000,Orange Money,276,89,5,1809,0,1,0,0,"Bon rapport qualite prix, je recommande.",Non
CLI03210,Faranah,Femme,48,1734000,1,Prépayé,Oui,Oui,113000,Orange Money,227,27,54,888,26,0,0,3,Rien de particulier a signaler.,Non
CLI03211,Conakry,Homme,32,300000,15,Prépayé,Non,Non,17000,Carte bancaire,203,127,3,4462,66,2,0,0,Offres interessantes et service fiable.,Non
CLI03212,Conakry,Femme,18,741000,14,Illimité,Non,Oui,36000,Orange Money,154,94,5,3766,24,0,0,0,Rien de particulier a signaler.,Oui
CLI03213,Mamou,Homme,33,880000,3,Prépayé,Oui,Non,68000,Espèces,173,131,59,2144,17,0,0,0,Tres satisfait du reseau et du service.,Non
CLI03214,N'Zérékoré,Homme,33,608000,17,Illimité,Non,Oui,26000,Orange Money,197,95,3,1947,2,3,1,3,Rien de particulier a signaler.,Oui
CLI03215,Kindia,Femme,33,973000,11,Prépayé,Non,Oui,44000,Orange Money,210,53,10,2555,0,1,1,0,Rien de particulier a signaler.,Non
CLI03216,Kindia,Homme,18,310000,36,Postpayé,Non,Oui,16000,Orange Money,161,105,2,3708,10,1,0,0,"Utilisation standard, pas de souci majeur.",Non
CLI03217,Kindia,Homme,19,300000,19,Prépayé,Oui,Oui,16000,Orange Money,184,49,49,1726,5,2,1,2,Le forfait ne correspond plus a mes besoins.,Oui
CLI03218,Labé,Femme,29,748000,33,Illimité,Non,Oui,54000,Orange Money,191,119,1,2090,2,3,0,4,Aucun probleme depuis mon inscription.,Non
CLI03219,Kindia,Femme,34,411000,50,Illimité,Non,Oui,27000,Orange Money,35,143,1,2871,7,5,0,1,"Utilisation standard, pas de souci majeur.",Non
CLI03220,Kindia,Homme,31,1173000,61,Postpayé,Oui,Non,54000,Orange Money,231,117,40,1816,54,1,0,0,Trop cher par rapport a la qualite recue.,Oui
CLI03221,Faranah,Homme,47,442000,6,Illimité,Non,Non,20000,Espèces,298,134,2,2220,5,2,0,0,"Bon rapport qualite prix, je recommande.",Non
CLI03222,Conakry,Homme,39,1213000,46,Prépayé,Non,Oui,96000,Orange Money,133,52,0,5371,21,0,0,0,Service client reactif et efficace.,Non
CLI03223,Kankan,Homme,37,606000,54,Prépayé,Non,Non,47000,Espèces,150,48,1,2744,3,0,3,0,"Utilisation standard, pas de souci majeur.",Non
CLI03224,Faranah,Femme,31,526000,11,Prépayé,Non,Oui,36000,Espèces,0,39,1,1554,3,1,0,2,Offres interessantes et service fiable.,Non
CLI03225,N'Zérékoré,Femme,18,407000,20,Prépayé,Non,Oui,32000,Orange Money,190,219,1,1032,28,4,0,3,Facturation incorrecte plusieurs fois de suite.,Oui
CLI03226,Kankan,Homme,38,797000,8,Prépayé,Oui,Oui,46000,Orange Money,173,112,33,2496,4,5,0,11,Le forfait ne correspond plus a mes besoins.,Oui
CLI03227,Kankan,Homme,30,566000,74,Prépayé,Non,Oui,25000,Carte bancaire,199,118,1,4235,59,3,0,7,Aucun probleme depuis mon inscription.,Non
CLI03228,Conakry,Femme,38,841000,50,Prépayé,Non,Non,47000,Orange Money,256,127,1,3294,50,1,0,19,Trop de coupures de reseau ces derniers temps.,Oui
CLI03229,Kankan,Femme,54,1489000,10,Postpayé,Non,Oui,121000,Espèces,80,44,6,2273,150,1,0,2,Tres satisfait du reseau et du service.,Non
CLI03230,Labé,Homme,34,945000,15,Postpayé,Oui,Non,43000,Virement bancaire,31,165,51,2417,9,1,0,2,Rien de particulier a signaler.,Non
CLI03231,Kindia,Femme,56,957000,26,Postpayé,Non,Non,41000,Espèces,221,92,4,3963,9,1,2,3,"Je pense changer d'operateur, trop de pannes.",Oui
CLI03232,Kankan,Homme,28,1357000,35,Postpayé,Non,Oui,108000,Espèces,274,63,13,1983,8,1,2,1,Aucun probleme depuis mon inscription.,Non
CLI03233,Boké,Femme,27,406000,16,Postpayé,Non,Oui,19000,Orange Money,218,0,9,1312,6,1,0,5,"Utilisation standard, pas de souci majeur.",Oui
CLI03234,N'Zérékoré,Femme,23,305000,5,Prépayé,Oui,Non,12000,Orange Money,165,51,59,3059,5,3,0,0,"Utilisation standard, pas de souci majeur.",Non
CLI03235,Faranah,Femme,35,1921000,8,Prépayé,Oui,Oui,104000,Orange Money,266,123,47,2077,9,1,0,4,"Je pense changer d'operateur, trop de pannes.",Oui
CLI03236,Kankan,Femme,18,747000,33,Prépayé,Non,Oui,52000,Espèces,277,94,1,5070,9,0,0,0,Tres satisfait du reseau et du service.,Non
CLI03237,N'Zérékoré,Homme,36,1412000,6,Illimité,Non,Oui,109000,Espèces,190,62,10,2724,10,2,0,9,Offres interessantes et service fiable.,Non
CLI03238,Labé,Homme,39,713000,5,Illimité,Oui,Oui,35000,Espèces,183,129,65,3531,11,0,0,1,Rien de particulier a signaler.,Non
CLI03239,Kankan,Homme,42,586000,3,Postpayé,Non,Non,27000,Carte bancaire,252,48,1,3234,6,3,2,2,"Utilisation standard, pas de souci majeur.",Oui
CLI03240,Labé,Homme,38,308000,6,Prépayé,Non,Oui,26000,Espèces,201,64,2,1034,19,1,0,2,Aucun probleme depuis mon inscription.,Non
CLI03241,Labé,Homme,42,2007000,15,Prépayé,Oui,Oui,73000,Espèces,136,121,66,50,53,1,1,0,Offres interessantes et service fiable.,Non
CLI03242,N'Zérékoré,Femme,41,512000,1,Prépayé,Oui,Non,39000,Orange Money,256,26,57,2356,13,1,0,5,"Utilisation standard, pas de souci majeur.",Oui
CLI03243,Faranah,Femme,34,844000,2,Postpayé,Non,Oui,27000,Orange Money,116,67,2,1979,14,1,0,0,Rien de particulier a signaler.,Non
CLI03244,Faranah,Homme,37,1054000,66,Postpayé,Oui,Non,82000,Carte bancaire,204,143,33,3322,29,0,0,0,Content de la couverture reseau dans ma zone.,Non
CLI03245,N'Zérékoré,Homme,28,538000,40,Prépayé,Non,Oui,30000,Orange Money,129,75,1,1301,1,1,0,14,Tres satisfait du reseau et du service.,Non
CLI03246,Mamou,Femme,32,802000,7,Prépayé,Non,Oui,71000,Orange Money,208,109,7,3677,6,1,1,0,Tres satisfait du reseau et du service.,Non
CLI03247,Conakry,Homme,50,1071000,20,Prépayé,Oui,Oui,84000,Orange Money,148,46,41,2700,2,1,0,0,Offres interessantes et service fiable.,Non
CLI03248,Mamou,Femme,21,571000,17,Prépayé,Non,Oui,37000,Orange Money,316,115,0,2286,40,2,1,11,Trop cher par rapport a la qualite recue.,Oui
CLI03249,Mamou,Femme,46,780000,10,Prépayé,Oui,Non,49000,Carte bancaire,188,82,60,708,42,1,1,0,Service correct dans l'ensemble.,Non
CLI03250,Faranah,Femme,43,472000,12,Illimité,Non,Oui,20000,Carte bancaire,299,77,2,2710,52,1,0,3,Rien de particulier a signaler.,Non
CLI03251,N'Zérékoré,Homme,18,585000,31,Postpayé,Non,Non,36000,Carte bancaire,176,219,4,2962,16,1,1,3,"Bon rapport qualite prix, je recommande.",Non
CLI03252,Faranah,Femme,18,463000,16,Postpayé,Oui,Non,31000,Carte bancaire,124,27,44,3242,31,1,0,0,Tres decu par la qualite du reseau en ce moment.,Oui
CLI03253,N'Zérékoré,Femme,28,1017000,6,Prépayé,Non,Non,66000,Orange Money,173,85,0,1727,17,2,0,5,Service correct dans l'ensemble.,Non
CLI03254,Kankan,Femme,38,1826000,32,Prépayé,Non,Oui,104000,Carte bancaire,265,176,1,2676,31,0,2,4,Aucun probleme depuis mon inscription.,Non
CLI03255,N'Zérékoré,Homme,29,966000,6,Postpayé,Non,Oui,49000,Orange Money,209,64,2,3554,6,2,1,4,"Utilisation standard, pas de souci majeur.",Oui
CLI03256,Boké,Femme,42,635000,66,Prépayé,Non,Non,46000,Espèces,210,93,3,894,3,0,0,0,Content de la couverture reseau dans ma zone.,Non
CLI03257,Conakry,Femme,32,947000,17,Prépayé,Non,Non,83000,Espèces,207,76,2,1994,1,1,1,0,Offres interessantes et service fiable.,Non
CLI03258,Labé,Femme,19,641000,29,Prépayé,Non,Non,45000,Espèces,202,16,1,3035,22,2,0,2,Tres satisfait du reseau et du service.,Non
CLI03259,Kankan,Homme,39,317000,11,Prépayé,Non,Oui,22000,Espèces,142,75,1,2130,52,1,0,0,Aucune reponse a mes reclamations depuis un mois.,Oui
CLI03260,Kankan,Femme,42,2179000,88,Illimité,Non,Non,174000,Espèces,215,96,3,3680,6,1,0,0,Aucun probleme depuis mon inscription.,Non
CLI03261,Mamou,Femme,31,1003000,14,Prépayé,Non,Oui,44000,Orange Money,135,51,9,4091,4,2,0,1,"Je pense changer d'operateur, trop de pannes.",Oui
CLI03262,Kindia,Homme,31,622000,96,Prépayé,Non,Non,32000,Espèces,193,91,0,983,7,2,2,3,Content de la couverture reseau dans ma zone.,Non
CLI03263,Conakry,Femme,19,548000,5,Postpayé,Oui,Non,49000,Orange Money,170,113,79,2944,0,1,0,0,Content de la couverture reseau dans ma zone.,Non
CLI03264,Conakry,Femme,43,828000,10,Prépayé,Non,Non,63000,Orange Money,261,108,5,2145,20,0,0,0,Aucune reponse a mes reclamations depuis un mois.,Oui
CLI03265,Kindia,Homme,52,790000,18,Prépayé,Oui,Oui,64000,Orange Money,166,101,53,1104,44,1,0,0,Content de la couverture reseau dans ma zone.,Non
CLI03266,Boké,Femme,35,829000,15,Prépayé,Non,Oui,40000,Espèces,116,63,2,781,41,1,0,6,Aucune reponse a mes reclamations depuis un mois.,Oui
CLI03267,N'Zérékoré,Femme,19,783000,44,Prépayé,Non,Non,33000,Orange Money,186,79,2,737,52,0,0,0,"Je pense changer d'operateur, trop de pannes.",Oui
CLI03268,Labé,Femme,19,799000,35,Prépayé,Oui,Oui,54000,Espèces,159,150,77,1502,19,1,0,2,Service client reactif et efficace.,Non
CLI03269,Labé,Femme,33,533000,6,Prépayé,Non,Oui,46000,Orange Money,251,143,5,2207,1,0,1,0,Le forfait ne correspond plus a mes besoins.,Oui
CLI03270,Boké,Homme,20,712000,46,Postpayé,Oui,Oui,42000,Carte bancaire,80,96,46,1638,13,3,0,2,Tres satisfait du reseau et du service.,Non
CLI03271,Conakry,Homme,27,1101000,71,Prépayé,Non,Oui,52000,Espèces,217,92,1,3211,37,1,2,0,Content de la couverture reseau dans ma zone.,Non
CLI03272,Conakry,Femme,21,724000,37,Prépayé,Non,Oui,52000,Orange Money,125,36,5,3833,52,1,0,0,Service correct dans l'ensemble.,Non
CLI03273,Mamou,Femme,35,384000,48,Prépayé,Non,Non,24000,Orange Money,160,129,4,336,59,1,1,13,Le service client ne repond jamais rapidement.,Oui
CLI03274,Faranah,Femme,21,727000,48,Prépayé,Non,Oui,63000,Espèces,177,72,1,5552,21,3,0,1,Trop de coupures de reseau ces derniers temps.,Oui
CLI03275,N'Zérékoré,Femme,44,1095000,45,Prépayé,Non,Oui,95000,Orange Money,130,100,3,2543,32,2,0,4,Service correct dans l'ensemble.,Non
CLI03276,Boké,Homme,50,1416000,96,Prépayé,Non,Non,82000,Carte bancaire,289,134,0,2713,7,4,0,0,Rien de particulier a signaler.,Non
CLI03277,Mamou,Homme,50,842000,7,Prépayé,Oui,Oui,75000,Espèces,236,83,47,3653,4,0,0,2,Trop cher par rapport a la qualite recue.,Oui
CLI03278,Kankan,Homme,18,1420000,40,Prépayé,Non,Non,55000,Espèces,183,95,3,3598,31,1,0,0,Service correct dans l'ensemble.,Non
CLI03279,Faranah,Homme,47,416000,27,Prépayé,Non,Non,15000,Virement bancaire,128,178,2,2107,46,0,0,0,Aucun probleme depuis mon inscription.,Non
CLI03280,Conakry,Femme,38,532000,4,Postpayé,Oui,Oui,28000,Orange Money,126,136,8,50,0,0,1,8,Tres satisfait du reseau et du service.,Non
CLI03281,Kankan,Femme,41,698000,53,Prépayé,Non,Oui,36000,Espèces,120,117,5,3792,12,0,0,4,Rien de particulier a signaler.,Non
CLI03282,Faranah,Femme,39,417000,5,Postpayé,Non,Oui,15000,Orange Money,231,119,2,2623,22,0,0,0,Offres interessantes et service fiable.,Non
CLI03283,Mamou,Femme,42,365000,44,Illimité,Non,Oui,22000,Orange Money,183,140,1,3899,8,2,0,0,Service client reactif et efficace.,Non
CLI03284,Conakry,Homme,39,466000,39,Postpayé,Non,Non,16000,Orange Money,142,63,0,1137,82,2,0,1,Aucun probleme depuis mon inscription.,Non
CLI03285,N'Zérékoré,Homme,36,1206000,16,Postpayé,Non,Oui,101000,Carte bancaire,231,95,2,1575,0,1,0,0,Aucun probleme depuis mon inscription.,Non
CLI03286,Mamou,Homme,33,548000,37,Prépayé,Non,Non,28000,Orange Money,256,128,1,2276,41,0,1,2,Content de la couverture reseau dans ma zone.,Non
CLI03287,Conakry,Homme,27,539000,39,Prépayé,Oui,Non,16000,Espèces,161,99,0,362,6,2,0,3,Aucun probleme depuis mon inscription.,Non
CLI03288,Labé,Homme,46,515000,29,Postpayé,Non,Non,34000,Orange Money,67,98,1,2443,9,2,0,1,Tres satisfait du reseau et du service.,Non
CLI03289,Conakry,Femme,33,769000,14,Prépayé,Non,Non,30000,Orange Money,126,53,3,1800,20,1,0,3,Rien de particulier a signaler.,Non
CLI03290,Conakry,Femme,30,829000,23,Prépayé,Non,Oui,63000,Espèces,203,113,1,1594,25,0,0,4,Aucun probleme depuis mon inscription.,Non
CLI03291,Faranah,Femme,44,687000,5,Prépayé,Non,Non,29000,Virement bancaire,129,109,7,4265,16,0,1,3,Rien de particulier a signaler.,Oui
CLI03292,Faranah,Homme,39,623000,23,Prépayé,Non,Non,44000,Orange Money,175,54,6,2491,8,2,0,5,"Bon rapport qualite prix, je recommande.",Non
CLI03293,Labé,Homme,33,332000,3,Prépayé,Non,Oui,16000,Espèces,220,52,2,5627,3,2,0,0,Tres satisfait du reseau et du service.,Non
CLI03294,Conakry,Femme,34,852000,96,Illimité,Non,Oui,69000,Espèces,198,24,1,3778,38,3,0,0,Aucun probleme depuis mon inscription.,Non
CLI03295,Kindia,Homme,18,698000,8,Postpayé,Oui,Oui,62000,Orange Money,227,96,39,3829,31,2,0,0,Service client reactif et efficace.,Non
CLI03296,Conakry,Homme,21,1200000,40,Prépayé,Non,Oui,85000,Orange Money,183,73,4,2349,10,1,1,0,Rien de particulier a signaler.,Non
CLI03297,Conakry,Homme,30,571000,10,Prépayé,Non,Oui,34000,Orange Money,140,86,4,2124,15,1,0,0,Service client reactif et efficace.,Non
CLI03298,Conakry,Homme,37,545000,31,Prépayé,Non,Non,21000,Espèces,123,33,0,3725,34,1,1,1,Tres decu par la qualite du reseau en ce moment.,Oui
CLI03299,Mamou,Femme,38,1307000,26,Postpayé,Non,Oui,43000,Orange Money,179,52,1,3670,81,1,0,4,Aucun probleme depuis mon inscription.,Non
CLI03300,Kankan,Homme,20,395000,15,Prépayé,Non,Oui,28000,Espèces,165,111,7,2091,29,1,0,0,Content de la couverture reseau dans ma zone.,Non
CLI03301,Labé,Femme,28,613000,3,Postpayé,Oui,Non,42000,Orange Money,265,102,58,1439,34,2,0,1,Aucun probleme depuis mon inscription.,Non
CLI03302,Mamou,Femme,36,300000,49,Illimité,Non,Oui,11000,Espèces,164,31,11,2743,10,0,2,11,Aucune reponse a mes reclamations depuis un mois.,Oui
CLI03303,Conakry,Femme,43,377000,94,Prépayé,Non,Non,32000,Espèces,103,89,1,801,60,3,0,1,Offres interessantes et service fiable.,Non
CLI03304,N'Zérékoré,Homme,26,648000,8,Illimité,Non,Non,34000,Orange Money,278,67,1,3839,10,1,1,10,Content de la couverture reseau dans ma zone.,Non
CLI03305,Labé,Femme,24,968000,47,Prépayé,Oui,Oui,64000,Espèces,124,113,46,4553,3,2,0,10,Content de la couverture reseau dans ma zone.,Non
CLI03306,Conakry,Homme,20,625000,35,Postpayé,Non,Non,48000,Espèces,215,46,0,2095,67,1,0,12,Rien de particulier a signaler.,Non
CLI03307,Labé,Homme,33,1945000,21,Postpayé,Non,Non,133000,Carte bancaire,155,125,2,3171,0,0,0,4,"Utilisation standard, pas de souci majeur.",Non
CLI03308,Boké,Homme,37,612000,25,Prépayé,Non,Non,37000,Orange Money,179,47,1,769,1,0,1,1,"Utilisation standard, pas de souci majeur.",Oui
CLI03309,Kankan,Homme,44,1155000,28,Prépayé,Non,Oui,57000,Orange Money,246,83,3,2670,14,1,0,0,Tres satisfait du reseau et du service.,Non
CLI03310,Faranah,Homme,31,510000,26,Prépayé,Non,Non,31000,Virement bancaire,154,8,0,1320,6,1,1,5,Le service client ne repond jamais rapidement.,Oui
CLI03311,Conakry,Homme,44,671000,49,Postpayé,Non,Non,25000,Orange Money,266,99,2,2076,24,0,0,15,Trop de coupures de reseau ces derniers temps.,Oui
CLI03312,Mamou,Femme,34,300000,20,Postpayé,Non,Oui,14000,Espèces,158,91,1,2589,15,0,2,7,Service correct dans l'ensemble.,Non
CLI03313,Conakry,Homme,36,1070000,17,Prépayé,Non,Non,34000,Espèces,156,101,5,2963,2,0,0,0,"Bon rapport qualite prix, je recommande.",Non
CLI03314,Boké,Femme,20,862000,14,Postpayé,Non,Non,39000,Orange Money,104,128,4,960,3,3,0,1,Trop cher par rapport a la qualite recue.,Oui
CLI03315,Kankan,Femme,52,1017000,9,Prépayé,Non,Oui,79000,Orange Money,172,85,3,4628,28,1,0,0,Trop de coupures de reseau ces derniers temps.,Oui
CLI03316,Conakry,Femme,32,569000,10,Prépayé,Non,Non,32000,Orange Money,55,96,6,3229,8,0,0,0,Facturation incorrecte plusieurs fois de suite.,Oui
CLI03317,Mamou,Femme,47,1251000,1,Illimité,Oui,Non,73000,Carte bancaire,162,119,54,703,42,1,0,14,"Utilisation standard, pas de souci majeur.",Non
CLI03318,Kindia,Homme,41,470000,3,Prépayé,Non,Non,24000,Espèces,69,141,2,2132,19,2,0,6,Rien de particulier a signaler.,Oui
CLI03319,Conakry,Homme,30,428000,59,Postpayé,Oui,Oui,26000,Espèces,194,14,38,2088,50,0,1,0,Offres interessantes et service fiable.,Non
CLI03320,Kankan,Femme,27,571000,58,Prépayé,Non,Non,42000,Virement bancaire,219,13,5,3670,19,2,0,5,"Utilisation standard, pas de souci majeur.",Non
CLI03321,Faranah,Homme,42,437000,5,Illimité,Non,Oui,27000,Espèces,304,68,2,1451,20,1,1,1,Tres satisfait du reseau et du service.,Non
CLI03322,Conakry,Homme,27,527000,19,Prépayé,Non,Oui,22000,Espèces,133,55,0,3341,99,4,0,0,Aucune reponse a mes reclamations depuis un mois.,Oui
CLI03323,Conakry,Femme,25,743000,96,Prépayé,Non,Non,52000,Espèces,263,58,1,3675,17,3,0,0,Offres interessantes et service fiable.,Non
CLI03324,Kindia,Homme,25,385000,45,Illimité,Non,Non,34000,Espèces,223,85,11,1935,1,1,0,0,"Utilisation standard, pas de souci majeur.",Non
CLI03325,Faranah,Homme,25,434000,15,Postpayé,Non,Oui,17000,Orange Money,252,56,0,2141,30,1,0,0,Aucun probleme depuis mon inscription.,Non
CLI03326,N'Zérékoré,Homme,26,732000,2,Prépayé,Non,Non,51000,Espèces,119,152,0,1392,6,2,0,2,Trop de coupures de reseau ces derniers temps.,Oui
CLI03327,Labé,Homme,49,796000,8,Prépayé,Non,Oui,43000,Orange Money,131,77,0,1940,19,2,1,0,Offres interessantes et service fiable.,Non
CLI03328,Conakry,Homme,35,738000,10,Postpayé,Non,Non,43000,Espèces,196,61,3,598,3,2,0,2,Offres interessantes et service fiable.,Non
CLI03329,Conakry,Homme,46,589000,18,Postpayé,Non,Oui,22000,Orange Money,202,69,0,2444,15,1,0,0,Trop cher par rapport a la qualite recue.,Oui
CLI03330,Conakry,Femme,38,756000,9,Prépayé,Non,Non,28000,Virement bancaire,201,64,4,2906,20,1,1,0,Facturation incorrecte plusieurs fois de suite.,Oui
CLI03331,Kankan,Femme,32,657000,10,Prépayé,Oui,Oui,46000,Virement bancaire,346,134,81,2976,9,1,0,0,Tres satisfait du reseau et du service.,Non
CLI03332,Conakry,Homme,30,757000,69,Prépayé,Non,Non,63000,Orange Money,130,96,0,4729,3,1,1,1,"Bon rapport qualite prix, je recommande.",Non
CLI03333,Labé,Femme,22,1424000,49,Prépayé,Non,Non,92000,Orange Money,158,28,0,1746,39,4,0,0,Offres interessantes et service fiable.,Non
CLI03334,Conakry,Homme,37,357000,57,Prépayé,Non,Oui,32000,Orange Money,149,81,1,2617,1,1,1,9,Tres satisfait du reseau et du service.,Non
CLI03335,Kindia,Homme,34,1520000,23,Prépayé,Non,Oui,48000,Espèces,113,125,2,5161,37,0,0,7,"Utilisation standard, pas de souci majeur.",Non
CLI03336,Mamou,Homme,34,754000,45,Illimité,Non,Oui,64000,Virement bancaire,151,122,1,2831,0,0,0,0,"Utilisation standard, pas de souci majeur.",Non
CLI03337,Mamou,Homme,32,764000,41,Postpayé,Non,Non,57000,Carte bancaire,224,74,4,2064,0,2,0,1,Service client reactif et efficace.,Non
CLI03338,Conakry,Homme,39,416000,37,Postpayé,Oui,Oui,15000,Orange Money,128,80,44,2484,65,1,0,1,"Bon rapport qualite prix, je recommande.",Non
CLI03339,Conakry,Homme,28,1462000,30,Prépayé,Non,Non,123000,Espèces,82,73,4,3749,12,1,0,0,"Bon rapport qualite prix, je recommande.",Non
CLI03340,Conakry,Femme,20,342000,31,Prépayé,Non,Non,16000,Orange Money,146,88,9,4153,6,0,0,0,Content de la couverture reseau dans ma zone.,Non
CLI03341,Conakry,Homme,27,1067000,55,Prépayé,Non,Oui,84000,Orange Money,174,43,2,2284,23,1,0,0,Content de la couverture reseau dans ma zone.,Non
CLI03342,Kindia,Homme,18,313000,7,Prépayé,Non,Oui,17000,Orange Money,228,102,3,2839,34,1,0,0,Tres satisfait du reseau et du service.,Non
CLI03343,Kankan,Femme,36,613000,45,Prépayé,Non,Non,31000,Espèces,240,172,1,3843,10,1,2,2,"Utilisation standard, pas de souci majeur.",Non
CLI03344,Conakry,Homme,51,952000,15,Prépayé,Non,Non,41000,Espèces,168,118,7,1969,18,0,1,0,"Bon rapport qualite prix, je recommande.",Non
CLI03345,Conakry,Femme,29,1144000,85,Prépayé,Non,Non,48000,Carte bancaire,215,82,2,3227,40,0,2,0,Offres interessantes et service fiable.,Non
CLI03346,Boké,Homme,44,768000,5,Prépayé,Non,Non,54000,Carte bancaire,233,28,5,1108,11,2,0,0,Service client reactif et efficace.,Non
CLI03347,Kankan,Femme,55,1071000,1,Postpayé,Non,Non,36000,Orange Money,246,82,2,2566,60,0,1,2,Trop de coupures de reseau ces derniers temps.,Oui
CLI03348,Kankan,Homme,31,590000,22,Prépayé,Oui,Non,39000,Virement bancaire,164,70,25,1433,12,3,0,0,"Je pense changer d'operateur, trop de pannes.",Oui
CLI03349,Conakry,Homme,39,568000,31,Postpayé,Oui,Oui,27000,Orange Money,182,70,83,2945,3,5,1,0,Rien de particulier a signaler.,Oui
CLI03350,Labé,Homme,41,323000,23,Prépayé,Oui,Oui,27000,Carte bancaire,168,86,45,3374,24,1,0,11,Content de la couverture reseau dans ma zone.,Non
CLI03351,Mamou,Homme,51,911000,20,Prépayé,Non,Oui,71000,Virement bancaire,140,66,3,2581,27,2,0,7,"Utilisation standard, pas de souci majeur.",Non
CLI03352,Boké,Femme,38,693000,19,Prépayé,Oui,Oui,27000,Orange Money,157,116,34,3157,15,0,0,1,Tres satisfait du reseau et du service.,Non
CLI03353,Kankan,Femme,26,861000,16,Prépayé,Non,Non,41000,Espèces,161,136,7,5220,35,0,0,2,Aucun probleme depuis mon inscription.,Non
CLI03354,Conakry,Femme,28,1628000,12,Prépayé,Non,Oui,96000,Orange Money,187,61,9,2737,59,0,0,0,Service client reactif et efficace.,Non
CLI03355,Labé,Homme,23,965000,34,Prépayé,Non,Oui,32000,Orange Money,250,95,1,2397,7,0,0,0,Rien de particulier a signaler.,Non
CLI03356,Faranah,Homme,32,578000,5,Postpayé,Non,Oui,45000,Espèces,207,127,4,3109,38,2,0,0,"Bon rapport qualite prix, je recommande.",Non
CLI03357,N'Zérékoré,Homme,41,786000,28,Prépayé,Non,Oui,39000,Orange Money,362,105,4,3141,9,1,0,0,Facturation incorrecte plusieurs fois de suite.,Oui
CLI03358,Conakry,Homme,40,846000,15,Prépayé,Non,Non,53000,Orange Money,217,84,0,2359,17,2,0,2,Tres satisfait du reseau et du service.,Non
CLI03359,Faranah,Femme,28,569000,3,Prépayé,Non,Oui,22000,Orange Money,255,89,1,4201,7,0,0,0,Rien de particulier a signaler.,Oui
CLI03360,Kindia,Femme,40,884000,21,Prépayé,Non,Non,72000,Orange Money,182,83,1,494,6,1,2,0,"Bon rapport qualite prix, je recommande.",Non
CLI03361,Faranah,Femme,18,895000,25,Prépayé,Non,Oui,79000,Virement bancaire,101,56,0,2914,1,1,0,3,Offres interessantes et service fiable.,Non
CLI03362,Labé,Femme,33,548000,3,Prépayé,Non,Oui,42000,Espèces,200,18,2,2070,67,0,0,8,Rien de particulier a signaler.,Non
CLI03363,Kankan,Homme,48,300000,1,Postpayé,Non,Oui,25000,Espèces,176,74,6,3887,23,1,2,4,Facturation incorrecte plusieurs fois de suite.,Oui
CLI03364,Conakry,Homme,33,1012000,38,Prépayé,Oui,Oui,65000,Carte bancaire,161,89,25,2737,53,1,0,3,Service correct dans l'ensemble.,Non
CLI03365,N'Zérékoré,Femme,29,923000,11,Prépayé,Non,Non,43000,Orange Money,189,100,1,2988,4,2,0,1,Rien de particulier a signaler.,Non
CLI03366,Kindia,Homme,47,637000,12,Prépayé,Non,Oui,28000,Orange Money,154,13,1,2692,120,0,1,0,Offres interessantes et service fiable.,Non
CLI03367,Kankan,Femme,48,1068000,84,Prépayé,Non,Non,42000,Orange Money,155,74,2,437,14,0,0,0,Offres interessantes et service fiable.,Non
CLI03368,Conakry,Femme,35,745000,15,Prépayé,Non,Oui,57000,Espèces,223,83,2,2378,17,1,0,2,Content de la couverture reseau dans ma zone.,Non
CLI03369,Conakry,Homme,18,300000,42,Prépayé,Non,Non,25000,Carte bancaire,244,106,2,3553,38,3,0,0,Service client reactif et efficace.,Non
CLI03370,Kindia,Homme,42,664000,13,Illimité,Non,Oui,27000,Espèces,111,48,2,3665,9,0,2,5,Trop cher par rapport a la qualite recue.,Oui
CLI03371,Mamou,Femme,54,308000,10,Prépayé,Non,Oui,15000,Espèces,198,42,5,1817,19,1,1,3,Service correct dans l'ensemble.,Oui
CLI03372,N'Zérékoré,Femme,24,1077000,27,Prépayé,Non,Oui,81000,Orange Money,218,121,5,633,10,0,0,0,"Bon rapport qualite prix, je recommande.",Non
CLI03373,Boké,Homme,59,324000,2,Illimité,Non,Oui,24000,Espèces,162,66,0,2616,38,0,0,3,Content de la couverture reseau dans ma zone.,Non
CLI03374,Kindia,Homme,25,631000,42,Prépayé,Non,Non,47000,Espèces,127,25,2,1804,15,2,0,3,Service client reactif et efficace.,Non
CLI03375,N'Zérékoré,Femme,46,499000,96,Postpayé,Non,Non,21000,Orange Money,147,56,1,4815,7,3,1,0,Content de la couverture reseau dans ma zone.,Non
CLI03376,Faranah,Femme,45,533000,5,Prépayé,Oui,Oui,40000,Virement bancaire,213,97,0,777,11,0,0,2,Service client reactif et efficace.,Non
CLI03377,Boké,Femme,43,1234000,21,Prépayé,Non,Non,98000,Carte bancaire,144,100,4,2031,15,1,1,0,"Je pense changer d'operateur, trop de pannes.",Oui
CLI03378,Mamou,Femme,26,496000,19,Illimité,Non,Oui,34000,Espèces,136,117,1,3426,1,0,1,0,Rien de particulier a signaler.,Non
CLI03379,Conakry,Homme,43,661000,12,Prépayé,Non,Oui,51000,Virement bancaire,183,100,8,3603,28,1,1,16,"Utilisation standard, pas de souci majeur.",Oui
CLI03380,Boké,Femme,19,919000,15,Prépayé,Non,Non,62000,Espèces,252,84,4,4248,5,1,0,0,Content de la couverture reseau dans ma zone.,Non
CLI03381,Kindia,Femme,34,488000,7,Postpayé,Non,Oui,29000,Orange Money,180,34,3,3947,57,2,0,0,"Utilisation standard, pas de souci majeur.",Oui
CLI03382,Conakry,Femme,34,369000,95,Prépayé,Non,Oui,13000,Carte bancaire,84,139,3,2459,31,2,0,0,Offres interessantes et service fiable.,Non
CLI03383,Conakry,Homme,35,649000,65,Prépayé,Non,Non,37000,Espèces,186,140,2,1569,82,0,0,9,Rien de particulier a signaler.,Non
CLI03384,Conakry,Femme,22,829000,11,Prépayé,Oui,Non,58000,Orange Money,201,75,35,2532,10,1,0,1,"Utilisation standard, pas de souci majeur.",Non
CLI03385,Kankan,Femme,26,421000,1,Prépayé,Non,Non,37000,Espèces,147,94,7,1781,61,2,1,5,Facturation incorrecte plusieurs fois de suite.,Oui
CLI03386,Faranah,Femme,18,318000,4,Prépayé,Non,Oui,27000,Orange Money,141,72,1,2722,5,1,2,3,"Utilisation standard, pas de souci majeur.",Oui
CLI03387,Boké,Femme,54,607000,31,Prépayé,Non,Non,37000,Orange Money,143,63,10,1175,5,5,0,0,Le service client ne repond jamais rapidement.,Oui
CLI03388,Kankan,Femme,37,375000,83,Prépayé,Non,Oui,15000,Espèces,203,99,1,2149,33,0,1,3,"Bon rapport qualite prix, je recommande.",Non
CLI03389,Conakry,Homme,27,1192000,10,Prépayé,Non,Non,79000,Carte bancaire,211,85,3,2564,13,0,0,2,Trop cher par rapport a la qualite recue.,Oui
CLI03390,Faranah,Femme,37,824000,42,Postpayé,Non,Non,29000,Orange Money,274,96,4,2157,6,1,2,0,Rien de particulier a signaler.,Non
CLI03391,Faranah,Femme,34,1648000,19,Prépayé,Non,Oui,80000,Espèces,145,122,14,3205,66,2,1,2,Tres satisfait du reseau et du service.,Non
CLI03392,Conakry,Homme,52,655000,25,Postpayé,Non,Oui,49000,Orange Money,144,143,4,1206,4,2,0,9,Le service client ne repond jamais rapidement.,Oui
CLI03393,Kankan,Homme,28,757000,56,Illimité,Non,Oui,39000,Virement bancaire,120,48,4,2193,2,0,0,8,"Bon rapport qualite prix, je recommande.",Non
CLI03394,Kankan,Homme,47,863000,31,Postpayé,Non,Oui,50000,Orange Money,226,88,1,1240,16,0,3,4,Content de la couverture reseau dans ma zone.,Non
CLI03395,Boké,Homme,18,1146000,30,Postpayé,Non,Oui,72000,Carte bancaire,203,56,1,2743,7,1,1,1,Service correct dans l'ensemble.,Non
CLI03396,Boké,Femme,33,433000,71,Prépayé,Oui,Non,16000,Orange Money,265,63,25,3050,21,2,0,6,"Bon rapport qualite prix, je recommande.",Non
CLI03397,Labé,Homme,40,516000,34,Prépayé,Non,Oui,18000,Espèces,110,82,2,1774,0,0,1,0,Le forfait ne correspond plus a mes besoins.,Oui
CLI03398,Boké,Femme,32,609000,5,Prépayé,Non,Non,37000,Orange Money,215,51,3,3302,23,1,1,5,"Utilisation standard, pas de souci majeur.",Oui
CLI03399,Conakry,Homme,45,422000,21,Postpayé,Oui,Non,28000,Carte bancaire,210,115,29,2856,27,1,0,0,Rien de particulier a signaler.,Non
CLI03400,Boké,Femme,36,3554000,5,Prépayé,Oui,Oui,218000,Orange Money,135,114,58,3731,41,2,0,4,Service correct dans l'ensemble.,Non
CLI03401,Kankan,Femme,28,784000,28,Postpayé,Non,Oui,58000,Orange Money,147,74,5,3360,4,1,0,0,Service client reactif et efficace.,Non
CLI03402,Labé,Homme,29,1008000,1,Postpayé,Non,Oui,68000,Espèces,179,113,4,1350,9,2,0,0,Offres interessantes et service fiable.,Non
CLI03403,Conakry,Homme,49,1699000,23,Prépayé,Non,Non,66000,Orange Money,271,51,8,4537,5,1,0,0,Tres decu par la qualite du reseau en ce moment.,Oui
CLI03404,N'Zérékoré,Homme,34,675000,9,Postpayé,Non,Non,49000,Carte bancaire,243,157,5,2786,1,2,1,5,"Je pense changer d'operateur, trop de pannes.",Oui
CLI03405,Boké,Femme,31,542000,96,Prépayé,Non,Non,39000,Espèces,167,167,2,2510,0,0,2,0,Service client reactif et efficace.,Non
CLI03406,Conakry,Femme,18,787000,55,Prépayé,Non,Non,60000,Orange Money,209,107,2,2234,32,3,0,1,Le service client ne repond jamais rapidement.,Oui
CLI03407,Labé,Homme,19,464000,38,Illimité,Oui,Non,25000,Orange Money,229,76,60,3560,5,0,1,0,Tres satisfait du reseau et du service.,Non
CLI03408,Conakry,Homme,24,765000,5,Prépayé,Oui,Non,34000,Espèces,135,70,28,1249,1,2,0,2,"Utilisation standard, pas de souci majeur.",Non
CLI03409,Mamou,Femme,41,436000,12,Postpayé,Non,Oui,17000,Orange Money,158,69,7,2330,23,2,0,5,Service correct dans l'ensemble.,Non
CLI03410,Mamou,Homme,47,559000,17,Postpayé,Non,Oui,48000,Espèces,171,149,0,2034,16,0,0,0,Aucun probleme depuis mon inscription.,Non
CLI03411,Conakry,Femme,27,649000,18,Postpayé,Non,Non,56000,Espèces,281,98,0,2861,16,1,0,0,Content de la couverture reseau dans ma zone.,Non
CLI03412,Kindia,Femme,57,872000,14,Prépayé,Oui,Oui,61000,Espèces,113,127,68,966,132,2,1,1,Rien de particulier a signaler.,Non
CLI03413,Labé,Femme,36,532000,29,Postpayé,Oui,Non,33000,Orange Money,161,125,64,2195,3,2,0,0,Le service client ne repond jamais rapidement.,Oui
CLI03414,Conakry,Femme,36,628000,25,Prépayé,Non,Non,33000,Orange Money,202,53,6,2035,15,2,2,2,Aucune reponse a mes reclamations depuis un mois.,Oui
CLI03415,Kankan,Homme,37,880000,44,Prépayé,Oui,Non,70000,Espèces,192,150,44,1887,49,3,0,7,Tres satisfait du reseau et du service.,Non
CLI03416,Faranah,Homme,25,890000,1,Prépayé,Non,Oui,57000,Espèces,137,167,3,2625,140,0,2,0,Aucun probleme depuis mon inscription.,Non
CLI03417,Conakry,Homme,45,623000,1,Postpayé,Non,Non,53000,Orange Money,101,140,1,2592,8,2,1,10,Aucune reponse a mes reclamations depuis un mois.,Oui
CLI03418,Labé,Homme,36,796000,49,Prépayé,Non,Oui,27000,Orange Money,137,151,2,881,30,3,1,2,"Je pense changer d'operateur, trop de pannes.",Oui
CLI03419,Labé,Femme,42,733000,30,Prépayé,Non,Oui,62000,Espèces,206,63,7,4128,19,3,1,0,"Utilisation standard, pas de souci majeur.",Oui
CLI03420,Kindia,Homme,18,706000,30,Prépayé,Non,Oui,37000,Orange Money,182,129,2,1888,64,1,0,0,Tres satisfait du reseau et du service.,Non
CLI03421,Mamou,Homme,19,832000,63,Postpayé,Non,Oui,49000,Orange Money,201,111,1,473,53,0,0,1,Tres satisfait du reseau et du service.,Non
CLI03422,Boké,Femme,43,806000,1,Postpayé,Non,Non,24000,Orange Money,182,71,0,3432,61,3,0,0,Tres satisfait du reseau et du service.,Non
CLI03423,Boké,Homme,50,1092000,39,Illimité,Non,Oui,96000,Carte bancaire,109,121,1,2281,35,2,1,0,"Utilisation standard, pas de souci majeur.",Non
CLI03424,Kindia,Femme,32,890000,15,Prépayé,Non,Oui,40000,Espèces,117,37,0,4011,3,2,1,21,Le service client ne repond jamais rapidement.,Oui
CLI03425,Labé,Homme,32,567000,18,Postpayé,Oui,Oui,20000,Espèces,299,120,54,1915,40,0,0,3,Tres satisfait du reseau et du service.,Non
CLI03426,Conakry,Homme,34,915000,22,Prépayé,Oui,Oui,47000,Orange Money,170,95,15,2275,58,1,0,0,Aucun probleme depuis mon inscription.,Non
CLI03427,Labé,Homme,29,523000,9,Illimité,Oui,Oui,44000,Orange Money,185,84,46,4267,3,1,2,0,Service correct dans l'ensemble.,Non
CLI03428,Conakry,Homme,22,659000,8,Prépayé,Non,Oui,52000,Orange Money,307,73,3,3017,64,1,0,2,Content de la couverture reseau dans ma zone.,Non
CLI03429,Conakry,Homme,22,599000,18,Postpayé,Non,Non,40000,Carte bancaire,151,66,1,629,59,1,0,0,"Utilisation standard, pas de souci majeur.",Non
CLI03430,Kankan,Homme,49,766000,11,Postpayé,Non,Oui,28000,Espèces,162,94,1,2146,23,2,1,14,Le forfait ne correspond plus a mes besoins.,Oui
CLI03431,Conakry,Homme,28,1265000,4,Postpayé,Non,Non,91000,Espèces,212,47,0,1058,8,2,0,0,Rien de particulier a signaler.,Non
CLI03432,Mamou,Femme,43,1514000,4,Postpayé,Non,Non,55000,Espèces,130,141,1,523,5,0,0,0,Service client reactif et efficace.,Non
CLI03433,Conakry,Homme,18,1316000,3,Prépayé,Oui,Oui,51000,Orange Money,131,102,20,4907,1,2,0,1,"Utilisation standard, pas de souci majeur.",Non
CLI03434,N'Zérékoré,Homme,41,421000,13,Prépayé,Non,Non,26000,Orange Money,199,63,0,3034,25,0,1,8,Offres interessantes et service fiable.,Non
CLI03435,N'Zérékoré,Homme,48,803000,58,Postpayé,Oui,Oui,58000,Espèces,135,0,48,1168,12,2,1,3,Service correct dans l'ensemble.,Non
CLI03436,Kindia,Femme,31,781000,28,Prépayé,Non,Non,32000,Espèces,228,108,5,2281,51,1,1,1,Service correct dans l'ensemble.,Non
CLI03437,N'Zérékoré,Femme,46,332000,1,Postpayé,Oui,Oui,21000,Espèces,122,70,54,2250,12,0,0,2,Tres satisfait du reseau et du service.,Non
CLI03438,N'Zérékoré,Homme,38,1540000,22,Prépayé,Non,Oui,82000,Orange Money,166,62,0,2314,2,2,1,0,Offres interessantes et service fiable.,Non
CLI03439,Conakry,Homme,61,752000,10,Prépayé,Non,Oui,35000,Espèces,166,96,2,4205,28,0,0,0,"Utilisation standard, pas de souci majeur.",Non
CLI03440,Kindia,Femme,32,1645000,27,Postpayé,Oui,Non,80000,Orange Money,268,82,39,3666,33,1,0,14,Offres interessantes et service fiable.,Non
CLI03441,Conakry,Homme,32,799000,34,Prépayé,Non,Oui,44000,Orange Money,213,72,2,3964,19,2,0,0,"Je pense changer d'operateur, trop de pannes.",Oui
CLI03442,Conakry,Femme,23,850000,9,Prépayé,Non,Non,54000,Orange Money,145,67,3,1261,5,1,0,5,Rien de particulier a signaler.,Non
CLI03443,Labé,Femme,33,627000,46,Postpayé,Oui,Non,40000,Orange Money,276,58,16,2343,54,0,0,0,Tres satisfait du reseau et du service.,Non
CLI03444,Boké,Homme,43,1008000,4,Postpayé,Non,Oui,31000,Espèces,210,98,0,2899,0,0,0,2,"Utilisation standard, pas de souci majeur.",Non
CLI03445,Boké,Homme,26,1115000,14,Prépayé,Non,Non,41000,Orange Money,124,95,7,2200,18,5,1,0,Le service client ne repond jamais rapidement.,Oui
CLI03446,Conakry,Homme,49,732000,8,Prépayé,Non,Non,32000,Espèces,176,139,1,2138,23,2,0,0,Service client reactif et efficace.,Non
CLI03447,Labé,Homme,29,615000,1,Prépayé,Non,Non,26000,Orange Money,166,46,1,2305,16,2,2,0,Offres interessantes et service fiable.,Non
CLI03448,N'Zérékoré,Femme,37,311000,19,Prépayé,Non,Oui,19000,Orange Money,149,17,0,5168,7,1,0,9,"Utilisation standard, pas de souci majeur.",Oui
CLI03449,Kindia,Homme,49,493000,2,Prépayé,Non,Non,20000,Orange Money,202,79,3,4142,8,0,0,0,Aucun probleme depuis mon inscription.,Non
CLI03450,Mamou,Homme,28,2891000,93,Postpayé,Non,Oui,153000,Orange Money,233,50,1,3772,13,1,1,0,"Bon rapport qualite prix, je recommande.",Non
CLI03451,Conakry,Femme,36,564000,3,Prépayé,Non,Oui,17000,Orange Money,161,89,3,1589,49,0,0,0,Tres satisfait du reseau et du service.,Non
CLI03452,Faranah,Femme,32,419000,57,Prépayé,Non,Oui,32000,Virement bancaire,233,87,6,4569,16,4,1,6,Trop cher par rapport a la qualite recue.,Oui
CLI03453,Labé,Femme,26,1334000,55,Prépayé,Non,Non,59000,Carte bancaire,240,90,6,4423,7,2,0,0,Offres interessantes et service fiable.,Non
CLI03454,N'Zérékoré,Femme,41,2863000,13,Illimité,Oui,Oui,141000,Orange Money,74,13,29,3805,7,1,2,1,"Utilisation standard, pas de souci majeur.",Non
CLI03455,Conakry,Femme,18,560000,34,Prépayé,Non,Oui,43000,Orange Money,92,58,2,3943,11,1,0,4,Service client reactif et efficace.,Non
CLI03456,Mamou,Homme,23,861000,96,Prépayé,Non,Oui,67000,Orange Money,81,61,9,3041,1,2,0,5,Service client reactif et efficace.,Non
CLI03457,Boké,Homme,33,987000,18,Postpayé,Non,Oui,75000,Orange Money,183,64,5,50,8,0,0,0,Service correct dans l'ensemble.,Oui
CLI03458,Kindia,Femme,38,1020000,14,Prépayé,Non,Oui,36000,Espèces,69,89,1,50,9,1,1,11,Service client reactif et efficace.,Non
CLI03459,Kindia,Femme,25,1258000,12,Postpayé,Non,Oui,94000,Espèces,205,149,2,2223,43,0,0,0,Service client reactif et efficace.,Non
CLI03460,N'Zérékoré,Femme,20,623000,60,Prépayé,Non,Non,46000,Orange Money,165,120,0,4309,35,1,0,0,"Bon rapport qualite prix, je recommande.",Non
CLI03461,Conakry,Homme,52,351000,2,Prépayé,Oui,Non,24000,Orange Money,180,80,55,2587,12,0,0,0,"Bon rapport qualite prix, je recommande.",Non
CLI03462,Mamou,Homme,41,834000,10,Postpayé,Oui,Oui,29000,Orange Money,170,33,51,2959,11,2,1,0,Aucune reponse a mes reclamations depuis un mois.,Oui
CLI03463,Conakry,Femme,41,438000,16,Prépayé,Oui,Non,27000,Orange Money,271,138,56,1103,89,0,1,1,Offres interessantes et service fiable.,Non
CLI03464,N'Zérékoré,Femme,36,976000,3,Prépayé,Non,Oui,76000,Orange Money,138,57,0,3422,7,0,0,0,"Utilisation standard, pas de souci majeur.",Oui
CLI03465,Kankan,Homme,47,569000,2,Prépayé,Non,Oui,18000,Espèces,218,80,3,2916,31,1,0,0,Content de la couverture reseau dans ma zone.,Non
CLI03466,Mamou,Femme,38,340000,6,Postpayé,Non,Non,30000,Orange Money,215,75,1,3098,4,2,0,6,Service client reactif et efficace.,Non
CLI03467,Labé,Homme,20,1034000,26,Illimité,Non,Oui,42000,Orange Money,120,104,1,2984,8,0,0,0,Rien de particulier a signaler.,Non
CLI03468,Kindia,Homme,35,961000,3,Prépayé,Non,Non,63000,Espèces,47,150,0,905,41,0,1,12,Le forfait ne correspond plus a mes besoins.,Oui
CLI03469,Boké,Femme,45,1224000,26,Prépayé,Non,Non,54000,Carte bancaire,142,57,3,5016,12,1,0,25,Service client reactif et efficace.,Non
CLI03470,Mamou,Homme,18,380000,7,Postpayé,Oui,Non,24000,Orange Money,201,136,30,4050,11,1,0,0,"Utilisation standard, pas de souci majeur.",Non
CLI03471,Boké,Femme,28,460000,5,Prépayé,Non,Non,33000,Carte bancaire,148,127,2,1259,26,1,1,3,Le forfait ne correspond plus a mes besoins.,Oui
CLI03472,Kankan,Homme,35,765000,23,Postpayé,Non,Oui,51000,Espèces,160,104,1,2162,2,1,1,0,Service client reactif et efficace.,Non
CLI03473,Kindia,Homme,35,812000,13,Postpayé,Non,Oui,30000,Virement bancaire,81,138,2,3119,13,0,0,0,"Bon rapport qualite prix, je recommande.",Non
CLI03474,Kankan,Homme,28,1147000,16,Illimité,Non,Oui,98000,Orange Money,235,114,1,2758,27,1,0,0,Service client reactif et efficace.,Non
CLI03475,Kindia,Femme,37,321000,10,Prépayé,Non,Oui,18000,Orange Money,211,91,2,1053,74,0,1,5,"Bon rapport qualite prix, je recommande.",Non
CLI03476,Conakry,Homme,38,445000,40,Illimité,Non,Non,39000,Orange Money,153,32,0,50,0,1,0,2,Tres satisfait du reseau et du service.,Non
CLI03477,Conakry,Femme,55,1419000,8,Postpayé,Non,Non,93000,Espèces,224,68,2,1023,26,2,0,0,Service correct dans l'ensemble.,Oui
CLI03478,Conakry,Homme,26,940000,20,Illimité,Non,Oui,51000,Orange Money,59,64,1,704,36,2,1,0,Le service client ne repond jamais rapidement.,Oui
CLI03479,N'Zérékoré,Homme,34,344000,47,Prépayé,Non,Non,19000,Orange Money,172,120,3,1170,20,1,0,4,Tres satisfait du reseau et du service.,Non
CLI03480,Kankan,Femme,23,966000,33,Prépayé,Oui,Oui,50000,Orange Money,151,109,0,6046,39,1,1,5,Tres decu par la qualite du reseau en ce moment.,Oui
CLI03481,Faranah,Homme,47,1942000,44,Prépayé,Non,Oui,89000,Carte bancaire,155,47,1,2970,3,2,0,0,Tres satisfait du reseau et du service.,Non
CLI03482,Kindia,Homme,39,630000,96,Illimité,Non,Oui,42000,Espèces,111,93,4,2166,6,1,0,0,Content de la couverture reseau dans ma zone.,Non
CLI03483,Conakry,Homme,41,642000,13,Prépayé,Non,Oui,23000,Orange Money,261,146,0,4276,3,1,0,1,Aucun probleme depuis mon inscription.,Non
CLI03484,Kindia,Femme,40,528000,28,Postpayé,Non,Oui,45000,Espèces,128,87,4,2679,61,0,0,10,Le service client ne repond jamais rapidement.,Oui
CLI03485,Mamou,Femme,54,964000,4,Prépayé,Non,Non,61000,Orange Money,120,89,0,3178,11,1,0,8,Tres satisfait du reseau et du service.,Non
CLI03486,Conakry,Femme,31,839000,18,Prépayé,Non,Non,54000,Orange Money,160,87,1,3060,21,1,0,8,Trop de coupures de reseau ces derniers temps.,Oui
CLI03487,Labé,Femme,37,541000,15,Prépayé,Non,Oui,31000,Orange Money,79,71,1,2866,30,1,0,0,Trop cher par rapport a la qualite recue.,Oui
CLI03488,Kindia,Homme,40,692000,3,Prépayé,Oui,Oui,57000,Orange Money,194,60,44,4684,6,2,0,0,Rien de particulier a signaler.,Oui
CLI03489,Faranah,Femme,23,798000,5,Prépayé,Non,Oui,40000,Carte bancaire,191,50,2,3402,45,1,2,1,"Utilisation standard, pas de souci majeur.",Non
CLI03490,Mamou,Homme,18,1713000,34,Prépayé,Non,Oui,86000,Orange Money,263,60,1,2424,41,2,0,11,"Bon rapport qualite prix, je recommande.",Non
CLI03491,Conakry,Femme,43,1014000,3,Prépayé,Non,Non,38000,Espèces,158,114,1,3089,1,0,0,2,Aucun probleme depuis mon inscription.,Non
CLI03492,Kindia,Homme,36,949000,96,Prépayé,Non,Non,47000,Orange Money,143,112,7,2382,1,1,0,0,Content de la couverture reseau dans ma zone.,Non
CLI03493,Kankan,Femme,43,1174000,19,Postpayé,Oui,Oui,66000,Espèces,243,127,37,3727,13,2,0,4,"Utilisation standard, pas de souci majeur.",Non
CLI03494,Kankan,Femme,34,1147000,24,Prépayé,Non,Non,88000,Orange Money,164,61,6,2864,93,0,1,6,Aucun probleme depuis mon inscription.,Non
CLI03495,Labé,Femme,32,753000,12,Illimité,Non,Non,45000,Virement bancaire,256,28,0,3152,1,4,1,1,Le forfait ne correspond plus a mes besoins.,Oui
CLI03496,Kankan,Femme,32,993000,5,Prépayé,Non,Non,32000,Carte bancaire,149,112,3,1590,7,0,0,2,Rien de particulier a signaler.,Non
CLI03497,Conakry,Homme,37,1017000,11,Postpayé,Non,Oui,75000,Orange Money,189,169,6,2533,21,1,0,0,Service client reactif et efficace.,Non
CLI03498,Kindia,Femme,31,421000,55,Prépayé,Non,Oui,16000,Carte bancaire,237,76,0,880,13,0,0,20,"Utilisation standard, pas de souci majeur.",Oui
CLI03499,Mamou,Homme,30,488000,21,Prépayé,Non,Oui,41000,Espèces,65,106,7,3953,26,3,0,1,"Utilisation standard, pas de souci majeur.",Non
CLI03500,Conakry,Homme,48,908000,21,Illimité,Oui,Non,44000,Espèces,234,92,57,2349,24,1,1,0,Tres satisfait du reseau et du service.,Non
CLI03501,Labé,Homme,46,1035000,21,Prépayé,Non,Oui,70000,Espèces,161,97,4,3594,12,0,0,3,Aucun probleme depuis mon inscription.,Non
CLI03502,Kankan,Homme,34,1928000,42,Postpayé,Non,Oui,121000,Carte bancaire,260,79,7,4004,9,0,1,7,"Bon rapport qualite prix, je recommande.",Non
CLI03503,Conakry,Homme,52,712000,47,Prépayé,Non,Oui,48000,Espèces,92,76,3,1699,53,2,1,8,Offres interessantes et service fiable.,Non
CLI03504,Conakry,Homme,29,2628000,23,Prépayé,Oui,Non,113000,Orange Money,221,47,0,1351,22,3,0,4,Offres interessantes et service fiable.,Non
CLI03505,Mamou,Femme,45,682000,49,Prépayé,Non,Oui,50000,Espèces,159,55,2,3894,22,0,0,0,"Utilisation standard, pas de souci majeur.",Non
CLI03506,Mamou,Femme,46,386000,1,Prépayé,Non,Oui,23000,Espèces,288,129,0,1314,28,1,0,0,Tres satisfait du reseau et du service.,Non
CLI03507,Conakry,Homme,32,1574000,10,Prépayé,Non,Oui,120000,Carte bancaire,310,79,1,3400,23,2,0,5,"Utilisation standard, pas de souci majeur.",Oui
CLI03508,Kindia,Femme,53,1093000,34,Prépayé,Oui,Oui,67000,Carte bancaire,214,58,57,4790,18,1,0,0,Offres interessantes et service fiable.,Non
CLI03509,Kindia,Femme,22,1108000,5,Postpayé,Non,Non,80000,Orange Money,218,96,2,3588,5,1,1,15,Facturation incorrecte plusieurs fois de suite.,Oui
CLI03510,Conakry,Homme,34,579000,11,Postpayé,Oui,Oui,39000,Carte bancaire,162,44,44,1959,37,2,0,10,Aucun probleme depuis mon inscription.,Non
CLI03511,Faranah,Homme,29,1303000,2,Illimité,Oui,Non,99000,Orange Money,175,94,64,2355,23,0,1,0,Service correct dans l'ensemble.,Non
CLI03512,Conakry,Homme,50,899000,9,Prépayé,Non,Non,59000,Orange Money,180,115,0,2873,16,2,1,0,Service client reactif et efficace.,Non
CLI03513,Kankan,Femme,38,749000,59,Prépayé,Non,Non,66000,Carte bancaire,186,118,4,1616,54,1,2,1,Offres interessantes et service fiable.,Non
CLI03514,Mamou,Homme,27,540000,17,Postpayé,Non,Oui,16000,Orange Money,234,101,3,2133,45,1,1,2,"Bon rapport qualite prix, je recommande.",Non
CLI03515,Conakry,Homme,33,1247000,37,Postpayé,Non,Non,71000,Virement bancaire,184,104,0,737,42,0,1,0,"Bon rapport qualite prix, je recommande.",Non
CLI03516,Faranah,Femme,27,1584000,4,Postpayé,Non,Oui,76000,Orange Money,205,97,2,3839,47,0,0,1,Tres decu par la qualite du reseau en ce moment.,Oui
CLI03517,Conakry,Homme,46,392000,1,Prépayé,Non,Non,29000,Orange Money,135,126,3,1932,8,0,1,6,Tres satisfait du reseau et du service.,Non
CLI03518,Mamou,Homme,26,562000,36,Prépayé,Non,Non,28000,Espèces,310,34,8,2945,93,1,1,0,"Utilisation standard, pas de souci majeur.",Non
CLI03519,Conakry,Femme,26,637000,50,Postpayé,Non,Non,21000,Virement bancaire,199,50,10,2911,96,2,0,6,Rien de particulier a signaler.,Non
CLI03520,Labé,Femme,39,755000,19,Prépayé,Non,Non,45000,Virement bancaire,244,115,1,3708,30,1,0,0,"Utilisation standard, pas de souci majeur.",Non
CLI03521,Boké,Homme,29,300000,6,Prépayé,Non,Oui,19000,Orange Money,285,21,0,3100,19,0,0,0,Content de la couverture reseau dans ma zone.,Non
CLI03522,Labé,Femme,37,754000,12,Illimité,Non,Non,52000,Orange Money,189,81,3,3896,7,2,0,0,Aucun probleme depuis mon inscription.,Non
CLI03523,Faranah,Femme,36,1737000,11,Prépayé,Oui,Non,76000,Orange Money,239,108,49,3315,14,0,0,3,Aucun probleme depuis mon inscription.,Non
CLI03524,Faranah,Homme,29,300000,16,Postpayé,Non,Oui,19000,Orange Money,102,166,1,1193,6,3,0,5,"Bon rapport qualite prix, je recommande.",Non
CLI03525,Conakry,Femme,18,576000,3,Prépayé,Non,Non,52000,Espèces,223,3,5,2197,7,1,0,0,Aucun probleme depuis mon inscription.,Non
CLI03526,Conakry,Femme,18,399000,12,Postpayé,Non,Oui,26000,Carte bancaire,192,74,3,1356,8,0,1,1,Tres satisfait du reseau et du service.,Non
CLI03527,N'Zérékoré,Femme,36,475000,49,Prépayé,Non,Oui,34000,Espèces,188,47,5,770,25,1,0,0,"Utilisation standard, pas de souci majeur.",Non
CLI03528,Boké,Femme,31,471000,25,Prépayé,Non,Oui,37000,Carte bancaire,76,97,6,1141,5,2,0,11,"Utilisation standard, pas de souci majeur.",Non
CLI03529,Kankan,Homme,40,716000,22,Prépayé,Non,Non,60000,Orange Money,243,90,3,2851,11,1,0,1,Le forfait ne correspond plus a mes besoins.,Oui
CLI03530,Labé,Femme,36,835000,96,Prépayé,Non,Non,30000,Orange Money,157,141,1,2092,25,1,0,0,Content de la couverture reseau dans ma zone.,Non
CLI03531,Kankan,Homme,33,627000,2,Prépayé,Oui,Oui,49000,Orange Money,222,108,83,4027,7,3,1,1,Service correct dans l'ensemble.,Oui
CLI03532,Conakry,Femme,30,571000,66,Postpayé,Non,Non,19000,Espèces,218,33,8,89,16,0,0,7,Aucun probleme depuis mon inscription.,Non
CLI03533,Boké,Homme,43,300000,69,Prépayé,Non,Non,21000,Carte bancaire,172,136,4,4330,14,1,0,0,Tres decu par la qualite du reseau en ce moment.,Oui
CLI03534,Faranah,Femme,18,697000,35,Prépayé,Non,Oui,49000,Carte bancaire,156,66,8,1588,14,0,0,2,"Bon rapport qualite prix, je recommande.",Non
CLI03535,Kindia,Homme,18,844000,35,Prépayé,Non,Non,65000,Espèces,187,41,7,3649,9,0,0,0,"Utilisation standard, pas de souci majeur.",Non
CLI03536,Faranah,Femme,39,485000,8,Postpayé,Non,Oui,41000,Orange Money,90,130,15,931,11,0,0,0,Aucun probleme depuis mon inscription.,Non
CLI03537,Kankan,Homme,33,1191000,9,Prépayé,Non,Non,77000,Orange Money,259,108,1,648,3,2,0,0,Rien de particulier a signaler.,Non
CLI03538,Kankan,Homme,25,756000,75,Illimité,Non,Non,38000,Orange Money,268,40,1,1458,38,4,1,0,Trop de coupures de reseau ces derniers temps.,Oui
CLI03539,Conakry,Homme,28,941000,1,Prépayé,Non,Oui,56000,Espèces,229,81,2,4939,72,1,0,5,Le service client ne repond jamais rapidement.,Oui
CLI03540,N'Zérékoré,Homme,43,942000,27,Postpayé,Oui,Oui,55000,Carte bancaire,255,51,24,2497,81,0,1,0,Offres interessantes et service fiable.,Non
CLI03541,Labé,Homme,39,936000,4,Prépayé,Non,Oui,65000,Carte bancaire,156,72,1,1811,12,3,0,0,Aucune reponse a mes reclamations depuis un mois.,Oui
CLI03542,Conakry,Femme,36,300000,46,Illimité,Oui,Non,23000,Orange Money,85,20,42,2181,26,4,0,5,Aucun probleme depuis mon inscription.,Non
CLI03543,Kankan,Homme,18,416000,16,Illimité,Non,Oui,33000,Espèces,125,115,4,3642,17,0,0,3,"Utilisation standard, pas de souci majeur.",Non
CLI03544,Conakry,Homme,45,1048000,5,Postpayé,Non,Oui,78000,Orange Money,153,62,2,2677,14,1,0,0,Service correct dans l'ensemble.,Non
CLI03545,Kindia,Femme,26,573000,29,Illimité,Non,Oui,30000,Orange Money,183,32,1,2777,39,1,0,6,Tres satisfait du reseau et du service.,Non
CLI03546,Kindia,Homme,40,363000,41,Postpayé,Non,Oui,19000,Orange Money,141,27,4,1820,36,3,2,5,Le service client ne repond jamais rapidement.,Oui
CLI03547,Boké,Femme,39,300000,15,Prépayé,Oui,Oui,21000,Orange Money,200,62,33,3022,38,1,1,2,Tres decu par la qualite du reseau en ce moment.,Oui
CLI03548,Conakry,Femme,18,576000,8,Postpayé,Non,Non,22000,Espèces,35,72,4,2092,4,3,1,11,Facturation incorrecte plusieurs fois de suite.,Oui
CLI03549,Kankan,Homme,19,466000,6,Postpayé,Oui,Oui,18000,Carte bancaire,270,41,53,1868,7,1,0,3,Offres interessantes et service fiable.,Non
CLI03550,Kankan,Femme,18,410000,11,Postpayé,Non,Oui,28000,Carte bancaire,279,109,16,2440,17,1,0,1,Tres decu par la qualite du reseau en ce moment.,Oui
CLI03551,Kindia,Homme,23,300000,69,Prépayé,Non,Oui,22000,Orange Money,104,86,6,4591,6,0,2,14,Le forfait ne correspond plus a mes besoins.,Oui
CLI03552,N'Zérékoré,Femme,41,621000,6,Prépayé,Non,Non,53000,Orange Money,129,114,2,5664,16,2,0,0,Rien de particulier a signaler.,Non
CLI03553,Conakry,Homme,46,1282000,9,Prépayé,Non,Non,92000,Espèces,162,13,4,1280,14,0,1,2,Facturation incorrecte plusieurs fois de suite.,Oui
CLI03554,Conakry,Femme,37,309000,27,Prépayé,Non,Oui,12000,Virement bancaire,271,176,14,1526,13,2,0,0,Service client reactif et efficace.,Non
CLI03555,Faranah,Femme,32,319000,34,Prépayé,Non,Non,22000,Carte bancaire,193,119,1,5772,6,0,1,0,Content de la couverture reseau dans ma zone.,Non
CLI03556,Conakry,Femme,26,745000,15,Prépayé,Non,Non,47000,Carte bancaire,308,50,4,4510,55,0,0,0,Offres interessantes et service fiable.,Non
CLI03557,Conakry,Homme,50,1545000,1,Illimité,Oui,Non,118000,Carte bancaire,277,111,30,1988,2,3,1,0,Facturation incorrecte plusieurs fois de suite.,Oui
CLI03558,Conakry,Femme,34,393000,3,Illimité,Non,Non,20000,Orange Money,239,72,1,720,1,0,1,1,"Utilisation standard, pas de souci majeur.",Non
CLI03559,Kindia,Femme,25,571000,22,Illimité,Non,Non,51000,Carte bancaire,139,0,1,3376,7,1,0,0,"Utilisation standard, pas de souci majeur.",Non
CLI03560,Conakry,Femme,34,434000,15,Prépayé,Non,Oui,24000,Orange Money,74,100,9,5676,7,2,0,1,Service correct dans l'ensemble.,Non
CLI03561,Mamou,Homme,40,1010000,12,Illimité,Non,Oui,35000,Carte bancaire,147,120,6,1855,7,3,1,11,Service client reactif et efficace.,Non
CLI03562,Conakry,Homme,29,368000,12,Prépayé,Non,Oui,26000,Orange Money,184,115,6,1688,63,1,0,0,Rien de particulier a signaler.,Non
CLI03563,Boké,Homme,29,609000,19,Prépayé,Non,Non,43000,Orange Money,133,109,2,1527,21,0,1,16,Service correct dans l'ensemble.,Oui
CLI03564,Kankan,Femme,18,628000,41,Prépayé,Non,Oui,30000,Orange Money,322,12,0,4225,10,0,1,0,"Utilisation standard, pas de souci majeur.",Non
CLI03565,Labé,Homme,39,686000,54,Prépayé,Non,Oui,50000,Orange Money,115,45,1,50,52,1,0,5,Service client reactif et efficace.,Non
CLI03566,Kindia,Femme,26,2013000,10,Prépayé,Non,Non,180000,Orange Money,120,109,5,3237,1,1,0,3,Aucune reponse a mes reclamations depuis un mois.,Oui
CLI03567,Conakry,Homme,41,445000,22,Postpayé,Non,Non,22000,Virement bancaire,158,146,0,865,1,1,0,0,Aucun probleme depuis mon inscription.,Non
CLI03568,N'Zérékoré,Femme,35,740000,3,Prépayé,Non,Non,32000,Orange Money,134,46,0,2237,6,0,1,1,Aucun probleme depuis mon inscription.,Non
CLI03569,Conakry,Femme,36,427000,6,Prépayé,Non,Oui,33000,Espèces,149,111,0,2077,31,0,0,3,Rien de particulier a signaler.,Non
CLI03570,Boké,Femme,27,877000,2,Prépayé,Non,Non,63000,Espèces,141,38,3,3395,14,2,0,0,"Utilisation standard, pas de souci majeur.",Non
CLI03571,Kindia,Homme,39,300000,96,Prépayé,Oui,Non,18000,Espèces,176,83,70,739,28,3,0,1,Service client reactif et efficace.,Non
CLI03572,Faranah,Femme,21,1529000,31,Prépayé,Non,Oui,132000,Orange Money,245,82,1,2564,60,1,1,3,Tres satisfait du reseau et du service.,Non
CLI03573,Labé,Homme,36,408000,36,Postpayé,Non,Non,23000,Orange Money,220,127,2,3168,22,0,1,8,Aucun probleme depuis mon inscription.,Non
CLI03574,N'Zérékoré,Femme,50,436000,3,Prépayé,Non,Non,30000,Carte bancaire,158,82,0,2575,200,1,1,0,Aucun probleme depuis mon inscription.,Non
CLI03575,N'Zérékoré,Femme,58,805000,23,Prépayé,Non,Oui,49000,Orange Money,178,61,7,3462,75,0,0,0,"Utilisation standard, pas de souci majeur.",Non
CLI03576,Faranah,Femme,22,1482000,7,Prépayé,Non,Non,57000,Orange Money,141,43,1,3791,33,0,0,6,Le service client ne repond jamais rapidement.,Oui
CLI03577,Boké,Homme,39,769000,2,Prépayé,Non,Non,45000,Virement bancaire,209,57,9,1721,13,0,0,1,Rien de particulier a signaler.,Non
CLI03578,Labé,Femme,34,718000,5,Postpayé,Non,Non,32000,Orange Money,211,31,7,3458,13,1,1,0,Content de la couverture reseau dans ma zone.,Non
CLI03579,N'Zérékoré,Homme,30,812000,6,Prépayé,Non,Non,53000,Carte bancaire,178,121,0,2381,4,0,0,2,"Bon rapport qualite prix, je recommande.",Non
CLI03580,Faranah,Femme,43,300000,58,Prépayé,Non,Oui,12000,Virement bancaire,182,109,3,4286,1,1,1,3,Aucune reponse a mes reclamations depuis un mois.,Oui
CLI03581,Faranah,Homme,20,404000,13,Prépayé,Non,Non,24000,Espèces,258,53,16,1281,6,1,3,0,Le service client ne repond jamais rapidement.,Oui
CLI03582,N'Zérékoré,Femme,40,454000,1,Prépayé,Non,Oui,19000,Orange Money,120,8,4,2514,12,0,2,0,Tres decu par la qualite du reseau en ce moment.,Oui
CLI03583,Kindia,Homme,24,588000,34,Prépayé,Non,Non,27000,Orange Money,251,74,3,1338,3,1,0,2,Service correct dans l'ensemble.,Non
CLI03584,Kankan,Homme,49,1765000,30,Prépayé,Non,Oui,83000,Orange Money,294,21,0,2299,14,0,1,6,Offres interessantes et service fiable.,Non
CLI03585,Faranah,Homme,37,1078000,54,Prépayé,Non,Non,67000,Carte bancaire,81,143,0,2172,32,3,2,6,"Utilisation standard, pas de souci majeur.",Non
CLI03586,Kindia,Homme,61,804000,3,Prépayé,Non,Oui,64000,Orange Money,81,96,14,1776,13,2,0,0,"Bon rapport qualite prix, je recommande.",Non
CLI03587,Faranah,Femme,47,897000,8,Prépayé,Non,Oui,72000,Orange Money,133,14,0,575,42,2,0,0,Service correct dans l'ensemble.,Non
CLI03588,Conakry,Homme,36,1172000,2,Prépayé,Non,Non,97000,Orange Money,152,53,1,2310,2,0,0,2,Service correct dans l'ensemble.,Non
CLI03589,Conakry,Femme,20,554000,8,Postpayé,Non,Oui,27000,Espèces,238,84,5,3667,7,2,0,0,Service correct dans l'ensemble.,Non
CLI03590,Kankan,Femme,18,1073000,1,Prépayé,Non,Non,70000,Carte bancaire,146,23,10,5303,31,1,0,7,Service correct dans l'ensemble.,Non
CLI03591,N'Zérékoré,Homme,36,965000,13,Prépayé,Non,Oui,50000,Espèces,151,70,0,4048,88,1,0,1,Service correct dans l'ensemble.,Non
CLI03592,Boké,Homme,31,1183000,38,Prépayé,Non,Oui,37000,Espèces,153,71,10,3287,13,0,0,0,Tres satisfait du reseau et du service.,Non
CLI03593,Kindia,Femme,45,2149000,78,Prépayé,Non,Non,123000,Virement bancaire,202,148,2,3165,0,1,0,2,Tres satisfait du reseau et du service.,Non
CLI03594,Conakry,Femme,25,1100000,21,Prépayé,Non,Non,88000,Espèces,259,54,1,4237,5,0,0,0,"Utilisation standard, pas de souci majeur.",Non
CLI03595,N'Zérékoré,Femme,35,468000,16,Prépayé,Non,Oui,20000,Virement bancaire,129,123,1,2049,21,0,0,7,"Bon rapport qualite prix, je recommande.",Non
CLI03596,Conakry,Homme,27,614000,13,Prépayé,Non,Non,38000,Orange Money,130,100,2,3628,4,2,0,2,Offres interessantes et service fiable.,Non
CLI03597,Mamou,Homme,38,578000,16,Illimité,Non,Oui,20000,Carte bancaire,140,80,1,2835,37,1,1,0,Service correct dans l'ensemble.,Non
CLI03598,Kankan,Homme,38,401000,32,Postpayé,Non,Oui,14000,Espèces,198,67,0,4900,50,0,1,0,"Utilisation standard, pas de souci majeur.",Oui
CLI03599,Boké,Femme,18,750000,96,Postpayé,Non,Oui,33000,Espèces,170,140,6,2127,47,0,0,0,Service correct dans l'ensemble.,Non
CLI03600,N'Zérékoré,Homme,34,761000,62,Postpayé,Non,Non,60000,Espèces,154,32,1,4061,14,2,0,7,Content de la couverture reseau dans ma zone.,Non
CLI03601,Kindia,Homme,46,670000,44,Prépayé,Non,Oui,31000,Espèces,299,46,5,50,41,0,1,0,Offres interessantes et service fiable.,Non
CLI03602,Kankan,Femme,38,905000,6,Prépayé,Non,Non,42000,Espèces,243,89,1,1683,6,1,0,4,Rien de particulier a signaler.,Non
CLI03603,Conakry,Femme,48,641000,5,Postpayé,Oui,Non,34000,Orange Money,202,171,60,1500,29,4,0,1,"Bon rapport qualite prix, je recommande.",Non
CLI03604,Boké,Femme,25,1296000,24,Prépayé,Non,Oui,68000,Virement bancaire,169,95,10,2321,34,1,0,15,Offres interessantes et service fiable.,Non
CLI03605,Faranah,Femme,18,588000,38,Prépayé,Non,Oui,30000,Orange Money,201,131,9,4338,39,1,1,0,Rien de particulier a signaler.,Oui
CLI03606,Conakry,Homme,25,710000,7,Prépayé,Oui,Oui,63000,Orange Money,130,24,34,4011,76,2,0,5,Tres satisfait du reseau et du service.,Non
CLI03607,Kankan,Homme,21,323000,36,Prépayé,Oui,Non,19000,Orange Money,180,112,50,3263,1,1,1,0,Service client reactif et efficace.,Non
CLI03608,N'Zérékoré,Homme,52,701000,10,Prépayé,Non,Oui,28000,Orange Money,238,76,0,1229,11,2,1,0,Rien de particulier a signaler.,Non
CLI03609,Conakry,Homme,35,1564000,17,Illimité,Non,Oui,52000,Espèces,313,42,2,2176,23,1,0,1,Rien de particulier a signaler.,Non
CLI03610,Boké,Femme,44,1360000,13,Prépayé,Non,Non,65000,Orange Money,182,54,1,803,8,3,1,0,"Je pense changer d'operateur, trop de pannes.",Oui
CLI03611,Conakry,Homme,51,411000,16,Prépayé,Oui,Non,17000,Virement bancaire,328,185,23,1832,25,1,0,3,"Bon rapport qualite prix, je recommande.",Non
CLI03612,Kindia,Femme,37,1328000,28,Postpayé,Non,Oui,99000,Orange Money,138,51,0,1493,36,1,0,4,"Bon rapport qualite prix, je recommande.",Non
CLI03613,Labé,Homme,18,976000,6,Postpayé,Non,Oui,37000,Orange Money,181,91,1,1860,5,1,4,0,"Utilisation standard, pas de souci majeur.",Oui
CLI03614,Conakry,Homme,18,1894000,5,Prépayé,Non,Oui,156000,Orange Money,94,95,5,3978,28,2,0,6,Service correct dans l'ensemble.,Oui
CLI03615,N'Zérékoré,Femme,42,890000,11,Prépayé,Non,Oui,41000,Virement bancaire,160,89,2,555,3,0,1,9,Rien de particulier a signaler.,Non
CLI03616,Conakry,Homme,43,931000,78,Prépayé,Oui,Oui,82000,Orange Money,189,98,65,4321,1,0,1,0,Aucun probleme depuis mon inscription.,Non
CLI03617,Boké,Homme,22,533000,1,Prépayé,Oui,Non,32000,Carte bancaire,248,119,50,3018,26,2,1,1,Aucun probleme depuis mon inscription.,Non
CLI03618,Conakry,Homme,39,838000,35,Postpayé,Oui,Oui,55000,Orange Money,174,107,37,1016,51,0,0,1,Service client reactif et efficace.,Non
CLI03619,Conakry,Femme,40,770000,18,Postpayé,Oui,Non,25000,Espèces,143,60,51,812,25,0,0,2,Service client reactif et efficace.,Non
CLI03620,Kankan,Homme,35,1761000,74,Illimité,Non,Non,59000,Carte bancaire,215,155,0,2893,2,0,3,0,Tres decu par la qualite du reseau en ce moment.,Oui
CLI03621,Kindia,Homme,20,551000,19,Prépayé,Oui,Oui,28000,Orange Money,146,79,62,3114,3,1,0,0,Service client reactif et efficace.,Non
CLI03622,Kankan,Homme,47,1203000,5,Prépayé,Non,Non,89000,Orange Money,153,79,0,2471,29,1,1,0,Aucun probleme depuis mon inscription.,Non
CLI03623,Kankan,Femme,23,537000,3,Prépayé,Non,Oui,17000,Espèces,271,61,0,984,8,1,1,0,Aucun probleme depuis mon inscription.,Non
CLI03624,Boké,Femme,39,985000,50,Prépayé,Non,Oui,30000,Espèces,207,158,5,2266,13,1,1,0,Content de la couverture reseau dans ma zone.,Non
CLI03625,Conakry,Homme,18,447000,22,Prépayé,Non,Oui,20000,Espèces,138,72,2,2027,5,2,1,4,Aucun probleme depuis mon inscription.,Non
CLI03626,Kankan,Femme,24,411000,7,Postpayé,Non,Non,20000,Orange Money,173,102,0,1129,1,0,0,0,Le service client ne repond jamais rapidement.,Oui
CLI03627,N'Zérékoré,Femme,43,480000,5,Prépayé,Non,Non,17000,Espèces,188,63,10,2313,123,3,1,0,Facturation incorrecte plusieurs fois de suite.,Oui
CLI03628,Conakry,Homme,23,415000,20,Postpayé,Non,Non,20000,Orange Money,195,49,5,3648,30,1,0,1,Offres interessantes et service fiable.,Non
CLI03629,Conakry,Homme,18,1918000,20,Prépayé,Oui,Non,138000,Virement bancaire,181,69,53,4062,18,1,0,4,"Utilisation standard, pas de souci majeur.",Non
CLI03630,Kankan,Homme,33,1099000,41,Prépayé,Oui,Oui,94000,Espèces,215,10,51,3273,3,2,0,0,"Bon rapport qualite prix, je recommande.",Non
CLI03631,Labé,Femme,32,720000,45,Prépayé,Non,Non,40000,Orange Money,232,94,2,2814,23,3,0,1,Service correct dans l'ensemble.,Non
CLI03632,Conakry,Femme,21,1258000,5,Prépayé,Non,Non,70000,Espèces,152,77,0,2656,12,2,2,5,Service correct dans l'ensemble.,Non
CLI03633,Conakry,Femme,38,310000,10,Prépayé,Non,Oui,21000,Carte bancaire,175,67,2,2665,20,4,1,0,Service client reactif et efficace.,Non
CLI03634,Boké,Femme,40,1373000,17,Prépayé,Non,Oui,83000,Orange Money,315,4,1,3739,18,1,2,0,Le forfait ne correspond plus a mes besoins.,Oui
CLI03635,N'Zérékoré,Homme,36,300000,5,Illimité,Non,Oui,15000,Orange Money,188,105,2,1364,9,1,0,1,Rien de particulier a signaler.,Non
CLI03636,Conakry,Homme,52,466000,60,Postpayé,Non,Non,40000,Espèces,238,67,1,1515,14,1,0,0,Content de la couverture reseau dans ma zone.,Non
CLI03637,Faranah,Femme,28,609000,15,Postpayé,Non,Non,50000,Espèces,190,81,4,1021,3,0,1,1,Facturation incorrecte plusieurs fois de suite.,Oui
CLI03638,Conakry,Femme,48,439000,62,Postpayé,Non,Oui,36000,Orange Money,223,49,3,2248,33,1,0,0,Offres interessantes et service fiable.,Non
CLI03639,Labé,Homme,32,439000,18,Prépayé,Non,Oui,30000,Espèces,187,174,1,4014,138,0,0,0,Content de la couverture reseau dans ma zone.,Non
CLI03640,Boké,Femme,19,588000,41,Postpayé,Non,Oui,48000,Espèces,87,40,4,1396,20,3,1,0,"Utilisation standard, pas de souci majeur.",Oui
CLI03641,Labé,Homme,19,676000,1,Prépayé,Oui,Non,55000,Orange Money,89,60,66,3762,2,1,0,0,Rien de particulier a signaler.,Non
CLI03642,Conakry,Homme,18,872000,4,Postpayé,Non,Oui,47000,Orange Money,206,56,11,1529,5,5,1,0,"Je pense changer d'operateur, trop de pannes.",Oui
CLI03643,Kankan,Homme,18,570000,62,Prépayé,Non,Non,21000,Orange Money,138,85,4,4342,8,0,0,0,Content de la couverture reseau dans ma zone.,Non
CLI03644,N'Zérékoré,Femme,37,1117000,20,Prépayé,Non,Non,49000,Virement bancaire,246,191,3,3410,23,0,1,2,"Bon rapport qualite prix, je recommande.",Non
CLI03645,Boké,Homme,18,680000,13,Prépayé,Non,Oui,26000,Orange Money,146,62,3,713,9,1,0,0,Content de la couverture reseau dans ma zone.,Non
CLI03646,Kindia,Femme,30,594000,18,Prépayé,Oui,Non,40000,Orange Money,102,0,59,2529,27,0,0,2,"Utilisation standard, pas de souci majeur.",Non
CLI03647,Kankan,Femme,34,1043000,18,Postpayé,Non,Non,82000,Espèces,253,87,0,3277,0,1,1,0,Tres satisfait du reseau et du service.,Non
CLI03648,Conakry,Homme,31,1098000,3,Prépayé,Non,Non,99000,Virement bancaire,234,124,13,3153,66,0,1,1,"Bon rapport qualite prix, je recommande.",Non
CLI03649,Conakry,Homme,43,1078000,7,Postpayé,Non,Oui,48000,Virement bancaire,172,35,1,2251,20,2,2,1,Service client reactif et efficace.,Non
CLI03650,Faranah,Homme,20,315000,27,Postpayé,Non,Non,17000,Virement bancaire,223,88,2,3560,19,2,1,0,Trop cher par rapport a la qualite recue.,Oui
CLI03651,Labé,Femme,23,518000,96,Postpayé,Non,Oui,25000,Carte bancaire,300,80,1,3297,33,3,0,0,Offres interessantes et service fiable.,Non
CLI03652,Mamou,Femme,45,332000,10,Prépayé,Non,Oui,25000,Espèces,189,119,1,3339,39,2,0,0,Aucune reponse a mes reclamations depuis un mois.,Oui
CLI03653,Conakry,Homme,44,742000,11,Prépayé,Non,Oui,30000,Orange Money,157,98,2,3075,16,1,1,1,Aucun probleme depuis mon inscription.,Non
CLI03654,Kankan,Femme,32,1955000,51,Prépayé,Non,Non,105000,Carte bancaire,128,1,8,1106,46,1,2,3,Service correct dans l'ensemble.,Non
CLI03655,Mamou,Femme,22,416000,33,Prépayé,Non,Oui,32000,Espèces,192,134,10,4257,37,1,3,0,Facturation incorrecte plusieurs fois de suite.,Oui
CLI03656,Conakry,Femme,25,405000,13,Postpayé,Non,Oui,30000,Orange Money,284,139,1,3127,15,0,0,0,Content de la couverture reseau dans ma zone.,Non
CLI03657,Mamou,Homme,41,1017000,13,Postpayé,Non,Oui,39000,Espèces,195,113,2,4808,17,2,1,0,Content de la couverture reseau dans ma zone.,Non
CLI03658,N'Zérékoré,Homme,52,752000,21,Postpayé,Non,Oui,44000,Virement bancaire,170,80,4,3495,14,5,1,13,Trop de coupures de reseau ces derniers temps.,Oui
CLI03659,Conakry,Homme,26,387000,67,Prépayé,Oui,Oui,25000,Orange Money,197,116,45,1521,24,1,1,8,Rien de particulier a signaler.,Non
CLI03660,N'Zérékoré,Homme,31,1085000,9,Illimité,Non,Non,66000,Orange Money,191,38,3,1535,10,1,3,3,Tres decu par la qualite du reseau en ce moment.,Oui
CLI03661,N'Zérékoré,Femme,23,749000,68,Prépayé,Oui,Oui,47000,Espèces,120,83,20,3396,7,0,1,5,Service correct dans l'ensemble.,Non
CLI03662,Kankan,Homme,45,1125000,27,Prépayé,Oui,Non,71000,Carte bancaire,203,69,32,3200,19,0,0,10,"Utilisation standard, pas de souci majeur.",Oui
CLI03663,Boké,Femme,34,2256000,7,Postpayé,Non,Non,148000,Espèces,154,44,2,1830,7,2,0,0,Trop de coupures de reseau ces derniers temps.,Oui
CLI03664,Boké,Homme,38,1391000,42,Postpayé,Non,Non,107000,Orange Money,310,169,2,4133,21,1,0,3,Rien de particulier a signaler.,Non
CLI03665,Kindia,Homme,26,779000,23,Illimité,Oui,Non,47000,Orange Money,126,5,53,4259,46,2,0,0,"Utilisation standard, pas de souci majeur.",Non
CLI03666,Kankan,Homme,46,616000,96,Postpayé,Non,Oui,45000,Orange Money,134,146,0,679,32,1,0,0,Aucun probleme depuis mon inscription.,Non
CLI03667,Conakry,Homme,39,571000,28,Prépayé,Non,Oui,37000,Carte bancaire,176,79,2,3782,1,1,0,0,Rien de particulier a signaler.,Non
CLI03668,Labé,Femme,44,492000,18,Postpayé,Non,Oui,26000,Espèces,135,104,1,1587,5,0,2,4,Service correct dans l'ensemble.,Oui
CLI03669,Labé,Femme,30,535000,8,Prépayé,Non,Non,32000,Espèces,186,108,1,2219,15,0,0,6,Rien de particulier a signaler.,Non
CLI03670,N'Zérékoré,Homme,26,1657000,53,Prépayé,Oui,Non,106000,Espèces,72,85,42,1806,23,1,0,1,Tres satisfait du reseau et du service.,Non
CLI03671,N'Zérékoré,Homme,37,833000,1,Prépayé,Non,Oui,50000,Espèces,144,108,2,1777,17,0,0,2,"Utilisation standard, pas de souci majeur.",Non
CLI03672,Boké,Homme,36,810000,12,Postpayé,Oui,Non,52000,Orange Money,155,93,49,1468,9,3,2,5,"Utilisation standard, pas de souci majeur.",Non
CLI03673,Labé,Femme,46,376000,3,Illimité,Non,Oui,19000,Espèces,60,107,5,2856,33,0,2,0,Rien de particulier a signaler.,Non
CLI03674,Faranah,Femme,46,584000,56,Prépayé,Non,Oui,42000,Orange Money,178,59,1,736,14,1,1,1,"Utilisation standard, pas de souci majeur.",Oui
CLI03675,Labé,Femme,19,751000,11,Postpayé,Non,Oui,43000,Espèces,188,47,0,50,81,1,0,0,Offres interessantes et service fiable.,Non
CLI03676,Conakry,Femme,18,386000,6,Postpayé,Non,Non,26000,Orange Money,168,148,0,3254,21,2,0,0,Service client reactif et efficace.,Non
CLI03677,Conakry,Homme,46,846000,43,Postpayé,Non,Non,41000,Orange Money,258,84,8,1144,32,1,0,0,"Utilisation standard, pas de souci majeur.",Non
CLI03678,Labé,Homme,29,2768000,33,Postpayé,Non,Non,148000,Orange Money,211,72,3,3623,4,1,2,0,Rien de particulier a signaler.,Non
CLI03679,Boké,Homme,28,604000,75,Prépayé,Oui,Oui,54000,Orange Money,271,30,41,879,5,0,0,1,Service correct dans l'ensemble.,Non
CLI03680,Conakry,Femme,41,846000,5,Illimité,Non,Oui,57000,Espèces,142,97,0,633,57,0,0,0,"Bon rapport qualite prix, je recommande.",Non
CLI03681,Kindia,Homme,35,890000,1,Prépayé,Oui,Oui,57000,Orange Money,147,99,53,1305,4,1,1,0,Tres decu par la qualite du reseau en ce moment.,Oui
CLI03682,Conakry,Homme,34,366000,3,Postpayé,Non,Oui,25000,Orange Money,238,157,3,50,31,0,0,0,Rien de particulier a signaler.,Non
CLI03683,Labé,Femme,38,1402000,1,Postpayé,Non,Oui,81000,Espèces,162,113,1,1382,7,2,2,4,"Je pense changer d'operateur, trop de pannes.",Oui
CLI03684,Conakry,Femme,30,462000,9,Prépayé,Non,Non,17000,Virement bancaire,180,0,0,2147,24,1,1,8,"Utilisation standard, pas de souci majeur.",Non
CLI03685,Conakry,Homme,32,300000,19,Prépayé,Non,Non,20000,Orange Money,183,98,2,1733,1,1,0,0,"Utilisation standard, pas de souci majeur.",Non
CLI03686,Kankan,Homme,29,389000,22,Prépayé,Non,Oui,31000,Espèces,257,75,4,1998,19,2,2,0,Aucune reponse a mes reclamations depuis un mois.,Oui
CLI03687,Conakry,Femme,37,1037000,2,Postpayé,Oui,Non,47000,Carte bancaire,193,79,34,3145,13,2,0,6,Tres satisfait du reseau et du service.,Non
CLI03688,Faranah,Homme,27,648000,66,Prépayé,Non,Non,38000,Orange Money,245,89,5,1860,38,1,0,4,Offres interessantes et service fiable.,Non
CLI03689,Boké,Homme,49,710000,14,Prépayé,Non,Non,42000,Orange Money,260,93,1,3364,15,0,0,4,Service correct dans l'ensemble.,Non
CLI03690,Conakry,Femme,38,633000,1,Prépayé,Oui,Non,38000,Carte bancaire,130,24,51,2107,138,2,0,9,Le forfait ne correspond plus a mes besoins.,Oui
CLI03691,Labé,Femme,33,473000,47,Postpayé,Non,Oui,26000,Espèces,237,104,4,4909,3,1,0,0,"Bon rapport qualite prix, je recommande.",Non
CLI03692,Labé,Homme,44,1352000,5,Prépayé,Non,Oui,61000,Espèces,182,100,1,401,46,1,2,0,Rien de particulier a signaler.,Non
CLI03693,N'Zérékoré,Homme,37,487000,11,Postpayé,Non,Oui,23000,Orange Money,224,102,5,637,0,0,0,3,Content de la couverture reseau dans ma zone.,Non
CLI03694,N'Zérékoré,Femme,43,721000,28,Prépayé,Non,Oui,34000,Orange Money,85,91,1,2454,2,1,1,0,Content de la couverture reseau dans ma zone.,Non
CLI03695,Boké,Femme,40,572000,26,Prépayé,Oui,Oui,21000,Orange Money,190,55,55,3257,8,0,0,1,"Bon rapport qualite prix, je recommande.",Non
CLI03696,Kindia,Homme,20,691000,42,Postpayé,Non,Oui,32000,Espèces,172,121,0,3033,6,4,0,3,Tres satisfait du reseau et du service.,Non
CLI03697,Labé,Homme,46,794000,3,Illimité,Non,Non,68000,Orange Money,149,56,1,4325,18,1,1,1,Service client reactif et efficace.,Non
CLI03698,Conakry,Femme,44,827000,83,Postpayé,Non,Oui,26000,Orange Money,96,86,4,1729,8,1,0,0,"Bon rapport qualite prix, je recommande.",Non
CLI03699,Labé,Femme,30,530000,8,Prépayé,Oui,Non,22000,Espèces,111,63,48,2299,6,1,0,3,Service correct dans l'ensemble.,Non
CLI03700,Conakry,Femme,61,455000,24,Postpayé,Non,Non,27000,Orange Money,161,79,1,1798,6,0,0,0,Service correct dans l'ensemble.,Non
CLI03701,Conakry,Femme,20,879000,18,Prépayé,Non,Non,30000,Orange Money,94,129,1,1786,12,0,1,0,Aucune reponse a mes reclamations depuis un mois.,Oui
CLI03702,Faranah,Homme,45,340000,8,Prépayé,Non,Non,23000,Carte bancaire,177,93,0,2351,16,2,0,0,Aucune reponse a mes reclamations depuis un mois.,Oui
CLI03703,Kankan,Femme,31,892000,36,Postpayé,Non,Non,57000,Carte bancaire,280,89,0,541,24,1,0,0,"Bon rapport qualite prix, je recommande.",Non
CLI03704,Boké,Homme,33,983000,18,Postpayé,Non,Oui,30000,Espèces,139,124,3,3689,15,2,1,6,Service correct dans l'ensemble.,Non
CLI03705,N'Zérékoré,Homme,44,555000,37,Prépayé,Oui,Oui,17000,Orange Money,201,55,19,2670,25,3,1,15,Service correct dans l'ensemble.,Oui
CLI03706,Conakry,Femme,45,581000,42,Postpayé,Non,Oui,47000,Orange Money,108,97,4,2848,6,1,0,0,Rien de particulier a signaler.,Non
CLI03707,Kindia,Femme,43,980000,54,Postpayé,Non,Oui,81000,Orange Money,190,61,2,4160,27,1,0,0,Offres interessantes et service fiable.,Non
CLI03708,Labé,Femme,19,834000,40,Prépayé,Non,Oui,34000,Espèces,159,128,1,2403,7,3,0,0,Offres interessantes et service fiable.,Non
CLI03709,Boké,Femme,46,1865000,31,Prépayé,Oui,Oui,59000,Carte bancaire,234,147,59,1759,12,3,0,5,Aucune reponse a mes reclamations depuis un mois.,Oui
CLI03710,Mamou,Homme,27,872000,57,Illimité,Non,Oui,38000,Espèces,292,35,5,1448,10,1,1,5,Aucun probleme depuis mon inscription.,Non
CLI03711,Conakry,Homme,32,549000,12,Illimité,Non,Oui,20000,Espèces,244,89,2,393,0,1,2,0,Service correct dans l'ensemble.,Non
CLI03712,Faranah,Femme,36,671000,8,Prépayé,Oui,Oui,58000,Carte bancaire,194,94,6,3550,6,2,0,1,Offres interessantes et service fiable.,Non
CLI03713,Conakry,Homme,19,594000,1,Prépayé,Non,Non,39000,Virement bancaire,73,87,2,1568,14,0,0,2,"Bon rapport qualite prix, je recommande.",Non
CLI03714,Conakry,Homme,46,741000,18,Prépayé,Non,Oui,57000,Espèces,246,133,0,2504,72,0,2,4,"Utilisation standard, pas de souci majeur.",Non
CLI03715,Conakry,Homme,32,881000,6,Prépayé,Non,Oui,36000,Orange Money,219,77,2,3699,14,0,2,4,Trop de coupures de reseau ces derniers temps.,Oui
CLI03716,Faranah,Homme,22,543000,36,Illimité,Non,Oui,19000,Orange Money,182,112,4,4364,7,1,0,0,Service correct dans l'ensemble.,Non
CLI03717,Conakry,Femme,27,305000,1,Prépayé,Oui,Non,22000,Orange Money,199,52,61,2644,3,2,1,0,Service client reactif et efficace.,Non
CLI03718,N'Zérékoré,Femme,20,2148000,96,Prépayé,Oui,Oui,185000,Espèces,136,47,57,621,13,1,0,0,Service correct dans l'ensemble.,Non
CLI03719,Kindia,Femme,21,629000,2,Prépayé,Non,Non,28000,Orange Money,78,111,0,1865,8,2,3,0,Service client reactif et efficace.,Non
CLI03720,Conakry,Homme,38,423000,27,Prépayé,Non,Oui,30000,Espèces,21,42,1,1228,26,1,0,0,Tres decu par la qualite du reseau en ce moment.,Oui
CLI03721,Kindia,Femme,39,975000,20,Prépayé,Non,Oui,66000,Espèces,406,95,0,802,14,1,0,2,Aucun probleme depuis mon inscription.,Non
CLI03722,Boké,Femme,48,1068000,63,Prépayé,Non,Non,46000,Orange Money,114,43,4,3091,21,1,0,1,Service correct dans l'ensemble.,Non
CLI03723,Conakry,Femme,59,1397000,14,Postpayé,Non,Non,79000,Orange Money,194,69,1,833,16,2,1,0,"Utilisation standard, pas de souci majeur.",Non
CLI03724,Faranah,Homme,43,821000,1,Illimité,Non,Oui,44000,Virement bancaire,112,136,6,1555,2,1,0,1,"Utilisation standard, pas de souci majeur.",Non
CLI03725,Faranah,Femme,18,419000,8,Prépayé,Non,Oui,14000,Espèces,186,71,3,870,9,0,0,0,"Utilisation standard, pas de souci majeur.",Non
CLI03726,Mamou,Femme,42,805000,53,Postpayé,Oui,Oui,67000,Orange Money,216,164,62,2740,49,0,0,3,Le forfait ne correspond plus a mes besoins.,Oui
CLI03727,N'Zérékoré,Femme,37,300000,15,Prépayé,Non,Non,19000,Orange Money,197,34,2,416,8,0,1,5,Offres interessantes et service fiable.,Non
CLI03728,Faranah,Homme,41,505000,7,Postpayé,Oui,Oui,32000,Espèces,198,92,43,2362,18,2,0,1,Trop cher par rapport a la qualite recue.,Oui
CLI03729,Conakry,Femme,44,550000,6,Postpayé,Non,Non,40000,Orange Money,170,97,2,920,48,2,1,1,Service correct dans l'ensemble.,Oui
CLI03730,Conakry,Homme,36,465000,49,Prépayé,Non,Non,29000,Orange Money,132,113,0,3009,85,0,0,3,Service client reactif et efficace.,Non
CLI03731,Boké,Femme,45,472000,31,Postpayé,Oui,Oui,16000,Orange Money,170,168,56,2375,16,2,0,0,"Bon rapport qualite prix, je recommande.",Non
CLI03732,Kindia,Femme,42,451000,16,Prépayé,Non,Non,20000,Orange Money,150,158,10,1160,1,2,0,0,Rien de particulier a signaler.,Non
CLI03733,Kindia,Homme,58,1405000,49,Prépayé,Non,Non,120000,Carte bancaire,146,40,2,3016,52,1,0,0,Rien de particulier a signaler.,Non
CLI03734,Boké,Homme,27,912000,24,Postpayé,Oui,Non,79000,Orange Money,142,146,34,3410,64,0,0,0,Offres interessantes et service fiable.,Non
CLI03735,Kankan,Femme,24,840000,10,Prépayé,Non,Oui,52000,Carte bancaire,134,71,1,3226,20,0,0,0,Offres interessantes et service fiable.,Non
CLI03736,Labé,Homme,32,652000,42,Prépayé,Non,Non,56000,Orange Money,286,87,7,926,26,1,0,0,Aucun probleme depuis mon inscription.,Non
CLI03737,Kankan,Femme,62,802000,11,Illimité,Non,Non,67000,Carte bancaire,330,43,2,2988,42,1,0,1,Rien de particulier a signaler.,Non
CLI03738,Labé,Homme,18,567000,1,Prépayé,Non,Non,30000,Orange Money,163,95,2,3652,26,0,1,2,Rien de particulier a signaler.,Non
CLI03739,Conakry,Femme,32,519000,38,Postpayé,Non,Oui,26000,Orange Money,139,104,3,2220,7,3,0,9,Offres interessantes et service fiable.,Non
CLI03740,N'Zérékoré,Homme,22,1468000,1,Prépayé,Non,Non,62000,Orange Money,98,55,3,1213,3,2,0,1,Content de la couverture reseau dans ma zone.,Non
CLI03741,Conakry,Femme,33,484000,3,Postpayé,Non,Oui,26000,Orange Money,223,111,1,2952,2,2,0,0,"Bon rapport qualite prix, je recommande.",Non
CLI03742,Kindia,Homme,39,985000,16,Prépayé,Non,Oui,34000,Espèces,274,97,1,2684,2,1,1,0,"Utilisation standard, pas de souci majeur.",Non
CLI03743,Conakry,Femme,24,1636000,42,Prépayé,Non,Oui,117000,Espèces,228,62,1,2153,27,0,0,0,Service client reactif et efficace.,Non
CLI03744,Labé,Femme,48,1390000,5,Prépayé,Non,Non,107000,Orange Money,127,46,4,3192,17,1,0,2,Trop cher par rapport a la qualite recue.,Oui
CLI03745,Mamou,Homme,56,408000,48,Prépayé,Non,Non,35000,Orange Money,248,81,4,728,4,1,1,7,Aucun probleme depuis mon inscription.,Non
CLI03746,Conakry,Homme,29,472000,60,Postpayé,Non,Non,22000,Espèces,185,107,1,3560,8,1,1,2,Le forfait ne correspond plus a mes besoins.,Oui
CLI03747,N'Zérékoré,Homme,44,300000,6,Prépayé,Non,Oui,22000,Espèces,247,124,8,3701,9,3,0,3,"Utilisation standard, pas de souci majeur.",Non
CLI03748,Conakry,Femme,24,1590000,22,Prépayé,Non,Oui,66000,Espèces,123,71,1,1426,53,1,0,4,Rien de particulier a signaler.,Non
CLI03749,N'Zérékoré,Femme,23,456000,37,Illimité,Non,Oui,25000,Carte bancaire,234,63,0,1969,11,1,0,0,Tres satisfait du reseau et du service.,Non
CLI03750,Kankan,Femme,43,671000,24,Prépayé,Non,Non,52000,Virement bancaire,196,135,2,3075,7,1,0,2,Content de la couverture reseau dans ma zone.,Non
CLI03751,Conakry,Femme,43,1491000,1,Prépayé,Oui,Non,66000,Orange Money,141,57,11,3686,20,0,1,1,Service correct dans l'ensemble.,Non
CLI03752,Conakry,Femme,22,1671000,20,Postpayé,Non,Non,146000,Virement bancaire,93,87,2,639,13,0,0,4,"Bon rapport qualite prix, je recommande.",Non
CLI03753,Conakry,Femme,41,703000,16,Prépayé,Oui,Non,40000,Carte bancaire,228,109,49,4110,20,1,0,0,Offres interessantes et service fiable.,Non
CLI03754,Labé,Homme,50,930000,26,Prépayé,Non,Non,55000,Orange Money,173,125,4,1031,6,0,0,0,Service correct dans l'ensemble.,Non
CLI03755,Conakry,Homme,28,1252000,2,Prépayé,Non,Oui,50000,Orange Money,195,42,1,2798,12,2,0,0,Service client reactif et efficace.,Non
CLI03756,N'Zérékoré,Homme,18,954000,37,Prépayé,Oui,Oui,55000,Orange Money,179,34,58,1440,2,0,2,1,"Utilisation standard, pas de souci majeur.",Oui
CLI03757,Conakry,Femme,38,869000,9,Prépayé,Non,Oui,72000,Orange Money,171,39,2,2836,50,1,1,0,Offres interessantes et service fiable.,Non
CLI03758,Kankan,Homme,46,886000,8,Prépayé,Non,Oui,45000,Espèces,207,58,5,2168,19,1,0,3,Offres interessantes et service fiable.,Non
CLI03759,Kindia,Homme,34,1141000,24,Prépayé,Non,Non,64000,Espèces,336,81,3,2071,2,1,1,0,Le service client ne repond jamais rapidement.,Oui
CLI03760,Conakry,Homme,41,700000,28,Postpayé,Non,Non,26000,Carte bancaire,203,139,2,2543,37,0,1,0,Service client reactif et efficace.,Non
CLI03761,Faranah,Femme,28,1084000,22,Illimité,Non,Non,75000,Espèces,103,110,3,931,28,1,0,4,Tres decu par la qualite du reseau en ce moment.,Oui
CLI03762,Labé,Femme,37,569000,3,Illimité,Non,Non,19000,Virement bancaire,185,147,0,3555,8,0,0,1,Aucun probleme depuis mon inscription.,Non
CLI03763,Conakry,Femme,31,771000,10,Prépayé,Oui,Oui,63000,Espèces,142,93,46,3941,33,1,0,5,Content de la couverture reseau dans ma zone.,Non
CLI03764,Kindia,Femme,36,576000,4,Prépayé,Non,Oui,32000,Espèces,111,59,1,790,18,2,0,0,"Bon rapport qualite prix, je recommande.",Non
CLI03765,Conakry,Femme,42,576000,68,Postpayé,Non,Oui,20000,Espèces,242,35,1,2624,128,2,2,0,Le service client ne repond jamais rapidement.,Oui
CLI03766,Conakry,Femme,34,985000,56,Prépayé,Non,Non,83000,Orange Money,186,116,7,2350,5,0,3,0,"Je pense changer d'operateur, trop de pannes.",Oui
CLI03767,Labé,Femme,33,705000,11,Prépayé,Non,Oui,30000,Carte bancaire,18,119,1,1242,0,1,0,16,Le service client ne repond jamais rapidement.,Oui
CLI03768,Labé,Homme,18,367000,31,Prépayé,Non,Non,24000,Virement bancaire,246,63,3,2021,40,2,1,1,Service correct dans l'ensemble.,Oui
CLI03769,Conakry,Homme,18,842000,6,Prépayé,Non,Oui,51000,Orange Money,299,63,2,2559,0,0,0,7,Service correct dans l'ensemble.,Non
CLI03770,Conakry,Femme,28,300000,37,Postpayé,Non,Non,22000,Espèces,180,78,5,3189,38,0,0,0,Content de la couverture reseau dans ma zone.,Non
CLI03771,N'Zérékoré,Homme,34,470000,67,Illimité,Non,Non,20000,Orange Money,195,86,5,3290,17,1,0,0,Service client reactif et efficace.,Non
CLI03772,Kindia,Femme,30,300000,13,Prépayé,Non,Oui,24000,Orange Money,193,123,1,1585,9,2,0,0,Facturation incorrecte plusieurs fois de suite.,Oui
CLI03773,Boké,Homme,34,1192000,6,Postpayé,Oui,Oui,76000,Orange Money,212,92,39,1699,63,5,0,0,Le service client ne repond jamais rapidement.,Oui
CLI03774,Conakry,Femme,31,802000,7,Postpayé,Non,Oui,51000,Virement bancaire,154,105,1,2732,3,1,2,14,Content de la couverture reseau dans ma zone.,Non
CLI03775,Conakry,Homme,29,526000,38,Prépayé,Non,Non,37000,Orange Money,103,124,6,3061,32,0,0,0,Rien de particulier a signaler.,Non
CLI03776,Labé,Homme,27,1014000,24,Prépayé,Non,Non,40000,Espèces,140,110,1,4248,29,2,1,0,Offres interessantes et service fiable.,Non
CLI03777,Conakry,Homme,33,300000,31,Postpayé,Non,Non,23000,Orange Money,237,129,0,1223,14,1,0,0,Tres satisfait du reseau et du service.,Non
CLI03778,Faranah,Homme,42,990000,5,Postpayé,Oui,Oui,48000,Orange Money,225,116,31,1404,5,2,0,0,"Bon rapport qualite prix, je recommande.",Non
CLI03779,Conakry,Homme,31,823000,1,Prépayé,Oui,Non,63000,Orange Money,242,95,40,4605,82,1,0,0,Aucun probleme depuis mon inscription.,Non
CLI03780,Kindia,Femme,18,2029000,7,Prépayé,Non,Non,144000,Carte bancaire,166,83,0,3378,45,0,1,0,Trop cher par rapport a la qualite recue.,Oui
CLI03781,Mamou,Femme,24,354000,25,Postpayé,Non,Non,18000,Espèces,211,106,1,1598,35,0,0,14,Tres satisfait du reseau et du service.,Non
CLI03782,Faranah,Homme,24,910000,4,Prépayé,Oui,Oui,28000,Espèces,32,71,29,4505,3,0,0,0,Aucune reponse a mes reclamations depuis un mois.,Oui
CLI03783,Kindia,Femme,35,1143000,4,Postpayé,Non,Oui,35000,Espèces,5,148,0,3611,2,1,0,0,Trop de coupures de reseau ces derniers temps.,Oui
CLI03784,Faranah,Femme,45,901000,12,Prépayé,Oui,Oui,35000,Espèces,297,83,9,2651,21,3,0,0,Content de la couverture reseau dans ma zone.,Non
CLI03785,Labé,Homme,18,438000,27,Prépayé,Non,Oui,22000,Espèces,187,30,1,1865,18,0,0,5,"Bon rapport qualite prix, je recommande.",Non
CLI03786,Kankan,Femme,26,577000,9,Prépayé,Oui,Oui,50000,Espèces,184,165,44,2899,8,0,1,2,Le forfait ne correspond plus a mes besoins.,Oui
CLI03787,Faranah,Homme,26,626000,6,Prépayé,Non,Non,49000,Orange Money,209,59,6,3270,29,1,0,15,"Utilisation standard, pas de souci majeur.",Non
CLI03788,Kankan,Femme,58,831000,63,Prépayé,Oui,Non,56000,Orange Money,265,94,33,324,5,1,1,1,"Utilisation standard, pas de souci majeur.",Non
CLI03789,Conakry,Homme,26,447000,72,Prépayé,Non,Oui,17000,Orange Money,201,123,3,3950,4,2,0,3,Offres interessantes et service fiable.,Non
CLI03790,Conakry,Femme,40,975000,11,Postpayé,Non,Non,44000,Espèces,258,97,2,2616,18,2,0,0,Le service client ne repond jamais rapidement.,Oui
CLI03791,Conakry,Homme,50,577000,27,Prépayé,Non,Non,35000,Orange Money,272,125,4,2838,46,1,0,0,Content de la couverture reseau dans ma zone.,Non
CLI03792,Kindia,Homme,29,704000,11,Postpayé,Oui,Non,41000,Espèces,178,2,74,1410,76,1,1,4,Le forfait ne correspond plus a mes besoins.,Oui
CLI03793,Kindia,Femme,32,386000,15,Prépayé,Non,Non,26000,Virement bancaire,202,50,1,1226,7,0,0,0,"Utilisation standard, pas de souci majeur.",Non
CLI03794,Conakry,Femme,33,607000,24,Postpayé,Non,Oui,40000,Carte bancaire,163,44,0,3308,102,1,0,1,Service correct dans l'ensemble.,Non
CLI03795,Conakry,Femme,36,300000,58,Postpayé,Non,Non,18000,Orange Money,93,148,9,3721,19,1,0,5,"Bon rapport qualite prix, je recommande.",Non
CLI03796,Boké,Homme,25,565000,2,Prépayé,Oui,Non,43000,Orange Money,157,82,32,3901,26,0,0,0,Offres interessantes et service fiable.,Non
CLI03797,Kindia,Femme,35,779000,7,Illimité,Non,Oui,36000,Orange Money,220,56,2,2765,4,1,0,3,Rien de particulier a signaler.,Non
CLI03798,Conakry,Femme,28,334000,3,Postpayé,Non,Oui,24000,Orange Money,275,108,2,2662,13,3,0,2,Service client reactif et efficace.,Non
CLI03799,Kankan,Femme,26,300000,35,Prépayé,Non,Non,18000,Orange Money,208,39,4,2493,52,1,2,4,Le forfait ne correspond plus a mes besoins.,Oui
CLI03800,Labé,Femme,50,533000,40,Prépayé,Non,Oui,37000,Carte bancaire,218,112,1,759,10,3,0,0,Aucun probleme depuis mon inscription.,Non
CLI03801,Conakry,Femme,18,650000,6,Postpayé,Non,Oui,37000,Virement bancaire,228,111,2,2051,6,2,0,2,Offres interessantes et service fiable.,Non
CLI03802,Kindia,Homme,44,662000,56,Prépayé,Non,Non,53000,Orange Money,112,63,10,2382,15,2,3,4,Rien de particulier a signaler.,Non
CLI03803,Labé,Femme,32,1551000,25,Prépayé,Non,Non,107000,Espèces,144,128,1,3059,11,0,1,0,Rien de particulier a signaler.,Non
CLI03804,Conakry,Homme,33,303000,36,Prépayé,Non,Oui,11000,Orange Money,192,46,4,1778,32,3,2,5,Offres interessantes et service fiable.,Non
CLI03805,Labé,Femme,27,1715000,9,Prépayé,Non,Oui,147000,Espèces,136,77,4,892,10,1,0,7,Service correct dans l'ensemble.,Oui
CLI03806,Faranah,Femme,35,354000,6,Prépayé,Non,Oui,19000,Espèces,136,0,10,3368,19,0,0,2,Aucune reponse a mes reclamations depuis un mois.,Oui
CLI03807,Conakry,Homme,40,1192000,3,Prépayé,Non,Non,46000,Espèces,105,81,1,2819,39,2,0,2,Aucun probleme depuis mon inscription.,Non
CLI03808,Boké,Femme,22,570000,40,Illimité,Non,Non,35000,Espèces,200,68,1,3867,0,0,0,1,"Utilisation standard, pas de souci majeur.",Non
CLI03809,Kankan,Homme,40,300000,21,Prépayé,Non,Oui,20000,Espèces,130,84,2,5059,24,0,0,2,Content de la couverture reseau dans ma zone.,Non
CLI03810,Faranah,Homme,18,1939000,85,Prépayé,Oui,Oui,104000,Carte bancaire,119,59,59,2307,11,2,1,2,Service correct dans l'ensemble.,Non
CLI03811,Boké,Homme,24,491000,18,Illimité,Non,Oui,40000,Orange Money,137,112,1,5997,15,3,0,2,"Utilisation standard, pas de souci majeur.",Non
CLI03812,Conakry,Homme,19,886000,1,Prépayé,Non,Oui,51000,Espèces,288,100,2,2954,3,0,0,0,"Bon rapport qualite prix, je recommande.",Non
CLI03813,N'Zérékoré,Homme,30,652000,59,Postpayé,Non,Oui,29000,Espèces,207,106,4,4293,6,3,0,0,Rien de particulier a signaler.,Non
CLI03814,N'Zérékoré,Femme,40,744000,9,Prépayé,Non,Non,31000,Espèces,161,112,0,3197,13,2,0,4,Tres satisfait du reseau et du service.,Non
CLI03815,Kankan,Homme,25,663000,13,Prépayé,Non,Oui,22000,Orange Money,59,84,0,2392,10,0,0,6,Tres satisfait du reseau et du service.,Non
CLI03816,Conakry,Homme,37,722000,2,Postpayé,Non,Oui,34000,Carte bancaire,194,103,8,3093,11,0,1,2,Aucun probleme depuis mon inscription.,Non
CLI03817,Labé,Femme,32,825000,6,Prépayé,Non,Non,71000,Virement bancaire,225,112,1,2727,78,1,1,2,Offres interessantes et service fiable.,Non
CLI03818,Kankan,Femme,47,721000,13,Postpayé,Oui,Non,58000,Orange Money,204,73,42,1486,22,0,0,1,Service client reactif et efficace.,Non
CLI03819,Labé,Femme,18,300000,6,Postpayé,Non,Non,20000,Espèces,293,36,1,2808,61,2,0,0,Service client reactif et efficace.,Non
CLI03820,N'Zérékoré,Homme,18,300000,6,Prépayé,Oui,Oui,18000,Orange Money,212,136,83,3693,1,0,0,1,Rien de particulier a signaler.,Non
CLI03821,Labé,Homme,30,672000,21,Prépayé,Non,Non,50000,Orange Money,234,104,9,1548,25,1,0,3,"Utilisation standard, pas de souci majeur.",Non
CLI03822,Conakry,Homme,18,1081000,24,Postpayé,Non,Oui,41000,Carte bancaire,132,121,3,1008,17,1,1,0,"Utilisation standard, pas de souci majeur.",Non
CLI03823,Conakry,Homme,35,682000,2,Prépayé,Non,Oui,47000,Orange Money,131,144,9,3682,63,2,0,3,Rien de particulier a signaler.,Non
CLI03824,N'Zérékoré,Femme,35,1148000,10,Prépayé,Non,Oui,47000,Orange Money,159,70,0,2483,8,0,2,3,Tres satisfait du reseau et du service.,Non
CLI03825,N'Zérékoré,Homme,23,938000,41,Prépayé,Non,Oui,56000,Virement bancaire,246,116,2,2224,16,4,2,0,Facturation incorrecte plusieurs fois de suite.,Oui
CLI03826,N'Zérékoré,Homme,24,307000,96,Prépayé,Non,Non,22000,Orange Money,125,75,8,3442,14,2,0,3,Trop cher par rapport a la qualite recue.,Oui
CLI03827,Conakry,Homme,36,534000,25,Prépayé,Oui,Oui,33000,Espèces,169,155,44,2907,20,0,1,1,Le forfait ne correspond plus a mes besoins.,Oui
CLI03828,Conakry,Femme,38,1083000,66,Illimité,Non,Non,75000,Virement bancaire,241,137,0,1978,26,2,0,2,"Utilisation standard, pas de souci majeur.",Non
CLI03829,Labé,Femme,31,660000,18,Prépayé,Non,Oui,35000,Espèces,246,95,3,3121,15,1,1,2,Service correct dans l'ensemble.,Non
CLI03830,Conakry,Femme,40,1036000,13,Prépayé,Oui,Non,80000,Espèces,188,170,26,169,1,1,1,4,Service client reactif et efficace.,Non
CLI03831,Kankan,Femme,26,675000,19,Prépayé,Non,Oui,52000,Espèces,218,133,3,2247,9,0,1,0,"Utilisation standard, pas de souci majeur.",Non
CLI03832,Boké,Femme,36,887000,6,Prépayé,Non,Oui,54000,Orange Money,200,93,1,3541,11,1,1,1,"Utilisation standard, pas de souci majeur.",Oui
CLI03833,Faranah,Homme,45,793000,4,Prépayé,Non,Oui,68000,Orange Money,192,137,1,1667,74,0,0,1,Offres interessantes et service fiable.,Non
CLI03834,Labé,Homme,44,373000,20,Postpayé,Oui,Oui,29000,Orange Money,190,18,45,3873,27,1,0,0,Service correct dans l'ensemble.,Non
CLI03835,Kindia,Femme,23,375000,16,Prépayé,Non,Oui,15000,Orange Money,243,71,0,3699,18,2,1,0,Facturation incorrecte plusieurs fois de suite.,Oui
CLI03836,N'Zérékoré,Homme,24,803000,96,Prépayé,Non,Oui,49000,Orange Money,177,140,1,1386,32,4,2,0,Rien de particulier a signaler.,Non
CLI03837,Conakry,Homme,24,872000,9,Prépayé,Non,Non,48000,Espèces,168,85,0,4197,27,2,0,9,"Utilisation standard, pas de souci majeur.",Non
CLI03838,Labé,Homme,35,1447000,17,Postpayé,Non,Oui,90000,Espèces,185,119,1,1188,45,0,1,8,Content de la couverture reseau dans ma zone.,Non
CLI03839,Boké,Femme,38,769000,47,Postpayé,Non,Oui,37000,Orange Money,163,48,1,3280,5,1,1,0,Facturation incorrecte plusieurs fois de suite.,Oui
CLI03840,Faranah,Homme,20,926000,23,Prépayé,Oui,Non,80000,Orange Money,149,94,28,1990,34,1,1,3,Tres decu par la qualite du reseau en ce moment.,Oui
CLI03841,Faranah,Homme,20,1740000,20,Prépayé,Non,Oui,147000,Espèces,169,78,0,2435,8,1,3,1,"Utilisation standard, pas de souci majeur.",Oui
CLI03842,Boké,Homme,35,682000,30,Prépayé,Non,Non,57000,Espèces,183,102,6,1460,17,0,3,10,Content de la couverture reseau dans ma zone.,Non
CLI03843,Kindia,Femme,18,1208000,18,Postpayé,Non,Non,71000,Orange Money,243,56,1,3280,19,0,1,0,"Utilisation standard, pas de souci majeur.",Non
CLI03844,Conakry,Homme,43,492000,26,Prépayé,Non,Non,37000,Orange Money,109,81,0,1794,92,0,3,3,Le service client ne repond jamais rapidement.,Oui
CLI03845,Conakry,Homme,33,471000,15,Prépayé,Non,Non,22000,Orange Money,221,202,1,2540,59,2,1,11,Aucune reponse a mes reclamations depuis un mois.,Oui
CLI03846,Boké,Femme,24,300000,8,Postpayé,Non,Oui,26000,Orange Money,183,125,10,2246,13,1,1,0,Rien de particulier a signaler.,Non
CLI03847,Conakry,Homme,44,643000,39,Illimité,Non,Oui,38000,Orange Money,165,56,4,913,43,1,0,21,Service client reactif et efficace.,Non
CLI03848,Kindia,Homme,33,300000,14,Postpayé,Oui,Oui,24000,Espèces,186,77,21,1448,59,4,0,0,Tres decu par la qualite du reseau en ce moment.,Oui
CLI03849,N'Zérékoré,Femme,26,1085000,8,Prépayé,Non,Oui,73000,Espèces,246,88,4,1668,53,2,1,0,Tres decu par la qualite du reseau en ce moment.,Oui
CLI03850,Mamou,Homme,57,452000,12,Postpayé,Non,Non,35000,Carte bancaire,233,157,13,2934,12,1,1,2,Le service client ne repond jamais rapidement.,Oui
CLI03851,Kindia,Homme,33,387000,21,Prépayé,Oui,Oui,22000,Virement bancaire,109,36,56,3328,59,0,1,9,"Bon rapport qualite prix, je recommande.",Non
CLI03852,N'Zérékoré,Homme,34,912000,33,Postpayé,Non,Non,67000,Espèces,240,85,5,2956,28,2,0,1,Rien de particulier a signaler.,Non
CLI03853,N'Zérékoré,Homme,37,802000,17,Prépayé,Non,Oui,42000,Carte bancaire,193,98,1,4189,34,0,0,0,"Utilisation standard, pas de souci majeur.",Non
CLI03854,Kankan,Homme,32,914000,26,Prépayé,Non,Oui,41000,Orange Money,177,47,2,3111,18,2,1,2,Le forfait ne correspond plus a mes besoins.,Oui
CLI03855,Kindia,Femme,39,620000,23,Prépayé,Non,Oui,40000,Orange Money,143,86,0,1465,13,3,1,0,Offres interessantes et service fiable.,Non
CLI03856,Kankan,Femme,28,1548000,96,Prépayé,Oui,Oui,131000,Orange Money,150,74,95,3479,1,0,3,0,"Bon rapport qualite prix, je recommande.",Non
CLI03857,Kankan,Homme,43,1455000,51,Prépayé,Non,Oui,81000,Orange Money,178,25,1,2313,48,2,0,0,"Bon rapport qualite prix, je recommande.",Non
CLI03858,Mamou,Femme,35,886000,4,Postpayé,Non,Non,35000,Espèces,56,99,3,2411,4,2,1,0,Service client reactif et efficace.,Non
CLI03859,Boké,Homme,35,442000,9,Prépayé,Non,Non,17000,Espèces,202,98,8,1803,8,1,0,0,Content de la couverture reseau dans ma zone.,Non
CLI03860,Conakry,Femme,44,1091000,12,Prépayé,Oui,Non,60000,Orange Money,157,63,38,1840,14,0,2,0,Aucun probleme depuis mon inscription.,Non
CLI03861,Conakry,Femme,21,1623000,38,Prépayé,Non,Non,89000,Espèces,219,87,3,3017,10,2,1,4,Trop de coupures de reseau ces derniers temps.,Oui
CLI03862,Labé,Femme,33,1142000,8,Postpayé,Non,Non,52000,Orange Money,244,74,1,1884,38,3,0,7,Trop cher par rapport a la qualite recue.,Oui
CLI03863,Boké,Femme,41,588000,73,Postpayé,Non,Non,46000,Virement bancaire,141,93,5,2610,3,1,0,0,Offres interessantes et service fiable.,Non
CLI03864,Boké,Homme,44,456000,34,Postpayé,Non,Oui,22000,Orange Money,248,99,1,2548,3,2,1,13,Service correct dans l'ensemble.,Oui
CLI03865,Kankan,Homme,31,1019000,21,Postpayé,Oui,Non,68000,Espèces,235,91,69,1174,4,0,0,1,Rien de particulier a signaler.,Non
CLI03866,Conakry,Homme,27,598000,63,Prépayé,Non,Non,28000,Espèces,184,94,3,3669,9,1,1,8,Service correct dans l'ensemble.,Non
CLI03867,Conakry,Femme,43,624000,6,Postpayé,Non,Oui,25000,Espèces,281,95,7,1188,5,1,2,1,"Utilisation standard, pas de souci majeur.",Non
CLI03868,Conakry,Femme,18,501000,79,Prépayé,Non,Oui,44000,Carte bancaire,176,55,1,3754,11,3,0,2,"Utilisation standard, pas de souci majeur.",Oui
CLI03869,Labé,Homme,45,312000,96,Prépayé,Non,Non,10000,Orange Money,130,149,1,2977,38,0,0,0,"Utilisation standard, pas de souci majeur.",Non
CLI03870,Conakry,Homme,18,750000,7,Illimité,Non,Non,59000,Orange Money,150,84,1,3821,170,1,1,0,Service correct dans l'ensemble.,Non
CLI03871,Kindia,Femme,22,724000,4,Illimité,Non,Oui,34000,Orange Money,116,107,0,1744,17,0,1,0,"Utilisation standard, pas de souci majeur.",Non
CLI03872,Conakry,Homme,44,960000,5,Postpayé,Non,Non,49000,Orange Money,284,101,6,2202,5,1,0,1,"Bon rapport qualite prix, je recommande.",Non
CLI03873,Conakry,Femme,33,300000,24,Postpayé,Non,Oui,11000,Orange Money,250,127,5,2452,1,0,0,13,Content de la couverture reseau dans ma zone.,Non
CLI03874,N'Zérékoré,Homme,24,926000,10,Prépayé,Oui,Non,46000,Orange Money,170,112,59,2630,23,2,0,0,Rien de particulier a signaler.,Non
CLI03875,Kindia,Femme,47,434000,24,Illimité,Non,Oui,38000,Orange Money,155,53,4,2466,5,0,1,8,Rien de particulier a signaler.,Oui
CLI03876,N'Zérékoré,Femme,37,398000,9,Postpayé,Non,Oui,21000,Espèces,145,122,1,4164,19,1,0,0,Content de la couverture reseau dans ma zone.,Non
CLI03877,Boké,Femme,27,433000,51,Postpayé,Non,Non,19000,Orange Money,196,75,13,2011,8,4,0,0,Aucun probleme depuis mon inscription.,Non
CLI03878,N'Zérékoré,Femme,40,1451000,37,Prépayé,Non,Oui,63000,Orange Money,236,83,1,2530,2,1,0,0,Offres interessantes et service fiable.,Non
CLI03879,Conakry,Femme,38,766000,15,Illimité,Non,Non,34000,Virement bancaire,189,115,1,2610,84,1,0,15,Aucun probleme depuis mon inscription.,Non
CLI03880,Kindia,Homme,31,437000,36,Prépayé,Non,Non,20000,Orange Money,139,160,1,2818,1,1,0,0,Service client reactif et efficace.,Non
CLI03881,Conakry,Femme,42,1078000,92,Prépayé,Non,Oui,79000,Orange Money,214,89,1,3288,16,2,1,9,Aucun probleme depuis mon inscription.,Non
CLI03882,Faranah,Homme,39,957000,22,Prépayé,Non,Non,71000,Orange Money,177,71,1,3354,26,2,0,0,Rien de particulier a signaler.,Oui
CLI03883,Conakry,Homme,19,442000,1,Prépayé,Non,Non,38000,Carte bancaire,305,107,2,3314,9,4,1,0,Service client reactif et efficace.,Non
CLI03884,Labé,Homme,36,337000,31,Prépayé,Non,Non,24000,Espèces,92,159,1,3069,40,1,0,3,Aucun probleme depuis mon inscription.,Non
CLI03885,Conakry,Homme,37,1075000,16,Prépayé,Non,Oui,39000,Orange Money,189,92,3,724,27,3,3,0,Facturation incorrecte plusieurs fois de suite.,Oui
CLI03886,Conakry,Homme,39,1143000,2,Postpayé,Non,Oui,96000,Orange Money,185,116,0,3520,4,1,1,8,Rien de particulier a signaler.,Non
CLI03887,Kankan,Femme,24,445000,5,Postpayé,Non,Non,31000,Orange Money,116,66,0,4310,12,0,0,3,Service correct dans l'ensemble.,Non
CLI03888,Kankan,Homme,44,553000,33,Prépayé,Oui,Oui,41000,Espèces,264,106,33,3005,2,0,0,1,Service client reactif et efficace.,Non
CLI03889,Kankan,Femme,18,688000,73,Prépayé,Oui,Non,56000,Virement bancaire,152,77,51,4114,5,0,0,9,"Je pense changer d'operateur, trop de pannes.",Oui
CLI03890,N'Zérékoré,Homme,28,442000,43,Prépayé,Oui,Oui,19000,Orange Money,110,77,39,1185,34,3,0,1,"Bon rapport qualite prix, je recommande.",Non
CLI03891,Kankan,Femme,30,954000,2,Postpayé,Non,Non,56000,Orange Money,253,94,9,1461,0,0,0,5,Rien de particulier a signaler.,Non
CLI03892,Conakry,Femme,34,681000,34,Prépayé,Oui,Non,60000,Orange Money,184,112,32,3697,37,0,2,4,Tres satisfait du reseau et du service.,Non
CLI03893,Conakry,Homme,32,566000,16,Prépayé,Non,Non,46000,Orange Money,233,47,5,1146,2,2,1,7,Rien de particulier a signaler.,Oui
CLI03894,Kindia,Femme,36,670000,37,Postpayé,Non,Non,32000,Espèces,160,119,2,1003,29,1,0,0,Tres satisfait du reseau et du service.,Non
CLI03895,N'Zérékoré,Femme,39,962000,48,Prépayé,Non,Non,49000,Carte bancaire,255,0,3,1611,37,1,0,0,"Bon rapport qualite prix, je recommande.",Non
CLI03896,Conakry,Homme,55,1306000,2,Prépayé,Non,Oui,113000,Espèces,233,55,0,2448,2,0,0,0,Content de la couverture reseau dans ma zone.,Non
CLI03897,Faranah,Homme,30,651000,7,Postpayé,Non,Non,21000,Orange Money,119,97,5,3210,29,2,0,0,Rien de particulier a signaler.,Non
CLI03898,Conakry,Homme,41,339000,13,Postpayé,Non,Oui,14000,Orange Money,169,140,3,1924,52,2,1,0,Service client reactif et efficace.,Non
CLI03899,Conakry,Homme,31,866000,5,Prépayé,Oui,Non,37000,Carte bancaire,162,52,54,1383,44,2,1,0,Le service client ne repond jamais rapidement.,Oui
CLI03900,Conakry,Homme,33,300000,23,Postpayé,Oui,Non,25000,Orange Money,149,89,61,3405,23,0,0,0,"Utilisation standard, pas de souci majeur.",Non
CLI03901,Boké,Femme,25,300000,4,Prépayé,Non,Non,12000,Espèces,206,107,1,1656,20,3,0,5,Facturation incorrecte plusieurs fois de suite.,Oui
CLI03902,N'Zérékoré,Femme,29,955000,21,Prépayé,Oui,Non,79000,Espèces,168,115,8,2729,12,4,1,0,Rien de particulier a signaler.,Non
CLI03903,Kankan,Homme,48,977000,1,Postpayé,Non,Non,64000,Orange Money,138,0,1,673,12,1,1,1,Offres interessantes et service fiable.,Non
CLI03904,Kindia,Femme,33,855000,52,Prépayé,Non,Non,38000,Virement bancaire,223,71,0,2525,8,0,0,0,Content de la couverture reseau dans ma zone.,Non
CLI03905,N'Zérékoré,Femme,37,957000,2,Prépayé,Non,Non,60000,Orange Money,54,115,1,3381,40,1,0,5,Le service client ne repond jamais rapidement.,Oui
CLI03906,Conakry,Homme,21,617000,25,Prépayé,Non,Oui,53000,Orange Money,289,67,2,4036,35,4,1,0,"Bon rapport qualite prix, je recommande.",Non
CLI03907,Conakry,Femme,40,572000,15,Illimité,Non,Non,39000,Orange Money,189,171,0,1430,0,1,0,7,Rien de particulier a signaler.,Non
CLI03908,Boké,Homme,39,931000,22,Prépayé,Non,Oui,73000,Orange Money,291,132,10,1331,2,0,0,1,Tres satisfait du reseau et du service.,Non
CLI03909,Kindia,Homme,38,537000,6,Illimité,Oui,Oui,28000,Espèces,151,192,33,3060,0,3,0,8,Le service client ne repond jamais rapidement.,Oui
CLI03910,Kankan,Homme,46,640000,13,Prépayé,Non,Oui,38000,Espèces,98,106,5,2765,9,0,0,0,"Utilisation standard, pas de souci majeur.",Oui
CLI03911,Conakry,Femme,34,473000,79,Prépayé,Oui,Oui,30000,Orange Money,246,149,61,4236,5,1,0,2,Tres satisfait du reseau et du service.,Non
CLI03912,Kankan,Femme,28,311000,22,Prépayé,Non,Oui,13000,Orange Money,123,27,1,2786,1,0,3,8,"Utilisation standard, pas de souci majeur.",Oui
CLI03913,Conakry,Homme,39,521000,1,Prépayé,Non,Non,29000,Orange Money,130,83,0,2429,34,4,0,0,Service client reactif et efficace.,Non
CLI03914,Kankan,Homme,39,411000,96,Prépayé,Non,Non,28000,Orange Money,203,82,5,4161,7,0,0,1,Tres satisfait du reseau et du service.,Non
CLI03915,Conakry,Homme,53,875000,28,Prépayé,Non,Oui,65000,Orange Money,284,106,3,2997,3,2,1,4,Content de la couverture reseau dans ma zone.,Non
CLI03916,N'Zérékoré,Homme,30,700000,8,Postpayé,Non,Oui,22000,Orange Money,218,103,6,4607,42,0,0,1,"Utilisation standard, pas de souci majeur.",Non
CLI03917,Kankan,Femme,36,1025000,14,Postpayé,Non,Non,66000,Carte bancaire,208,140,1,3155,30,2,0,0,Rien de particulier a signaler.,Oui
CLI03918,Labé,Femme,49,657000,24,Prépayé,Non,Non,26000,Espèces,108,77,5,1887,21,0,1,0,Service client reactif et efficace.,Non
CLI03919,Kankan,Homme,33,1174000,14,Prépayé,Non,Non,55000,Espèces,167,71,0,4095,30,1,0,5,"Bon rapport qualite prix, je recommande.",Non
CLI03920,Kankan,Homme,59,1198000,38,Prépayé,Oui,Non,48000,Espèces,166,121,25,3752,10,2,0,10,Rien de particulier a signaler.,Oui
CLI03921,Kankan,Femme,58,797000,13,Postpayé,Non,Oui,45000,Virement bancaire,138,19,2,50,85,2,2,0,Rien de particulier a signaler.,Oui
CLI03922,Mamou,Femme,35,462000,7,Illimité,Non,Oui,29000,Orange Money,158,145,4,4052,15,0,0,7,Service correct dans l'ensemble.,Non
CLI03923,N'Zérékoré,Homme,42,663000,15,Postpayé,Oui,Oui,24000,Espèces,98,107,40,3491,9,1,0,0,Service correct dans l'ensemble.,Non
CLI03924,Labé,Femme,45,499000,28,Prépayé,Non,Non,33000,Espèces,214,11,4,2834,2,0,1,0,Offres interessantes et service fiable.,Non
CLI03925,Faranah,Femme,28,610000,18,Prépayé,Non,Non,20000,Espèces,177,84,1,929,20,0,0,10,Service client reactif et efficace.,Non
CLI03926,Boké,Femme,25,812000,7,Prépayé,Non,Oui,42000,Espèces,0,51,1,2211,13,4,0,2,Trop de coupures de reseau ces derniers temps.,Oui
CLI03927,N'Zérékoré,Homme,48,510000,40,Postpayé,Oui,Oui,24000,Orange Money,224,55,62,2347,26,2,0,3,Offres interessantes et service fiable.,Non
CLI03928,Conakry,Homme,45,1079000,1,Prépayé,Non,Non,42000,Orange Money,255,92,0,2374,51,3,0,0,"Bon rapport qualite prix, je recommande.",Non
CLI03929,Faranah,Homme,30,1463000,1,Postpayé,Non,Oui,130000,Carte bancaire,204,59,2,4008,22,1,1,9,Offres interessantes et service fiable.,Non
CLI03930,Conakry,Homme,28,754000,4,Prépayé,Non,Oui,55000,Orange Money,205,131,1,5075,110,1,0,3,Offres interessantes et service fiable.,Non
CLI03931,Mamou,Homme,21,831000,3,Postpayé,Oui,Non,31000,Orange Money,229,106,65,3068,13,2,0,2,Service client reactif et efficace.,Non
CLI03932,Conakry,Homme,19,741000,7,Illimité,Non,Oui,28000,Orange Money,147,68,1,2561,71,2,0,2,Rien de particulier a signaler.,Non
CLI03933,Kindia,Homme,44,521000,8,Prépayé,Non,Non,46000,Orange Money,202,129,0,2665,38,0,0,0,Offres interessantes et service fiable.,Non
CLI03934,Mamou,Femme,38,651000,45,Prépayé,Non,Oui,32000,Orange Money,246,109,0,4787,0,0,1,0,Trop cher par rapport a la qualite recue.,Oui
CLI03935,Kindia,Homme,33,634000,5,Postpayé,Non,Non,52000,Orange Money,181,64,1,2275,10,2,1,1,Service client reactif et efficace.,Non
CLI03936,Mamou,Homme,19,566000,13,Postpayé,Non,Oui,32000,Carte bancaire,219,115,1,2992,5,0,0,0,Content de la couverture reseau dans ma zone.,Non
CLI03937,Mamou,Femme,25,955000,22,Prépayé,Non,Non,80000,Orange Money,182,84,2,2464,3,1,1,0,Aucun probleme depuis mon inscription.,Non
CLI03938,Conakry,Femme,36,704000,7,Postpayé,Non,Oui,26000,Orange Money,234,135,4,4171,47,2,3,18,Trop de coupures de reseau ces derniers temps.,Oui
CLI03939,Faranah,Femme,20,1133000,32,Illimité,Oui,Non,58000,Orange Money,176,81,47,3217,31,1,1,0,"Utilisation standard, pas de souci majeur.",Oui
CLI03940,Conakry,Homme,35,1163000,10,Postpayé,Non,Oui,62000,Orange Money,161,145,6,3864,18,1,0,0,Le service client ne repond jamais rapidement.,Oui
CLI03941,Boké,Femme,28,1947000,23,Postpayé,Non,Non,160000,Orange Money,224,68,0,1700,1,1,0,0,Tres satisfait du reseau et du service.,Non
CLI03942,Labé,Homme,18,921000,35,Prépayé,Non,Oui,53000,Orange Money,221,93,2,4608,6,1,0,6,Aucun probleme depuis mon inscription.,Non
CLI03943,Kindia,Homme,40,649000,59,Prépayé,Non,Oui,35000,Espèces,215,134,2,899,42,0,0,0,Tres satisfait du reseau et du service.,Non
CLI03944,Conakry,Homme,26,656000,13,Prépayé,Non,Non,42000,Espèces,100,77,2,50,38,0,1,0,Content de la couverture reseau dans ma zone.,Non
CLI03945,Conakry,Homme,18,1176000,40,Postpayé,Non,Non,97000,Espèces,232,110,12,3855,83,1,0,1,Service client reactif et efficace.,Non
CLI03946,Mamou,Homme,31,716000,67,Prépayé,Non,Oui,30000,Espèces,156,113,2,2884,8,1,0,0,Tres satisfait du reseau et du service.,Non
CLI03947,Faranah,Homme,18,685000,36,Prépayé,Non,Oui,26000,Carte bancaire,151,132,8,3722,11,1,1,8,Content de la couverture reseau dans ma zone.,Non
CLI03948,Conakry,Homme,43,827000,74,Prépayé,Non,Non,47000,Orange Money,232,95,0,1875,4,0,0,0,Rien de particulier a signaler.,Non
CLI03949,Labé,Femme,29,830000,39,Prépayé,Non,Non,74000,Carte bancaire,189,139,3,1494,6,2,1,4,Trop cher par rapport a la qualite recue.,Oui
CLI03950,Conakry,Homme,32,555000,3,Prépayé,Non,Oui,30000,Carte bancaire,131,83,3,2933,68,2,0,0,Aucun probleme depuis mon inscription.,Non
CLI03951,Mamou,Homme,45,943000,37,Illimité,Oui,Oui,64000,Espèces,115,109,1,3103,6,1,0,6,Service correct dans l'ensemble.,Non
CLI03952,Conakry,Homme,18,670000,44,Prépayé,Oui,Non,23000,Orange Money,32,35,32,1222,17,0,0,2,"Bon rapport qualite prix, je recommande.",Non
CLI03953,Kindia,Femme,35,576000,6,Prépayé,Non,Non,31000,Espèces,124,139,1,2769,4,0,0,2,Trop cher par rapport a la qualite recue.,Oui
CLI03954,Mamou,Femme,44,818000,1,Prépayé,Oui,Oui,32000,Espèces,146,35,54,1624,11,1,1,12,Service correct dans l'ensemble.,Oui
CLI03955,Boké,Femme,39,1629000,10,Prépayé,Non,Oui,142000,Orange Money,232,116,1,3043,1,1,0,13,Aucun probleme depuis mon inscription.,Non
CLI03956,Boké,Femme,23,536000,25,Postpayé,Non,Oui,34000,Orange Money,170,50,2,787,44,2,0,11,Facturation incorrecte plusieurs fois de suite.,Oui
CLI03957,Kindia,Homme,38,516000,2,Prépayé,Non,Oui,45000,Espèces,261,50,13,3410,19,1,0,0,"Bon rapport qualite prix, je recommande.",Non
CLI03958,Kankan,Homme,52,810000,90,Prépayé,Non,Oui,66000,Orange Money,132,64,2,1722,2,0,0,5,Content de la couverture reseau dans ma zone.,Non
CLI03959,Kindia,Homme,24,1251000,1,Prépayé,Oui,Non,53000,Espèces,148,43,15,50,12,0,2,0,Trop cher par rapport a la qualite recue.,Oui
CLI03960,Mamou,Femme,28,1126000,36,Illimité,Non,Oui,84000,Espèces,96,149,0,3007,0,0,1,0,Rien de particulier a signaler.,Non
CLI03961,Conakry,Femme,41,1454000,17,Prépayé,Oui,Oui,105000,Orange Money,195,62,59,50,7,0,1,4,Tres satisfait du reseau et du service.,Non
CLI03962,N'Zérékoré,Femme,34,1208000,3,Prépayé,Non,Oui,100000,Orange Money,343,81,7,1564,74,0,0,1,Content de la couverture reseau dans ma zone.,Non
CLI03963,N'Zérékoré,Femme,31,654000,17,Prépayé,Non,Oui,23000,Carte bancaire,93,123,1,2029,6,1,1,0,"Utilisation standard, pas de souci majeur.",Non
CLI03964,Conakry,Femme,53,395000,13,Prépayé,Non,Oui,30000,Orange Money,137,73,6,4005,27,0,0,0,Service client reactif et efficace.,Non
CLI03965,Boké,Homme,26,1221000,96,Postpayé,Non,Oui,100000,Carte bancaire,200,48,5,2067,76,1,1,1,Aucun probleme depuis mon inscription.,Non
CLI03966,Conakry,Homme,43,1941000,2,Prépayé,Non,Oui,104000,Carte bancaire,309,107,0,1872,1,1,1,1,Le forfait ne correspond plus a mes besoins.,Oui
CLI03967,Kindia,Homme,20,540000,7,Prépayé,Non,Oui,29000,Orange Money,151,37,0,3935,44,3,0,0,Facturation incorrecte plusieurs fois de suite.,Oui
CLI03968,Kankan,Homme,18,1346000,7,Prépayé,Non,Oui,91000,Orange Money,228,97,0,2833,17,1,1,6,Service client reactif et efficace.,Non
CLI03969,Labé,Homme,33,908000,3,Postpayé,Non,Non,49000,Orange Money,135,154,0,2794,6,0,0,0,Service correct dans l'ensemble.,Non
CLI03970,Conakry,Femme,42,1226000,6,Postpayé,Non,Non,85000,Orange Money,76,160,1,3557,13,0,0,3,Le forfait ne correspond plus a mes besoins.,Oui
CLI03971,N'Zérékoré,Homme,29,445000,3,Prépayé,Non,Non,16000,Orange Money,154,66,0,50,12,1,0,3,Tres satisfait du reseau et du service.,Non
CLI03972,Labé,Femme,52,900000,34,Prépayé,Non,Oui,44000,Orange Money,117,118,0,2631,3,2,1,0,Service correct dans l'ensemble.,Non
CLI03973,Conakry,Homme,34,463000,49,Prépayé,Non,Oui,30000,Carte bancaire,168,109,1,3472,22,0,0,0,"Bon rapport qualite prix, je recommande.",Non
CLI03974,Kindia,Homme,40,300000,25,Illimité,Non,Non,11000,Orange Money,151,82,0,3258,8,0,0,0,Offres interessantes et service fiable.,Non
CLI03975,Conakry,Femme,37,945000,22,Prépayé,Non,Oui,41000,Espèces,168,118,1,3660,8,2,1,1,"Utilisation standard, pas de souci majeur.",Non
CLI03976,Kankan,Femme,22,888000,87,Prépayé,Non,Non,73000,Orange Money,170,52,7,2218,43,1,1,10,Service correct dans l'ensemble.,Non
CLI03977,Kindia,Femme,47,385000,17,Prépayé,Oui,Non,31000,Espèces,197,81,65,2452,22,0,1,0,"Bon rapport qualite prix, je recommande.",Non
CLI03978,Boké,Homme,49,893000,56,Prépayé,Non,Oui,51000,Espèces,20,82,2,2736,26,1,1,2,Service client reactif et efficace.,Non
CLI03979,Kankan,Femme,49,1930000,25,Prépayé,Non,Non,139000,Carte bancaire,136,109,0,2565,42,2,1,5,Trop cher par rapport a la qualite recue.,Oui
CLI03980,Labé,Homme,47,2190000,32,Prépayé,Non,Non,109000,Espèces,127,99,5,1250,7,2,0,4,Tres satisfait du reseau et du service.,Non
CLI03981,Conakry,Femme,48,1032000,10,Postpayé,Oui,Oui,45000,Espèces,206,102,17,852,35,0,0,1,Aucun probleme depuis mon inscription.,Non
CLI03982,Conakry,Homme,44,311000,2,Illimité,Non,Oui,10000,Espèces,198,42,7,540,28,0,0,1,Rien de particulier a signaler.,Non
CLI03983,Conakry,Homme,48,549000,14,Prépayé,Non,Non,37000,Orange Money,224,137,3,3772,2,2,1,0,"Je pense changer d'operateur, trop de pannes.",Oui
CLI03984,Mamou,Homme,38,699000,12,Prépayé,Non,Non,57000,Orange Money,231,100,1,4066,15,2,1,2,Service correct dans l'ensemble.,Non
CLI03985,Labé,Femme,26,339000,11,Postpayé,Non,Non,25000,Espèces,149,69,1,1456,39,1,0,0,Service correct dans l'ensemble.,Non
CLI03986,Kindia,Homme,40,741000,9,Prépayé,Non,Non,33000,Espèces,107,99,0,1330,13,1,2,0,Aucune reponse a mes reclamations depuis un mois.,Oui
CLI03987,Kindia,Homme,45,898000,70,Illimité,Non,Non,74000,Orange Money,129,56,4,1521,25,3,0,7,Aucun probleme depuis mon inscription.,Non
CLI03988,Conakry,Homme,26,470000,27,Prépayé,Non,Oui,15000,Espèces,127,174,11,3683,19,2,0,0,Aucun probleme depuis mon inscription.,Non
CLI03989,Conakry,Femme,34,701000,32,Prépayé,Non,Oui,61000,Carte bancaire,117,46,0,1175,5,0,1,3,Aucun probleme depuis mon inscription.,Non
CLI03990,Mamou,Homme,47,650000,5,Prépayé,Non,Oui,25000,Espèces,237,20,8,1619,20,2,0,0,Tres satisfait du reseau et du service.,Non
CLI03991,Kankan,Femme,30,441000,31,Prépayé,Non,Non,37000,Orange Money,252,56,1,2537,9,1,0,2,Tres satisfait du reseau et du service.,Non
CLI03992,Boké,Homme,62,640000,37,Prépayé,Oui,Non,27000,Carte bancaire,155,116,101,1037,3,0,0,0,Service client reactif et efficace.,Non
CLI03993,Mamou,Femme,41,904000,6,Postpayé,Non,Oui,47000,Orange Money,247,78,3,2496,2,0,2,10,Offres interessantes et service fiable.,Non
CLI03994,Boké,Femme,49,1402000,10,Postpayé,Oui,Oui,70000,Carte bancaire,129,109,30,2311,9,1,2,1,Service client reactif et efficace.,Non
CLI03995,Conakry,Homme,44,1003000,26,Postpayé,Non,Oui,53000,Carte bancaire,75,136,8,2422,11,0,2,0,Service correct dans l'ensemble.,Non
CLI03996,Conakry,Homme,47,300000,13,Illimité,Non,Oui,13000,Orange Money,39,81,1,1169,11,0,1,0,"Utilisation standard, pas de souci majeur.",Non
CLI03997,Kankan,Homme,37,820000,28,Postpayé,Non,Non,36000,Orange Money,221,89,6,2608,33,3,0,0,"Utilisation standard, pas de souci majeur.",Oui
CLI03998,Kankan,Homme,27,628000,5,Postpayé,Non,Oui,31000,Orange Money,171,82,7,2503,22,1,0,6,Service correct dans l'ensemble.,Oui
CLI03999,N'Zérékoré,Femme,20,892000,41,Prépayé,Non,Oui,46000,Orange Money,19,85,8,3692,2,2,1,6,Content de la couverture reseau dans ma zone.,Non
CLI04000,Kindia,Femme,18,1287000,18,Prépayé,Non,Non,84000,Espèces,230,89,3,2939,40,4,3,12,Le service client ne repond jamais rapidement.,Oui
CLI04001,Faranah,Homme,25,1556000,34,Prépayé,Oui,Oui,112000,Orange Money,215,110,44,4777,12,1,0,3,Rien de particulier a signaler.,Non
CLI04002,Faranah,Homme,18,309000,39,Postpayé,Non,Non,27000,Orange Money,80,91,3,2478,41,2,0,1,Tres decu par la qualite du reseau en ce moment.,Oui
CLI04003,Mamou,Homme,31,537000,2,Postpayé,Non,Oui,22000,Carte bancaire,248,86,1,2567,8,0,0,0,Service client reactif et efficace.,Non
CLI04004,Kankan,Homme,23,1683000,5,Postpayé,Non,Non,99000,Virement bancaire,248,70,2,1413,77,1,0,0,"Utilisation standard, pas de souci majeur.",Non
CLI04005,N'Zérékoré,Homme,27,613000,88,Prépayé,Non,Oui,32000,Orange Money,245,131,2,1564,8,0,0,0,Offres interessantes et service fiable.,Non
CLI04006,Conakry,Femme,25,708000,10,Prépayé,Non,Oui,61000,Orange Money,154,96,2,1532,32,1,0,2,"Bon rapport qualite prix, je recommande.",Non
CLI04007,Faranah,Homme,42,601000,17,Prépayé,Oui,Oui,45000,Espèces,150,5,56,50,26,0,2,8,Service correct dans l'ensemble.,Non
CLI04008,Kindia,Homme,27,724000,3,Prépayé,Non,Oui,48000,Orange Money,145,124,1,2854,16,2,1,0,Offres interessantes et service fiable.,Non
CLI04009,Kankan,Femme,25,639000,1,Postpayé,Non,Oui,45000,Espèces,128,52,2,4270,0,2,1,14,Service correct dans l'ensemble.,Oui
CLI04010,N'Zérékoré,Homme,52,596000,50,Postpayé,Non,Oui,37000,Espèces,282,38,0,2154,44,1,0,0,Service correct dans l'ensemble.,Non
CLI04011,N'Zérékoré,Homme,30,644000,1,Prépayé,Non,Non,45000,Espèces,256,100,3,1535,0,0,1,0,Rien de particulier a signaler.,Non
CLI04012,Faranah,Homme,50,1036000,4,Prépayé,Non,Oui,35000,Espèces,140,78,3,1784,98,5,1,0,Le forfait ne correspond plus a mes besoins.,Oui
CLI04013,N'Zérékoré,Femme,29,591000,17,Prépayé,Oui,Oui,37000,Virement bancaire,73,43,45,4152,22,0,0,9,Content de la couverture reseau dans ma zone.,Non
CLI04014,Conakry,Homme,32,300000,2,Prépayé,Oui,Oui,22000,Orange Money,285,6,53,4391,54,0,0,0,Offres interessantes et service fiable.,Non
CLI04015,Conakry,Homme,37,508000,18,Postpayé,Non,Non,40000,Espèces,187,164,2,217,32,0,1,0,Facturation incorrecte plusieurs fois de suite.,Oui
CLI04016,Kindia,Homme,19,1183000,64,Prépayé,Non,Non,42000,Orange Money,164,58,8,795,4,1,0,0,"Utilisation standard, pas de souci majeur.",Non
CLI04017,Faranah,Homme,51,378000,10,Illimité,Oui,Non,25000,Carte bancaire,256,102,55,2963,22,1,0,0,Service correct dans l'ensemble.,Non
CLI04018,Kankan,Femme,53,1559000,7,Prépayé,Oui,Oui,57000,Orange Money,228,100,76,4340,2,4,0,1,Aucun probleme depuis mon inscription.,Non
CLI04019,Kankan,Femme,29,568000,6,Prépayé,Non,Oui,39000,Espèces,199,77,0,1487,20,3,1,0,Facturation incorrecte plusieurs fois de suite.,Oui
CLI04020,Conakry,Femme,46,673000,7,Illimité,Non,Non,32000,Carte bancaire,173,101,10,4216,18,1,1,1,Aucune reponse a mes reclamations depuis un mois.,Oui
CLI04021,Mamou,Homme,37,1549000,4,Prépayé,Non,Oui,117000,Orange Money,203,68,0,2367,43,1,1,0,Content de la couverture reseau dans ma zone.,Non
CLI04022,Labé,Homme,29,1188000,80,Postpayé,Non,Oui,101000,Espèces,204,0,7,2060,62,0,1,3,Service client reactif et efficace.,Non
CLI04023,Conakry,Femme,52,1077000,11,Postpayé,Non,Oui,66000,Espèces,230,109,1,2183,47,3,1,0,"Utilisation standard, pas de souci majeur.",Oui
CLI04024,Boké,Femme,23,1237000,20,Illimité,Non,Non,59000,Orange Money,351,79,6,373,22,4,0,1,"Je pense changer d'operateur, trop de pannes.",Oui
CLI04025,Kankan,Homme,34,1341000,12,Prépayé,Non,Non,90000,Orange Money,161,28,1,4205,15,1,1,0,Offres interessantes et service fiable.,Non
CLI04026,Conakry,Femme,45,548000,31,Prépayé,Non,Non,20000,Virement bancaire,169,84,6,1284,18,2,2,5,Trop de coupures de reseau ces derniers temps.,Oui
CLI04027,Kankan,Homme,32,788000,46,Prépayé,Oui,Non,41000,Virement bancaire,175,96,30,327,3,1,2,0,Tres satisfait du reseau et du service.,Non
CLI04028,Conakry,Homme,39,303000,38,Prépayé,Non,Non,20000,Orange Money,223,142,5,3272,106,4,0,10,Aucun probleme depuis mon inscription.,Non
CLI04029,Conakry,Homme,20,582000,25,Prépayé,Non,Non,47000,Orange Money,258,144,4,2477,2,1,0,0,Facturation incorrecte plusieurs fois de suite.,Oui
CLI04030,Kindia,Homme,32,2521000,7,Prépayé,Non,Non,123000,Carte bancaire,221,79,1,4901,29,0,2,1,Le service client ne repond jamais rapidement.,Oui
CLI04031,Kankan,Homme,35,1854000,34,Postpayé,Non,Oui,58000,Orange Money,225,131,0,1068,46,3,1,0,Tres decu par la qualite du reseau en ce moment.,Oui
CLI04032,Kankan,Homme,20,413000,5,Prépayé,Non,Oui,23000,Orange Money,154,59,0,2548,40,1,0,0,"Bon rapport qualite prix, je recommande.",Non
CLI04033,Kankan,Femme,25,659000,1,Illimité,Non,Oui,37000,Carte bancaire,217,116,4,4733,18,0,0,3,Rien de particulier a signaler.,Non
CLI04034,Conakry,Homme,27,903000,3,Prépayé,Non,Oui,29000,Carte bancaire,243,44,2,948,6,3,1,1,"Utilisation standard, pas de souci majeur.",Oui
CLI04035,Conakry,Femme,31,1335000,2,Prépayé,Non,Non,94000,Espèces,123,121,3,2541,21,2,1,3,Rien de particulier a signaler.,Non
CLI04036,Conakry,Femme,36,668000,11,Postpayé,Non,Oui,27000,Espèces,169,96,5,1701,9,2,0,1,Service correct dans l'ensemble.,Oui
CLI04037,Conakry,Femme,30,573000,19,Illimité,Non,Oui,34000,Virement bancaire,82,111,1,3035,30,1,0,7,Tres satisfait du reseau et du service.,Non
CLI04038,Boké,Femme,18,611000,24,Prépayé,Non,Oui,47000,Orange Money,180,130,7,1990,6,2,1,0,Facturation incorrecte plusieurs fois de suite.,Oui
CLI04039,N'Zérékoré,Femme,35,365000,1,Prépayé,Oui,Oui,25000,Espèces,176,72,46,3304,43,2,0,5,Trop de coupures de reseau ces derniers temps.,Oui
CLI04040,Mamou,Femme,48,522000,2,Illimité,Oui,Oui,30000,Espèces,186,181,49,2011,14,0,1,9,Facturation incorrecte plusieurs fois de suite.,Oui
CLI04041,Kindia,Homme,34,1259000,8,Illimité,Oui,Non,70000,Orange Money,115,118,14,173,1,0,0,12,Tres decu par la qualite du reseau en ce moment.,Oui
CLI04042,N'Zérékoré,Homme,30,395000,96,Postpayé,Oui,Oui,22000,Espèces,168,114,56,375,21,3,1,1,Service client reactif et efficace.,Non
CLI04043,Labé,Femme,34,638000,16,Postpayé,Non,Oui,52000,Orange Money,75,117,2,1724,34,2,0,2,Rien de particulier a signaler.,Non
CLI04044,Conakry,Femme,41,511000,9,Prépayé,Non,Oui,31000,Orange Money,207,78,5,2403,56,2,0,0,Offres interessantes et service fiable.,Non
CLI04045,Conakry,Homme,19,533000,16,Prépayé,Non,Non,43000,Carte bancaire,191,86,1,4014,16,1,0,13,Service client reactif et efficace.,Non
CLI04046,Labé,Homme,51,680000,5,Prépayé,Non,Oui,23000,Espèces,188,103,0,2409,14,0,0,1,Le service client ne repond jamais rapidement.,Oui
CLI04047,Conakry,Homme,31,761000,17,Prépayé,Non,Oui,30000,Orange Money,73,146,4,2643,69,3,0,2,Trop cher par rapport a la qualite recue.,Oui
CLI04048,Conakry,Homme,55,483000,29,Prépayé,Non,Oui,22000,Carte bancaire,277,69,5,745,61,2,0,2,Le service client ne repond jamais rapidement.,Oui
CLI04049,Kindia,Femme,27,741000,20,Illimité,Non,Oui,63000,Orange Money,94,97,1,1260,20,1,0,0,"Utilisation standard, pas de souci majeur.",Non
CLI04050,Labé,Femme,23,398000,9,Postpayé,Non,Oui,27000,Espèces,106,50,1,574,2,2,1,3,Trop cher par rapport a la qualite recue.,Oui
CLI04051,N'Zérékoré,Femme,36,630000,9,Prépayé,Non,Non,51000,Espèces,265,0,7,50,36,0,2,0,Service correct dans l'ensemble.,Oui
CLI04052,Conakry,Homme,45,1024000,22,Prépayé,Non,Oui,31000,Orange Money,258,25,8,3230,33,2,2,0,Tres satisfait du reseau et du service.,Non
CLI04053,N'Zérékoré,Homme,39,863000,35,Postpayé,Oui,Oui,50000,Orange Money,302,0,55,3601,5,3,0,0,Tres satisfait du reseau et du service.,Non
CLI04054,Boké,Homme,36,775000,9,Prépayé,Oui,Non,51000,Orange Money,211,99,43,5103,25,1,1,0,Aucune reponse a mes reclamations depuis un mois.,Oui
CLI04055,Kindia,Homme,37,342000,3,Prépayé,Non,Non,21000,Espèces,290,76,2,2464,69,3,0,1,Trop cher par rapport a la qualite recue.,Oui
CLI04056,Conakry,Femme,36,300000,57,Illimité,Non,Non,10000,Virement bancaire,217,34,6,1043,1,0,0,0,Service correct dans l'ensemble.,Non
CLI04057,Kindia,Homme,46,666000,14,Prépayé,Non,Oui,38000,Orange Money,270,75,0,3557,26,2,0,0,"Utilisation standard, pas de souci majeur.",Non
CLI04058,Boké,Homme,34,788000,18,Prépayé,Non,Non,51000,Carte bancaire,229,13,3,2690,19,2,0,4,Service correct dans l'ensemble.,Non
CLI04059,Kindia,Femme,42,1324000,17,Prépayé,Non,Non,100000,Espèces,246,11,5,2626,11,0,0,0,"Utilisation standard, pas de souci majeur.",Non
CLI04060,Kankan,Homme,28,820000,96,Prépayé,Non,Oui,54000,Carte bancaire,158,84,1,2829,25,1,0,0,Service correct dans l'ensemble.,Non
CLI04061,Kindia,Femme,32,431000,46,Prépayé,Oui,Oui,23000,Carte bancaire,181,112,7,3188,10,0,0,3,Service correct dans l'ensemble.,Non
CLI04062,Conakry,Homme,26,610000,15,Prépayé,Non,Oui,46000,Espèces,160,69,6,2672,13,3,0,1,Offres interessantes et service fiable.,Non
CLI04063,N'Zérékoré,Femme,31,1044000,21,Prépayé,Non,Oui,92000,Orange Money,237,81,1,3487,10,1,0,2,Offres interessantes et service fiable.,Non
CLI04064,Kankan,Homme,29,872000,6,Prépayé,Non,Non,55000,Orange Money,223,62,1,2089,79,0,0,0,Aucun probleme depuis mon inscription.,Non
CLI04065,Conakry,Homme,18,300000,24,Prépayé,Non,Non,23000,Espèces,275,97,1,3968,9,1,2,3,Rien de particulier a signaler.,Non
CLI04066,Labé,Homme,45,1297000,34,Postpayé,Non,Non,101000,Espèces,164,175,2,50,38,0,0,0,"Utilisation standard, pas de souci majeur.",Non
CLI04067,Mamou,Homme,38,500000,9,Prépayé,Non,Non,27000,Orange Money,44,71,5,2453,15,3,1,0,Trop cher par rapport a la qualite recue.,Oui
CLI04068,Conakry,Homme,40,2028000,21,Prépayé,Non,Oui,103000,Orange Money,279,111,1,5156,25,0,1,0,Service client reactif et efficace.,Non
CLI04069,Kindia,Femme,59,716000,22,Prépayé,Oui,Oui,58000,Orange Money,152,170,0,3289,7,2,0,8,Aucune reponse a mes reclamations depuis un mois.,Oui
CLI04070,Conakry,Homme,18,1702000,61,Postpayé,Non,Oui,146000,Carte bancaire,193,68,3,3961,26,0,1,0,Rien de particulier a signaler.,Non
CLI04071,Conakry,Homme,39,300000,21,Prépayé,Non,Non,18000,Orange Money,121,106,3,2195,2,1,0,0,Rien de particulier a signaler.,Non
CLI04072,Labé,Femme,36,776000,65,Prépayé,Non,Non,48000,Orange Money,156,119,1,1429,50,1,0,5,Service correct dans l'ensemble.,Non
CLI04073,Conakry,Homme,46,1010000,24,Prépayé,Non,Non,89000,Espèces,256,52,0,4512,14,0,0,1,Content de la couverture reseau dans ma zone.,Non
CLI04074,Boké,Homme,28,1255000,1,Prépayé,Non,Oui,67000,Orange Money,66,3,3,3714,9,2,1,0,"Utilisation standard, pas de souci majeur.",Oui
CLI04075,Boké,Homme,29,438000,66,Postpayé,Non,Oui,17000,Orange Money,119,83,2,2083,62,1,0,13,Offres interessantes et service fiable.,Non
CLI04076,Labé,Femme,22,433000,15,Prépayé,Non,Oui,19000,Orange Money,178,137,4,1292,9,0,0,7,Service correct dans l'ensemble.,Non
CLI04077,Kankan,Homme,42,1244000,22,Postpayé,Oui,Non,83000,Orange Money,96,101,18,763,67,2,1,5,Content de la couverture reseau dans ma zone.,Non
CLI04078,Conakry,Homme,55,878000,96,Illimité,Non,Non,68000,Orange Money,130,79,3,3280,21,3,0,0,Aucun probleme depuis mon inscription.,Non
CLI04079,Conakry,Homme,26,705000,6,Prépayé,Non,Oui,46000,Orange Money,135,93,2,2815,15,1,0,0,Service correct dans l'ensemble.,Non
CLI04080,Mamou,Homme,36,1261000,7,Postpayé,Non,Oui,46000,Espèces,103,12,1,3584,7,2,0,1,Service correct dans l'ensemble.,Oui
CLI04081,Boké,Homme,37,745000,3,Prépayé,Oui,Non,50000,Carte bancaire,297,182,55,3227,11,2,0,0,Service client reactif et efficace.,Non
CLI04082,Conakry,Homme,27,300000,12,Postpayé,Non,Oui,22000,Espèces,172,48,0,3131,10,1,3,0,"Utilisation standard, pas de souci majeur.",Non
CLI04083,Conakry,Femme,18,747000,6,Postpayé,Non,Oui,25000,Espèces,129,55,4,376,62,1,0,7,"Bon rapport qualite prix, je recommande.",Non
CLI04084,Conakry,Homme,44,627000,22,Postpayé,Non,Oui,51000,Espèces,228,95,2,2587,83,0,0,1,Offres interessantes et service fiable.,Non
CLI04085,N'Zérékoré,Homme,18,315000,9,Prépayé,Oui,Oui,20000,Virement bancaire,126,122,50,3213,25,0,1,0,Content de la couverture reseau dans ma zone.,Non
CLI04086,Kindia,Femme,46,472000,1,Postpayé,Non,Non,38000,Orange Money,165,154,2,1730,20,2,0,4,Rien de particulier a signaler.,Non
CLI04087,Labé,Homme,20,523000,16,Prépayé,Non,Non,43000,Orange Money,229,85,9,2659,4,1,2,2,Service correct dans l'ensemble.,Non
CLI04088,Labé,Femme,45,635000,15,Prépayé,Non,Non,57000,Orange Money,151,82,1,2110,111,2,0,0,"Bon rapport qualite prix, je recommande.",Non
CLI04089,Faranah,Homme,48,580000,1,Postpayé,Non,Oui,18000,Orange Money,137,109,0,922,33,0,1,8,"Bon rapport qualite prix, je recommande.",Non
CLI04090,Boké,Homme,29,1424000,4,Prépayé,Non,Oui,75000,Orange Money,325,146,3,2379,1,1,0,0,"Je pense changer d'operateur, trop de pannes.",Oui
CLI04091,Kindia,Femme,21,542000,1,Prépayé,Non,Non,29000,Orange Money,196,85,0,2916,19,1,0,0,"Utilisation standard, pas de souci majeur.",Non
CLI04092,Faranah,Homme,32,2089000,68,Prépayé,Non,Non,92000,Espèces,56,116,1,4014,3,1,0,0,Aucun probleme depuis mon inscription.,Non
CLI04093,Kindia,Femme,34,1813000,2,Prépayé,Non,Oui,163000,Orange Money,222,104,0,4078,32,1,1,0,Tres decu par la qualite du reseau en ce moment.,Oui
CLI04094,Conakry,Homme,21,1002000,29,Prépayé,Non,Non,90000,Orange Money,237,15,7,966,25,2,0,6,Tres satisfait du reseau et du service.,Non
CLI04095,N'Zérékoré,Femme,31,642000,31,Postpayé,Oui,Oui,56000,Espèces,79,69,47,3786,21,4,0,0,Le forfait ne correspond plus a mes besoins.,Oui
CLI04096,N'Zérékoré,Homme,44,932000,3,Postpayé,Non,Non,31000,Espèces,141,27,3,2985,16,4,0,0,"Utilisation standard, pas de souci majeur.",Oui
CLI04097,Boké,Femme,41,476000,14,Postpayé,Non,Non,40000,Espèces,180,114,2,562,5,0,0,0,"Utilisation standard, pas de souci majeur.",Non
CLI04098,Faranah,Femme,47,581000,29,Postpayé,Oui,Non,30000,Orange Money,187,108,46,2213,70,1,0,3,"Utilisation standard, pas de souci majeur.",Non
CLI04099,Kankan,Femme,18,1489000,28,Postpayé,Non,Oui,48000,Orange Money,205,97,6,3239,16,2,1,0,Tres satisfait du reseau et du service.,Non
CLI04100,Kindia,Homme,24,693000,30,Postpayé,Oui,Non,59000,Carte bancaire,199,94,13,3432,1,2,0,2,Offres interessantes et service fiable.,Non
CLI04101,Conakry,Femme,33,771000,48,Illimité,Non,Oui,38000,Espèces,76,109,1,3027,12,0,1,6,Tres satisfait du reseau et du service.,Non
CLI04102,Conakry,Homme,32,399000,90,Prépayé,Oui,Oui,25000,Espèces,206,79,71,1580,16,1,0,0,Tres satisfait du reseau et du service.,Non
CLI04103,Kankan,Femme,43,1755000,15,Prépayé,Non,Oui,90000,Virement bancaire,88,43,2,773,1,0,0,8,Service client reactif et efficace.,Non
CLI04104,N'Zérékoré,Femme,20,1189000,1,Postpayé,Non,Oui,75000,Espèces,267,25,4,2793,57,0,0,1,"Utilisation standard, pas de souci majeur.",Non
CLI04105,Boké,Femme,51,898000,25,Postpayé,Non,Non,67000,Orange Money,180,141,3,3065,124,4,0,0,Aucun probleme depuis mon inscription.,Non
CLI04106,N'Zérékoré,Homme,46,997000,10,Prépayé,Oui,Non,33000,Espèces,165,47,38,3718,1,0,0,4,Content de la couverture reseau dans ma zone.,Non
CLI04107,Boké,Femme,42,379000,13,Prépayé,Non,Oui,13000,Orange Money,247,25,9,1593,11,0,0,0,"Utilisation standard, pas de souci majeur.",Non
CLI04108,Boké,Homme,30,439000,7,Prépayé,Non,Oui,22000,Orange Money,176,76,12,1919,7,1,0,0,Aucun probleme depuis mon inscription.,Non
CLI04109,Conakry,Femme,18,541000,16,Illimité,Non,Oui,49000,Orange Money,269,187,6,1940,49,1,1,0,Content de la couverture reseau dans ma zone.,Non
CLI04110,Labé,Femme,18,495000,1,Prépayé,Oui,Non,34000,Orange Money,182,125,54,321,5,0,1,0,"Utilisation standard, pas de souci majeur.",Non
CLI04111,Kindia,Homme,44,807000,23,Prépayé,Non,Oui,68000,Virement bancaire,134,119,0,4836,4,1,0,4,"Utilisation standard, pas de souci majeur.",Non
CLI04112,Kankan,Femme,32,1111000,3,Postpayé,Oui,Oui,57000,Orange Money,177,55,14,2447,6,1,1,0,"Utilisation standard, pas de souci majeur.",Non
CLI04113,N'Zérékoré,Femme,54,513000,20,Prépayé,Oui,Oui,30000,Orange Money,92,114,48,649,32,0,1,6,Service client reactif et efficace.,Non
CLI04114,Faranah,Femme,37,853000,3,Prépayé,Oui,Oui,35000,Espèces,286,48,26,3833,12,1,0,5,Le forfait ne correspond plus a mes besoins.,Oui
CLI04115,Boké,Homme,19,1064000,36,Postpayé,Non,Oui,54000,Orange Money,84,89,4,4091,14,1,2,0,Rien de particulier a signaler.,Non
CLI04116,Kindia,Femme,47,1821000,10,Prépayé,Non,Non,144000,Orange Money,167,158,1,1840,24,2,1,4,Service client reactif et efficace.,Non
CLI04117,N'Zérékoré,Homme,31,876000,11,Postpayé,Non,Non,53000,Orange Money,143,71,5,1130,60,1,1,0,"Je pense changer d'operateur, trop de pannes.",Oui
CLI04118,Mamou,Femme,35,379000,84,Prépayé,Oui,Non,29000,Espèces,211,57,18,2880,43,1,1,0,Offres interessantes et service fiable.,Non
CLI04119,Mamou,Femme,41,919000,33,Prépayé,Non,Non,42000,Espèces,171,111,6,3119,22,2,0,6,Aucune reponse a mes reclamations depuis un mois.,Oui
CLI04120,Conakry,Homme,18,1155000,8,Prépayé,Non,Non,56000,Virement bancaire,252,91,4,194,9,0,2,2,Trop de coupures de reseau ces derniers temps.,Oui
CLI04121,N'Zérékoré,Homme,21,410000,12,Prépayé,Non,Non,30000,Espèces,178,25,0,1812,7,2,1,4,Aucune reponse a mes reclamations depuis un mois.,Oui
CLI04122,Kindia,Femme,49,1071000,66,Illimité,Non,Non,66000,Orange Money,191,90,1,1516,16,1,0,4,Aucun probleme depuis mon inscription.,Non
CLI04123,Boké,Femme,18,828000,96,Illimité,Non,Oui,37000,Carte bancaire,146,65,2,2992,45,1,1,0,Rien de particulier a signaler.,Non
CLI04124,Conakry,Homme,21,300000,17,Postpayé,Non,Oui,22000,Orange Money,198,110,2,4050,12,1,0,0,"Bon rapport qualite prix, je recommande.",Non
CLI04125,N'Zérékoré,Homme,19,2919000,91,Prépayé,Oui,Non,210000,Espèces,191,66,55,4242,3,0,1,6,Offres interessantes et service fiable.,Non
CLI04126,Kankan,Homme,20,590000,5,Postpayé,Non,Oui,38000,Orange Money,116,113,1,2265,20,1,1,0,Offres interessantes et service fiable.,Non
CLI04127,Kindia,Femme,29,657000,2,Postpayé,Oui,Non,51000,Espèces,244,130,28,2599,26,1,0,5,Service correct dans l'ensemble.,Oui
CLI04128,Kankan,Homme,28,453000,6,Prépayé,Non,Oui,18000,Orange Money,163,101,2,2625,11,1,0,5,Offres interessantes et service fiable.,Non
CLI04129,N'Zérékoré,Homme,22,617000,18,Prépayé,Oui,Non,51000,Orange Money,95,125,63,2862,61,0,0,2,Service correct dans l'ensemble.,Non
CLI04130,Kankan,Femme,27,495000,6,Postpayé,Non,Non,29000,Espèces,201,161,5,3643,96,2,1,0,Service client reactif et efficace.,Non
CLI04131,Conakry,Femme,37,526000,4,Prépayé,Non,Oui,29000,Virement bancaire,170,25,4,3021,29,1,1,0,Rien de particulier a signaler.,Non
CLI04132,Conakry,Homme,18,500000,18,Prépayé,Non,Non,26000,Espèces,103,79,2,1795,8,1,1,0,Offres interessantes et service fiable.,Non
CLI04133,Kindia,Homme,29,759000,32,Postpayé,Non,Non,51000,Orange Money,209,181,2,2444,36,1,0,0,Content de la couverture reseau dans ma zone.,Non
CLI04134,Boké,Homme,31,734000,5,Postpayé,Non,Non,26000,Orange Money,158,62,1,2021,26,0,0,0,Aucun probleme depuis mon inscription.,Non
CLI04135,Conakry,Femme,18,1007000,20,Postpayé,Non,Non,61000,Orange Money,189,34,1,2295,101,0,2,3,"Utilisation standard, pas de souci majeur.",Non
CLI04136,Conakry,Homme,46,1098000,22,Prépayé,Non,Oui,91000,Orange Money,126,84,2,2366,8,3,1,1,Trop de coupures de reseau ces derniers temps.,Oui
CLI04137,Conakry,Femme,35,1042000,21,Postpayé,Non,Non,49000,Orange Money,233,132,3,4713,9,2,0,0,Rien de particulier a signaler.,Non
CLI04138,N'Zérékoré,Homme,32,1056000,45,Illimité,Non,Oui,75000,Espèces,217,69,2,1046,20,1,2,8,"Utilisation standard, pas de souci majeur.",Oui
CLI04139,Kankan,Homme,39,1371000,4,Postpayé,Oui,Non,50000,Orange Money,107,115,6,913,75,2,1,2,Trop cher par rapport a la qualite recue.,Oui
CLI04140,Conakry,Homme,37,556000,1,Prépayé,Oui,Non,29000,Espèces,218,128,52,4154,91,0,1,0,Service correct dans l'ensemble.,Non
CLI04141,Boké,Femme,30,747000,23,Postpayé,Oui,Oui,59000,Orange Money,128,75,14,2442,21,2,0,0,"Utilisation standard, pas de souci majeur.",Non
CLI04142,Kankan,Femme,30,1152000,13,Postpayé,Non,Non,47000,Orange Money,144,96,0,1308,1,1,1,2,Offres interessantes et service fiable.,Non
CLI04143,Conakry,Homme,20,939000,5,Postpayé,Non,Non,73000,Orange Money,239,122,6,1584,14,0,0,2,Le forfait ne correspond plus a mes besoins.,Oui
CLI04144,Labé,Homme,38,1047000,8,Prépayé,Non,Oui,34000,Espèces,190,47,0,2128,89,1,0,0,Content de la couverture reseau dans ma zone.,Non
CLI04145,Conakry,Homme,35,1118000,96,Prépayé,Non,Non,92000,Orange Money,154,111,6,2751,33,0,0,0,Aucun probleme depuis mon inscription.,Non
CLI04146,N'Zérékoré,Homme,22,891000,14,Postpayé,Oui,Oui,60000,Orange Money,126,149,58,3315,24,0,0,3,"Bon rapport qualite prix, je recommande.",Non
CLI04147,Labé,Femme,40,835000,29,Postpayé,Non,Non,67000,Espèces,242,100,7,874,59,1,0,2,Service client reactif et efficace.,Non
CLI04148,Kindia,Femme,50,778000,27,Prépayé,Oui,Non,35000,Virement bancaire,180,44,12,3879,14,2,0,5,Rien de particulier a signaler.,Oui
CLI04149,Faranah,Femme,19,1153000,10,Prépayé,Non,Oui,104000,Orange Money,140,96,3,4699,38,1,1,3,Service correct dans l'ensemble.,Non
CLI04150,Conakry,Femme,53,1000000,18,Prépayé,Oui,Oui,52000,Espèces,148,135,52,3995,18,0,0,3,"Utilisation standard, pas de souci majeur.",Non
CLI04151,Conakry,Femme,47,678000,5,Postpayé,Non,Non,41000,Espèces,165,107,6,5379,15,1,0,0,Offres interessantes et service fiable.,Non
CLI04152,N'Zérékoré,Femme,45,995000,2,Postpayé,Non,Oui,48000,Orange Money,280,93,3,3019,50,1,2,5,"Utilisation standard, pas de souci majeur.",Oui
CLI04153,Kankan,Femme,32,367000,28,Prépayé,Non,Non,27000,Carte bancaire,173,13,1,2024,57,0,1,0,Tres satisfait du reseau et du service.,Non
CLI04154,Conakry,Femme,52,737000,14,Prépayé,Non,Oui,51000,Orange Money,149,120,1,2313,35,2,0,1,Offres interessantes et service fiable.,Non
CLI04155,Conakry,Femme,31,300000,18,Prépayé,Non,Oui,10000,Espèces,252,109,2,2665,12,1,1,1,"Utilisation standard, pas de souci majeur.",Non
CLI04156,Kankan,Homme,40,1952000,22,Prépayé,Non,Oui,103000,Orange Money,60,52,0,1146,6,0,0,0,Service correct dans l'ensemble.,Oui
CLI04157,Boké,Femme,28,535000,19,Prépayé,Non,Non,37000,Espèces,193,64,6,4448,22,3,0,0,Le service client ne repond jamais rapidement.,Oui
CLI04158,Kankan,Femme,20,318000,78,Postpayé,Non,Oui,19000,Orange Money,225,87,5,2800,23,2,0,3,Service correct dans l'ensemble.,Non
CLI04159,Kindia,Homme,41,577000,12,Prépayé,Non,Non,44000,Espèces,197,131,0,2585,9,1,0,7,Offres interessantes et service fiable.,Non
CLI04160,Conakry,Femme,49,737000,2,Prépayé,Non,Non,46000,Orange Money,127,183,1,819,40,2,0,0,Content de la couverture reseau dans ma zone.,Non
CLI04161,Conakry,Homme,19,1701000,56,Postpayé,Oui,Oui,61000,Carte bancaire,181,60,45,1861,31,2,1,1,Tres satisfait du reseau et du service.,Non
CLI04162,Boké,Femme,33,600000,96,Postpayé,Oui,Oui,36000,Carte bancaire,255,56,52,1730,37,2,1,0,Offres interessantes et service fiable.,Non
CLI04163,Faranah,Femme,26,308000,12,Prépayé,Non,Oui,22000,Virement bancaire,79,78,1,1376,27,0,0,15,Offres interessantes et service fiable.,Non
CLI04164,N'Zérékoré,Femme,23,924000,28,Prépayé,Oui,Non,42000,Carte bancaire,188,138,84,827,70,1,0,0,Offres interessantes et service fiable.,Non
CLI04165,Kindia,Homme,29,1796000,6,Prépayé,Non,Non,155000,Orange Money,225,38,6,4537,63,1,0,6,Service client reactif et efficace.,Non
CLI04166,Boké,Homme,45,653000,5,Prépayé,Non,Oui,31000,Orange Money,0,67,2,1302,0,0,2,0,Facturation incorrecte plusieurs fois de suite.,Oui
CLI04167,Faranah,Homme,50,668000,83,Prépayé,Non,Non,30000,Virement bancaire,70,79,3,3947,22,1,0,1,Offres interessantes et service fiable.,Non
CLI04168,Faranah,Homme,39,1054000,20,Postpayé,Non,Oui,59000,Espèces,213,120,2,1548,34,1,1,3,Tres satisfait du reseau et du service.,Non
CLI04169,Kankan,Femme,35,300000,72,Prépayé,Non,Non,16000,Espèces,124,46,4,1772,42,1,1,0,Service correct dans l'ensemble.,Non
CLI04170,Faranah,Homme,42,519000,50,Postpayé,Non,Oui,22000,Carte bancaire,166,146,1,1289,12,0,2,0,Service client reactif et efficace.,Non
CLI04171,Labé,Femme,24,738000,49,Prépayé,Oui,Oui,59000,Espèces,180,91,0,2698,13,2,0,0,Offres interessantes et service fiable.,Non
CLI04172,Faranah,Homme,36,459000,17,Prépayé,Non,Oui,35000,Orange Money,147,54,9,1190,12,0,0,0,Service client reactif et efficace.,Non
CLI04173,Boké,Homme,28,300000,5,Postpayé,Non,Oui,10000,Orange Money,137,119,2,3797,60,2,0,2,Aucun probleme depuis mon inscription.,Non
CLI04174,Kankan,Femme,37,414000,3,Postpayé,Non,Oui,31000,Carte bancaire,162,14,3,3966,50,1,0,0,Trop cher par rapport a la qualite recue.,Oui
CLI04175,Boké,Femme,18,1365000,24,Prépayé,Non,Oui,55000,Espèces,352,129,13,2751,64,1,1,1,Content de la couverture reseau dans ma zone.,Non
CLI04176,Conakry,Femme,39,920000,4,Prépayé,Non,Oui,53000,Orange Money,90,107,4,2862,30,0,0,1,Offres interessantes et service fiable.,Non
CLI04177,Kankan,Femme,31,987000,11,Postpayé,Oui,Non,70000,Orange Money,211,106,49,4028,47,1,0,11,Rien de particulier a signaler.,Oui
CLI04178,Conakry,Homme,36,594000,4,Postpayé,Non,Oui,51000,Orange Money,96,72,5,3806,18,0,0,0,Rien de particulier a signaler.,Non
CLI04179,Labé,Femme,36,1559000,35,Prépayé,Non,Non,58000,Espèces,194,74,0,1119,23,2,1,0,"Bon rapport qualite prix, je recommande.",Non
CLI04180,Faranah,Homme,49,721000,4,Postpayé,Oui,Oui,62000,Virement bancaire,174,162,48,3519,37,2,1,0,Rien de particulier a signaler.,Oui
CLI04181,Mamou,Homme,31,1187000,96,Illimité,Oui,Non,42000,Carte bancaire,132,37,18,3144,24,2,1,7,Aucun probleme depuis mon inscription.,Non
CLI04182,Labé,Homme,18,737000,96,Prépayé,Non,Non,38000,Orange Money,140,78,0,2643,9,1,0,0,Tres satisfait du reseau et du service.,Non
CLI04183,N'Zérékoré,Femme,45,300000,3,Prépayé,Non,Non,16000,Orange Money,247,69,4,258,2,1,2,0,Aucun probleme depuis mon inscription.,Non
CLI04184,Conakry,Homme,43,401000,14,Prépayé,Non,Non,36000,Orange Money,264,134,2,2821,86,0,0,5,Tres satisfait du reseau et du service.,Non
CLI04185,Boké,Homme,28,776000,3,Prépayé,Non,Oui,66000,Orange Money,208,0,0,2677,12,1,2,0,Trop de coupures de reseau ces derniers temps.,Oui
CLI04186,Faranah,Homme,46,1334000,11,Prépayé,Non,Oui,113000,Espèces,161,53,3,1983,12,3,0,0,Le service client ne repond jamais rapidement.,Oui
CLI04187,N'Zérékoré,Homme,46,1414000,2,Postpayé,Oui,Non,123000,Orange Money,188,90,29,2436,16,0,1,3,Service correct dans l'ensemble.,Non
CLI04188,Conakry,Homme,21,840000,63,Prépayé,Non,Oui,75000,Virement bancaire,179,134,1,2451,19,0,0,5,"Bon rapport qualite prix, je recommande.",Non
CLI04189,Conakry,Femme,24,1425000,18,Prépayé,Non,Non,108000,Espèces,144,28,10,2969,6,2,1,8,Service correct dans l'ensemble.,Oui
CLI04190,Kankan,Homme,20,644000,12,Prépayé,Oui,Oui,23000,Espèces,245,117,53,50,0,0,0,0,Rien de particulier a signaler.,Non
CLI04191,Mamou,Femme,51,1222000,9,Prépayé,Non,Non,37000,Espèces,121,101,2,3219,27,1,0,1,Service correct dans l'ensemble.,Non
CLI04192,Boké,Homme,18,345000,9,Illimité,Non,Oui,19000,Espèces,217,94,0,1600,4,3,0,0,"Utilisation standard, pas de souci majeur.",Non
CLI04193,N'Zérékoré,Homme,23,1260000,13,Prépayé,Non,Oui,89000,Orange Money,227,123,5,5498,6,1,0,0,Rien de particulier a signaler.,Non
CLI04194,N'Zérékoré,Homme,38,772000,34,Prépayé,Non,Oui,29000,Virement bancaire,139,50,9,3585,8,1,0,2,"Utilisation standard, pas de souci majeur.",Non
CLI04195,Kindia,Femme,46,2412000,12,Prépayé,Non,Non,155000,Virement bancaire,223,139,2,2304,29,3,0,5,Le forfait ne correspond plus a mes besoins.,Oui
CLI04196,Boké,Homme,46,1409000,9,Postpayé,Non,Oui,117000,Espèces,189,153,4,2664,11,1,0,0,Aucun probleme depuis mon inscription.,Non
CLI04197,Labé,Femme,38,524000,62,Prépayé,Non,Oui,33000,Virement bancaire,188,110,0,3185,70,1,0,0,Offres interessantes et service fiable.,Non
CLI04198,Kindia,Femme,41,2475000,14,Prépayé,Non,Oui,188000,Orange Money,120,114,6,2762,41,0,1,0,"Bon rapport qualite prix, je recommande.",Non
CLI04199,Boké,Homme,46,824000,64,Postpayé,Non,Non,25000,Orange Money,79,132,2,2116,38,0,0,0,Tres satisfait du reseau et du service.,Non
CLI04200,Conakry,Femme,39,1237000,11,Prépayé,Oui,Oui,79000,Espèces,191,78,70,1286,64,1,0,0,Rien de particulier a signaler.,Non
CLI04201,Kankan,Homme,32,448000,24,Prépayé,Non,Oui,16000,Orange Money,173,46,5,1475,29,2,4,2,"Je pense changer d'operateur, trop de pannes.",Oui
CLI04202,Boké,Homme,37,601000,25,Postpayé,Non,Oui,24000,Espèces,185,49,2,3663,3,1,0,6,Service client reactif et efficace.,Non
CLI04203,N'Zérékoré,Femme,40,1396000,1,Prépayé,Non,Oui,84000,Orange Money,205,81,2,3186,3,0,0,1,Le forfait ne correspond plus a mes besoins.,Oui
CLI04204,Kankan,Femme,41,510000,16,Postpayé,Non,Non,27000,Orange Money,101,158,1,4052,6,0,2,2,Tres decu par la qualite du reseau en ce moment.,Oui
CLI04205,Boké,Homme,36,536000,20,Postpayé,Oui,Non,38000,Orange Money,231,94,42,3338,31,0,1,33,Rien de particulier a signaler.,Non
CLI04206,Conakry,Femme,25,306000,18,Prépayé,Non,Non,10000,Carte bancaire,213,84,3,1411,4,2,1,0,Tres decu par la qualite du reseau en ce moment.,Oui
CLI04207,Conakry,Homme,35,694000,20,Prépayé,Oui,Non,57000,Espèces,220,107,71,493,14,1,3,2,Tres satisfait du reseau et du service.,Non
CLI04208,Conakry,Femme,41,481000,4,Prépayé,Oui,Oui,40000,Espèces,170,173,63,2013,2,0,1,0,Tres satisfait du reseau et du service.,Non
CLI04209,Kankan,Homme,22,1968000,57,Prépayé,Non,Oui,142000,Orange Money,176,118,5,2035,14,2,0,3,Aucun probleme depuis mon inscription.,Non
CLI04210,Labé,Homme,26,300000,77,Illimité,Non,Oui,22000,Espèces,0,47,0,3215,0,3,1,10,Aucun probleme depuis mon inscription.,Non
CLI04211,Kankan,Homme,39,589000,72,Prépayé,Non,Oui,48000,Orange Money,197,85,2,2225,5,1,0,0,Offres interessantes et service fiable.,Non
CLI04212,Conakry,Femme,41,801000,75,Postpayé,Non,Oui,47000,Orange Money,194,111,5,4029,2,0,0,0,"Bon rapport qualite prix, je recommande.",Non
CLI04213,Faranah,Femme,32,556000,33,Prépayé,Non,Oui,49000,Orange Money,186,19,1,2820,8,0,0,1,Service client reactif et efficace.,Non
CLI04214,N'Zérékoré,Homme,31,516000,20,Prépayé,Non,Oui,25000,Espèces,207,100,0,2651,44,0,1,2,Content de la couverture reseau dans ma zone.,Non
CLI04215,Conakry,Femme,35,903000,28,Illimité,Non,Non,76000,Espèces,131,69,12,3436,5,0,0,0,Tres satisfait du reseau et du service.,Non
CLI04216,Conakry,Homme,29,2341000,31,Postpayé,Oui,Non,105000,Espèces,184,124,56,2925,8,0,0,7,Service client reactif et efficace.,Non
CLI04217,Kankan,Homme,29,1781000,27,Postpayé,Non,Oui,59000,Virement bancaire,180,135,3,4318,2,3,1,0,"Bon rapport qualite prix, je recommande.",Non
CLI04218,Kindia,Femme,18,365000,42,Postpayé,Non,Non,21000,Espèces,97,62,0,3132,33,0,0,0,"Utilisation standard, pas de souci majeur.",Non
CLI04219,Kindia,Homme,31,472000,10,Postpayé,Non,Oui,31000,Orange Money,222,112,0,4709,82,2,0,1,Content de la couverture reseau dans ma zone.,Non
CLI04220,Kankan,Femme,52,1185000,46,Postpayé,Non,Oui,104000,Orange Money,85,45,2,3310,26,1,1,0,Service client reactif et efficace.,Non
CLI04221,Kankan,Femme,26,551000,40,Prépayé,Non,Non,45000,Carte bancaire,219,131,0,1874,35,2,0,5,Content de la couverture reseau dans ma zone.,Non
CLI04222,N'Zérékoré,Homme,28,790000,6,Postpayé,Non,Oui,36000,Orange Money,103,93,0,4056,0,2,1,0,"Bon rapport qualite prix, je recommande.",Non
CLI04223,Conakry,Homme,39,545000,45,Postpayé,Non,Oui,34000,Orange Money,101,49,1,2577,30,1,0,0,"Utilisation standard, pas de souci majeur.",Non
CLI04224,Labé,Femme,42,683000,1,Prépayé,Non,Oui,27000,Carte bancaire,191,89,5,428,30,0,1,0,Tres satisfait du reseau et du service.,Non
CLI04225,Conakry,Femme,59,385000,65,Postpayé,Non,Non,28000,Espèces,119,89,1,1891,1,1,0,2,Offres interessantes et service fiable.,Non
CLI04226,Boké,Femme,29,300000,8,Prépayé,Non,Non,27000,Orange Money,295,95,0,1818,35,3,0,0,Le service client ne repond jamais rapidement.,Oui
CLI04227,Kankan,Homme,39,686000,31,Prépayé,Non,Oui,58000,Espèces,273,85,2,3417,17,1,0,5,Offres interessantes et service fiable.,Non
CLI04228,Kindia,Homme,23,300000,4,Postpayé,Non,Oui,26000,Virement bancaire,194,123,4,2286,18,1,2,3,Tres satisfait du reseau et du service.,Non
CLI04229,Labé,Homme,25,1032000,40,Prépayé,Non,Non,76000,Orange Money,154,151,0,2849,8,1,2,0,"Utilisation standard, pas de souci majeur.",Oui
CLI04230,Mamou,Homme,26,1533000,3,Prépayé,Non,Oui,125000,Orange Money,154,13,4,3132,25,3,1,0,Le forfait ne correspond plus a mes besoins.,Oui
CLI04231,Conakry,Homme,33,652000,10,Postpayé,Non,Oui,55000,Espèces,81,80,8,3582,1,0,0,6,Service client reactif et efficace.,Non
CLI04232,Conakry,Femme,39,1042000,56,Illimité,Non,Non,63000,Espèces,242,32,1,4615,13,1,0,0,Aucun probleme depuis mon inscription.,Non
CLI04233,Kindia,Homme,37,911000,7,Postpayé,Non,Oui,77000,Carte bancaire,202,64,5,898,39,2,0,10,"Bon rapport qualite prix, je recommande.",Non
CLI04234,N'Zérékoré,Femme,25,491000,8,Prépayé,Non,Oui,18000,Orange Money,166,98,1,1646,69,0,0,0,"Bon rapport qualite prix, je recommande.",Non
CLI04235,Faranah,Homme,34,390000,39,Prépayé,Non,Non,33000,Orange Money,171,105,1,2007,6,0,1,0,Rien de particulier a signaler.,Non
CLI04236,Mamou,Homme,21,321000,8,Postpayé,Oui,Oui,29000,Espèces,161,82,24,4016,10,1,0,0,Service client reactif et efficace.,Non
CLI04237,Conakry,Homme,28,855000,5,Prépayé,Oui,Oui,57000,Virement bancaire,269,54,26,2292,4,1,1,3,Aucun probleme depuis mon inscription.,Non
CLI04238,Kankan,Femme,21,881000,2,Postpayé,Non,Oui,37000,Carte bancaire,279,79,0,1622,18,1,0,2,Rien de particulier a signaler.,Non
CLI04239,Conakry,Femme,31,414000,39,Prépayé,Non,Non,36000,Espèces,134,44,2,4220,16,3,0,0,Rien de particulier a signaler.,Non
CLI04240,Faranah,Homme,38,344000,35,Prépayé,Non,Oui,24000,Espèces,115,50,3,1109,14,2,0,10,Aucun probleme depuis mon inscription.,Non
CLI04241,Conakry,Femme,57,335000,7,Illimité,Non,Non,21000,Orange Money,229,87,1,3654,50,2,0,4,Rien de particulier a signaler.,Oui
CLI04242,N'Zérékoré,Femme,26,521000,9,Prépayé,Oui,Oui,17000,Orange Money,158,79,58,2468,86,1,0,0,Offres interessantes et service fiable.,Non
CLI04243,Conakry,Femme,40,1885000,27,Prépayé,Non,Oui,139000,Orange Money,95,144,2,2367,25,6,0,0,"Bon rapport qualite prix, je recommande.",Non
CLI04244,Conakry,Femme,37,989000,5,Prépayé,Non,Oui,37000,Espèces,175,71,4,4411,48,0,0,1,Rien de particulier a signaler.,Non
CLI04245,Kankan,Homme,31,680000,14,Illimité,Oui,Non,56000,Orange Money,99,93,31,1569,24,1,1,0,Aucun probleme depuis mon inscription.,Non
CLI04246,Conakry,Homme,27,1588000,2,Prépayé,Non,Oui,86000,Carte bancaire,222,14,2,3023,1,0,2,6,Aucune reponse a mes reclamations depuis un mois.,Oui
CLI04247,Labé,Femme,22,996000,53,Postpayé,Oui,Oui,34000,Orange Money,146,49,56,3904,3,0,1,2,Tres satisfait du reseau et du service.,Non
CLI04248,Kindia,Homme,36,2326000,58,Prépayé,Non,Non,163000,Virement bancaire,247,71,2,3280,13,1,0,1,Service correct dans l'ensemble.,Non
CLI04249,Labé,Femme,27,702000,20,Postpayé,Oui,Oui,25000,Espèces,140,113,29,1160,6,3,1,0,Service correct dans l'ensemble.,Oui
CLI04250,Labé,Homme,33,595000,2,Illimité,Oui,Non,27000,Orange Money,143,149,42,1051,13,1,0,6,Tres satisfait du reseau et du service.,Non
CLI04251,Boké,Femme,44,1403000,1,Postpayé,Non,Oui,89000,Espèces,246,66,2,4223,13,0,0,0,"Bon rapport qualite prix, je recommande.",Non
CLI04252,Boké,Femme,18,533000,14,Postpayé,Non,Oui,47000,Orange Money,158,78,3,3687,22,2,2,2,Tres satisfait du reseau et du service.,Non
CLI04253,Faranah,Femme,50,979000,6,Prépayé,Non,Oui,41000,Espèces,206,118,8,1344,10,3,0,0,"Utilisation standard, pas de souci majeur.",Non
CLI04254,Conakry,Femme,26,623000,18,Prépayé,Non,Non,39000,Carte bancaire,121,46,1,2935,6,3,1,2,"Je pense changer d'operateur, trop de pannes.",Oui
CLI04255,Faranah,Femme,41,849000,11,Prépayé,Non,Oui,70000,Orange Money,170,164,3,3509,6,0,2,5,Aucun probleme depuis mon inscription.,Non
CLI04256,Conakry,Homme,38,561000,26,Prépayé,Oui,Oui,47000,Carte bancaire,199,177,55,2449,60,0,0,8,"Bon rapport qualite prix, je recommande.",Non
CLI04257,Kankan,Femme,32,1049000,25,Prépayé,Non,Non,32000,Virement bancaire,210,68,1,1541,4,2,1,1,Le service client ne repond jamais rapidement.,Oui
CLI04258,Kindia,Femme,39,539000,15,Prépayé,Non,Oui,45000,Espèces,232,144,8,3191,30,0,2,0,Offres interessantes et service fiable.,Non
CLI04259,Mamou,Homme,48,589000,25,Prépayé,Non,Oui,45000,Espèces,152,129,8,50,24,1,1,0,Facturation incorrecte plusieurs fois de suite.,Oui
CLI04260,Conakry,Homme,35,646000,74,Illimité,Non,Non,24000,Espèces,220,85,1,2440,36,1,1,2,Service client reactif et efficace.,Non
CLI04261,N'Zérékoré,Femme,46,323000,33,Prépayé,Non,Oui,17000,Espèces,241,105,1,2741,2,2,0,1,Trop cher par rapport a la qualite recue.,Oui
CLI04262,N'Zérékoré,Homme,55,776000,1,Prépayé,Non,Non,66000,Espèces,144,153,0,2437,152,2,0,0,Trop cher par rapport a la qualite recue.,Oui
CLI04263,Kankan,Homme,35,549000,64,Prépayé,Non,Oui,36000,Carte bancaire,353,83,4,964,3,0,1,0,Service correct dans l'ensemble.,Non
CLI04264,Kankan,Femme,25,898000,31,Postpayé,Non,Oui,69000,Orange Money,79,72,5,1548,27,3,0,1,"Bon rapport qualite prix, je recommande.",Non
CLI04265,Faranah,Femme,30,1188000,31,Prépayé,Non,Oui,96000,Espèces,146,133,4,2152,63,1,0,0,Content de la couverture reseau dans ma zone.,Non
CLI04266,Conakry,Femme,38,455000,22,Illimité,Non,Oui,36000,Orange Money,35,42,15,2748,13,1,2,19,Facturation incorrecte plusieurs fois de suite.,Oui
CLI04267,Boké,Homme,45,1242000,5,Prépayé,Non,Non,72000,Orange Money,180,29,5,3895,75,2,0,5,Tres decu par la qualite du reseau en ce moment.,Oui
CLI04268,Conakry,Homme,18,677000,32,Prépayé,Non,Non,31000,Espèces,189,128,1,3682,19,1,0,1,Tres satisfait du reseau et du service.,Non
CLI04269,Conakry,Homme,32,692000,2,Prépayé,Non,Non,21000,Espèces,221,116,0,3062,20,1,1,4,Tres decu par la qualite du reseau en ce moment.,Oui
CLI04270,Faranah,Femme,27,1113000,14,Prépayé,Non,Non,40000,Virement bancaire,113,82,2,1746,31,0,1,4,Le service client ne repond jamais rapidement.,Oui
CLI04271,N'Zérékoré,Homme,53,2113000,7,Prépayé,Oui,Oui,173000,Orange Money,256,138,48,2917,2,0,1,4,Tres satisfait du reseau et du service.,Non
CLI04272,N'Zérékoré,Homme,24,546000,3,Prépayé,Non,Oui,33000,Espèces,106,172,4,2312,35,1,1,0,Tres satisfait du reseau et du service.,Non
CLI04273,Kindia,Homme,40,396000,23,Illimité,Non,Oui,25000,Orange Money,137,90,8,2930,3,0,1,0,Rien de particulier a signaler.,Non
CLI04274,Conakry,Homme,35,615000,9,Postpayé,Oui,Oui,50000,Espèces,109,104,18,1269,17,0,3,1,"Je pense changer d'operateur, trop de pannes.",Oui
CLI04275,Labé,Femme,44,877000,2,Prépayé,Non,Non,60000,Espèces,161,97,0,3920,8,1,1,1,Service client reactif et efficace.,Non
CLI04276,Conakry,Homme,53,650000,22,Illimité,Non,Oui,34000,Espèces,33,83,2,1557,21,3,0,1,Le service client ne repond jamais rapidement.,Oui
CLI04277,Kankan,Homme,31,3042000,17,Postpayé,Oui,Oui,237000,Orange Money,104,29,59,203,48,1,0,0,Tres satisfait du reseau et du service.,Non
CLI04278,Kankan,Femme,20,779000,14,Postpayé,Non,Non,46000,Orange Money,250,143,2,4087,83,3,1,13,Trop de coupures de reseau ces derniers temps.,Oui
CLI04279,Labé,Homme,49,876000,38,Prépayé,Non,Oui,33000,Espèces,217,98,7,2227,30,1,1,2,Service client reactif et efficace.,Non
CLI04280,Kankan,Homme,26,2565000,13,Postpayé,Non,Non,150000,Orange Money,231,83,2,2175,30,2,1,1,Tres satisfait du reseau et du service.,Non
CLI04281,Conakry,Femme,36,417000,16,Postpayé,Non,Oui,14000,Virement bancaire,268,144,1,1027,30,1,2,0,"Utilisation standard, pas de souci majeur.",Non
CLI04282,Kankan,Femme,42,735000,21,Illimité,Non,Oui,34000,Carte bancaire,209,139,2,3050,29,3,0,0,Aucun probleme depuis mon inscription.,Non
CLI04283,Kindia,Homme,18,724000,33,Prépayé,Non,Non,26000,Orange Money,247,89,3,2397,19,1,2,1,Aucun probleme depuis mon inscription.,Non
CLI04284,Labé,Homme,28,1278000,20,Prépayé,Non,Oui,43000,Orange Money,79,67,7,2822,1,0,0,0,Rien de particulier a signaler.,Non
CLI04285,N'Zérékoré,Homme,36,466000,91,Illimité,Oui,Oui,16000,Orange Money,158,155,44,3616,0,4,0,0,Service correct dans l'ensemble.,Non
CLI04286,Boké,Homme,27,300000,9,Prépayé,Non,Non,22000,Orange Money,196,103,5,3342,19,1,1,4,Rien de particulier a signaler.,Non
CLI04287,Kankan,Homme,54,300000,6,Prépayé,Non,Oui,25000,Espèces,193,84,3,1795,52,1,2,0,"Bon rapport qualite prix, je recommande.",Non
CLI04288,Conakry,Homme,20,1016000,60,Postpayé,Non,Non,36000,Carte bancaire,292,35,1,1622,16,0,1,0,Aucun probleme depuis mon inscription.,Non
CLI04289,Conakry,Homme,43,1020000,18,Prépayé,Oui,Oui,90000,Virement bancaire,164,93,66,2582,82,2,2,8,"Je pense changer d'operateur, trop de pannes.",Oui
CLI04290,N'Zérékoré,Homme,28,1242000,49,Postpayé,Non,Oui,69000,Orange Money,128,37,1,50,5,2,1,0,Offres interessantes et service fiable.,Non
CLI04291,N'Zérékoré,Homme,35,813000,12,Postpayé,Non,Oui,36000,Orange Money,227,81,1,1615,67,1,0,11,Offres interessantes et service fiable.,Non
CLI04292,Kankan,Femme,26,3423000,51,Illimité,Non,Non,285000,Orange Money,280,15,6,1966,16,1,0,0,Tres satisfait du reseau et du service.,Non
CLI04293,Boké,Homme,39,1201000,19,Prépayé,Non,Non,82000,Carte bancaire,169,101,1,50,35,0,0,0,Tres satisfait du reseau et du service.,Non
CLI04294,Conakry,Homme,46,1487000,8,Illimité,Oui,Oui,52000,Orange Money,120,129,47,3881,6,3,0,7,Tres satisfait du reseau et du service.,Non
CLI04295,Conakry,Femme,40,385000,36,Prépayé,Non,Non,22000,Virement bancaire,200,65,1,1867,38,1,0,0,"Bon rapport qualite prix, je recommande.",Non
CLI04296,Kankan,Femme,33,649000,27,Prépayé,Non,Oui,41000,Orange Money,176,136,4,1733,19,4,1,5,Trop cher par rapport a la qualite recue.,Oui
CLI04297,Kankan,Homme,18,656000,6,Prépayé,Oui,Non,36000,Orange Money,151,81,32,4551,12,1,0,0,Le forfait ne correspond plus a mes besoins.,Oui
CLI04298,Conakry,Femme,36,1508000,96,Prépayé,Non,Oui,92000,Orange Money,62,99,1,3091,1,2,0,3,Tres satisfait du reseau et du service.,Non
CLI04299,Mamou,Homme,18,361000,21,Prépayé,Non,Oui,13000,Espèces,126,96,2,2468,3,0,1,5,Service client reactif et efficace.,Non
CLI04300,Boké,Femme,45,1674000,24,Prépayé,Oui,Non,78000,Orange Money,182,65,56,4128,7,2,0,1,Trop de coupures de reseau ces derniers temps.,Oui
CLI04301,Boké,Homme,22,341000,22,Postpayé,Non,Oui,15000,Carte bancaire,243,93,5,2836,6,0,0,6,Service client reactif et efficace.,Non
CLI04302,Boké,Homme,18,760000,60,Postpayé,Oui,Oui,59000,Espèces,69,5,46,434,19,0,1,2,Service client reactif et efficace.,Non
CLI04303,Labé,Homme,18,810000,77,Prépayé,Non,Non,73000,Orange Money,270,49,0,50,69,0,1,3,"Bon rapport qualite prix, je recommande.",Non
CLI04304,Conakry,Homme,34,680000,5,Prépayé,Non,Oui,57000,Carte bancaire,146,60,1,2703,14,3,0,6,Trop cher par rapport a la qualite recue.,Oui
CLI04305,Conakry,Femme,25,1479000,16,Prépayé,Non,Non,121000,Espèces,115,98,2,1399,5,1,0,4,Service correct dans l'ensemble.,Non
CLI04306,Conakry,Femme,35,1547000,5,Prépayé,Non,Non,64000,Espèces,259,67,3,2879,44,0,5,0,Facturation incorrecte plusieurs fois de suite.,Oui
CLI04307,Kindia,Homme,20,516000,7,Illimité,Non,Non,42000,Carte bancaire,204,36,0,1938,30,3,0,5,Offres interessantes et service fiable.,Non
CLI04308,Kindia,Femme,42,519000,19,Prépayé,Non,Non,39000,Orange Money,147,108,2,4012,8,4,1,1,Service correct dans l'ensemble.,Oui
CLI04309,N'Zérékoré,Femme,50,747000,11,Prépayé,Oui,Oui,24000,Orange Money,102,96,27,1705,0,0,0,9,Service correct dans l'ensemble.,Non
CLI04310,N'Zérékoré,Homme,34,620000,33,Postpayé,Non,Oui,37000,Orange Money,154,93,2,2320,0,0,0,0,Rien de particulier a signaler.,Non
CLI04311,Faranah,Femme,23,390000,76,Illimité,Non,Non,22000,Orange Money,280,70,9,2883,63,0,1,0,Tres satisfait du reseau et du service.,Non
CLI04312,Kindia,Homme,19,1387000,6,Prépayé,Non,Oui,72000,Espèces,203,93,4,3861,122,1,0,9,Trop cher par rapport a la qualite recue.,Oui
CLI04313,Labé,Homme,25,300000,7,Prépayé,Non,Oui,24000,Espèces,91,77,0,3017,10,1,2,0,Tres satisfait du reseau et du service.,Non
CLI04314,Boké,Femme,45,764000,47,Prépayé,Oui,Oui,55000,Orange Money,131,82,34,4715,0,2,1,5,Service correct dans l'ensemble.,Non
CLI04315,Kindia,Femme,26,1195000,56,Postpayé,Non,Non,48000,Carte bancaire,225,79,3,3582,11,1,0,0,Offres interessantes et service fiable.,Non
CLI04316,Kankan,Femme,18,1741000,3,Prépayé,Non,Non,65000,Espèces,207,132,1,2120,21,2,0,2,"Utilisation standard, pas de souci majeur.",Oui
CLI04317,Kankan,Homme,62,1047000,37,Prépayé,Non,Non,32000,Carte bancaire,246,120,6,2363,33,2,1,5,Aucune reponse a mes reclamations depuis un mois.,Oui
CLI04318,Faranah,Homme,51,1062000,26,Postpayé,Non,Oui,56000,Virement bancaire,264,33,1,2498,14,2,0,1,Service correct dans l'ensemble.,Non
CLI04319,Kindia,Homme,50,548000,55,Prépayé,Oui,Oui,31000,Carte bancaire,273,127,9,2212,30,0,0,0,Rien de particulier a signaler.,Non
CLI04320,Kindia,Femme,26,1502000,27,Postpayé,Non,Oui,50000,Carte bancaire,185,47,3,4996,11,1,0,4,Tres satisfait du reseau et du service.,Non
CLI04321,Kindia,Homme,42,846000,13,Prépayé,Non,Non,30000,Espèces,196,4,11,1503,14,5,0,3,Service correct dans l'ensemble.,Non
CLI04322,Mamou,Femme,23,997000,54,Prépayé,Oui,Non,48000,Orange Money,0,67,39,3261,31,0,0,3,Service client reactif et efficace.,Non
CLI04323,Faranah,Homme,28,1231000,6,Prépayé,Oui,Non,85000,Orange Money,224,62,11,2184,72,2,0,0,Tres satisfait du reseau et du service.,Non
CLI04324,Kankan,Homme,40,820000,85,Prépayé,Non,Oui,32000,Orange Money,225,83,1,4452,22,2,1,1,Aucun probleme depuis mon inscription.,Non
CLI04325,Labé,Femme,21,526000,52,Prépayé,Non,Oui,19000,Orange Money,252,41,0,2266,107,1,1,4,"Bon rapport qualite prix, je recommande.",Non
CLI04326,Conakry,Femme,33,650000,24,Postpayé,Non,Oui,41000,Orange Money,140,13,5,1828,50,5,0,0,Tres satisfait du reseau et du service.,Non
CLI04327,Kankan,Femme,19,1640000,1,Postpayé,Oui,Non,114000,Espèces,128,89,8,2388,85,0,0,2,Offres interessantes et service fiable.,Non
CLI04328,Mamou,Femme,43,1235000,41,Prépayé,Non,Oui,110000,Orange Money,149,75,7,4245,28,4,1,2,Trop de coupures de reseau ces derniers temps.,Oui
CLI04329,N'Zérékoré,Femme,29,1915000,26,Prépayé,Non,Non,105000,Orange Money,190,99,1,3031,71,1,0,5,Tres satisfait du reseau et du service.,Non
CLI04330,Kindia,Homme,35,653000,65,Illimité,Non,Oui,40000,Espèces,95,35,1,251,14,0,0,0,"Utilisation standard, pas de souci majeur.",Non
CLI04331,Conakry,Homme,36,608000,35,Prépayé,Non,Non,53000,Orange Money,192,62,0,3772,1,3,1,10,"Utilisation standard, pas de souci majeur.",Oui
CLI04332,Kankan,Homme,24,1160000,14,Prépayé,Non,Non,52000,Orange Money,254,69,2,3531,7,0,0,0,Service client reactif et efficace.,Non
CLI04333,Conakry,Femme,27,778000,48,Prépayé,Oui,Non,68000,Carte bancaire,138,52,20,3837,25,0,0,0,Service correct dans l'ensemble.,Non
CLI04334,Conakry,Homme,24,1283000,27,Postpayé,Non,Oui,68000,Orange Money,260,3,2,1363,58,3,2,0,Service client reactif et efficace.,Non
CLI04335,Labé,Femme,18,934000,15,Postpayé,Non,Non,35000,Orange Money,223,42,2,2721,40,0,0,0,Tres satisfait du reseau et du service.,Non
CLI04336,Faranah,Homme,35,612000,11,Prépayé,Non,Non,46000,Orange Money,235,109,2,1789,23,0,0,9,Rien de particulier a signaler.,Non
CLI04337,Conakry,Homme,43,746000,13,Postpayé,Non,Non,48000,Virement bancaire,168,54,2,1936,4,0,0,3,Aucun probleme depuis mon inscription.,Non
CLI04338,Conakry,Homme,45,572000,5,Prépayé,Non,Non,50000,Carte bancaire,151,142,1,2117,9,1,0,0,Aucun probleme depuis mon inscription.,Non
CLI04339,Labé,Femme,33,355000,28,Prépayé,Oui,Oui,16000,Orange Money,252,60,37,3072,14,0,0,1,"Bon rapport qualite prix, je recommande.",Non
CLI04340,Kankan,Homme,42,471000,26,Prépayé,Non,Non,38000,Orange Money,187,130,8,2399,4,1,1,0,Tres satisfait du reseau et du service.,Non
CLI04341,N'Zérékoré,Homme,23,1191000,8,Prépayé,Non,Oui,96000,Virement bancaire,153,59,1,4530,1,1,1,3,Service client reactif et efficace.,Non
CLI04342,Kindia,Homme,31,633000,23,Postpayé,Non,Oui,33000,Orange Money,184,90,2,2782,6,2,0,3,Offres interessantes et service fiable.,Non
CLI04343,Kindia,Femme,18,946000,2,Prépayé,Oui,Oui,39000,Carte bancaire,241,111,41,50,40,3,0,2,"Bon rapport qualite prix, je recommande.",Non
CLI04344,Faranah,Femme,26,765000,27,Prépayé,Non,Oui,65000,Espèces,210,54,1,6140,123,1,0,1,"Bon rapport qualite prix, je recommande.",Non
CLI04345,Kankan,Femme,38,879000,45,Prépayé,Oui,Non,65000,Carte bancaire,230,41,29,3456,65,1,0,0,Aucun probleme depuis mon inscription.,Non
CLI04346,Conakry,Homme,18,647000,49,Postpayé,Non,Non,50000,Orange Money,194,32,2,2838,56,1,0,0,Content de la couverture reseau dans ma zone.,Non
CLI04347,Conakry,Femme,32,504000,33,Postpayé,Oui,Oui,34000,Espèces,156,84,60,1282,122,1,0,1,Tres satisfait du reseau et du service.,Non
CLI04348,Conakry,Homme,59,743000,35,Postpayé,Non,Non,22000,Orange Money,184,72,3,1272,21,1,1,4,Facturation incorrecte plusieurs fois de suite.,Oui
CLI04349,Conakry,Homme,43,806000,68,Postpayé,Non,Non,25000,Espèces,108,103,3,1081,102,0,0,0,Offres interessantes et service fiable.,Non
CLI04350,Labé,Femme,35,721000,92,Prépayé,Non,Non,50000,Espèces,187,52,1,2018,13,1,2,0,Service client reactif et efficace.,Non
CLI04351,Conakry,Femme,48,1020000,4,Illimité,Non,Non,56000,Espèces,190,99,0,1643,25,0,0,18,Rien de particulier a signaler.,Non
CLI04352,Conakry,Femme,42,725000,63,Prépayé,Non,Oui,39000,Orange Money,294,49,2,1439,21,1,0,0,"Utilisation standard, pas de souci majeur.",Non
CLI04353,N'Zérékoré,Homme,28,605000,32,Prépayé,Non,Oui,39000,Virement bancaire,223,100,3,5299,4,2,0,0,"Utilisation standard, pas de souci majeur.",Non
CLI04354,Labé,Femme,66,675000,8,Prépayé,Non,Non,48000,Orange Money,166,37,3,3635,27,1,1,0,Tres satisfait du reseau et du service.,Non
CLI04355,Conakry,Homme,45,969000,64,Postpayé,Oui,Non,85000,Espèces,224,37,49,3018,65,0,0,2,"Utilisation standard, pas de souci majeur.",Non
CLI04356,Faranah,Homme,45,1319000,13,Postpayé,Non,Oui,105000,Orange Money,119,119,2,4963,73,1,1,2,"Bon rapport qualite prix, je recommande.",Non
CLI04357,Conakry,Homme,46,550000,1,Prépayé,Non,Non,47000,Orange Money,205,63,2,3564,2,0,1,0,Rien de particulier a signaler.,Oui
CLI04358,Kindia,Homme,25,1008000,4,Postpayé,Oui,Non,88000,Orange Money,153,112,62,3609,32,3,0,0,Trop de coupures de reseau ces derniers temps.,Oui
CLI04359,Labé,Homme,32,1639000,10,Prépayé,Non,Oui,70000,Orange Money,186,60,5,3501,5,3,1,7,Trop cher par rapport a la qualite recue.,Oui
CLI04360,Faranah,Homme,43,1047000,34,Illimité,Non,Non,78000,Carte bancaire,151,120,1,2670,12,3,1,0,Content de la couverture reseau dans ma zone.,Non
CLI04361,N'Zérékoré,Femme,30,547000,11,Prépayé,Non,Oui,19000,Espèces,213,41,2,3069,29,2,0,0,Service client reactif et efficace.,Non
CLI04362,Conakry,Homme,34,1797000,58,Prépayé,Non,Non,131000,Virement bancaire,197,81,2,1148,13,1,0,0,Tres satisfait du reseau et du service.,Non
CLI04363,Conakry,Femme,29,725000,11,Prépayé,Non,Oui,47000,Virement bancaire,238,127,5,1644,48,1,0,2,Aucun probleme depuis mon inscription.,Non
CLI04364,Conakry,Homme,28,505000,20,Prépayé,Non,Non,22000,Orange Money,250,49,1,4082,38,1,1,1,"Utilisation standard, pas de souci majeur.",Non
CLI04365,Kindia,Homme,47,803000,10,Prépayé,Non,Non,67000,Orange Money,218,2,1,840,33,2,1,4,Service correct dans l'ensemble.,Oui
CLI04366,Conakry,Femme,29,1794000,57,Postpayé,Non,Oui,149000,Orange Money,156,46,3,2424,14,0,0,0,Content de la couverture reseau dans ma zone.,Non
CLI04367,Boké,Homme,50,1354000,3,Postpayé,Non,Oui,54000,Virement bancaire,120,146,1,2115,9,0,1,13,Rien de particulier a signaler.,Oui
CLI04368,Boké,Femme,41,1221000,14,Prépayé,Non,Non,92000,Orange Money,234,79,7,3917,8,2,0,0,Tres satisfait du reseau et du service.,Non
CLI04369,N'Zérékoré,Homme,18,431000,28,Prépayé,Oui,Oui,36000,Espèces,133,50,68,2660,33,2,0,2,Service client reactif et efficace.,Non
CLI04370,N'Zérékoré,Femme,25,520000,1,Postpayé,Oui,Non,16000,Espèces,163,79,77,2963,59,1,1,0,Tres satisfait du reseau et du service.,Non
CLI04371,Boké,Homme,26,1147000,7,Postpayé,Non,Non,93000,Orange Money,190,56,5,945,19,4,0,2,Trop cher par rapport a la qualite recue.,Oui
CLI04372,Kindia,Homme,49,620000,47,Prépayé,Non,Oui,38000,Orange Money,201,79,2,2377,41,0,1,0,Service client reactif et efficace.,Non
CLI04373,Kankan,Homme,31,416000,24,Prépayé,Non,Oui,20000,Espèces,150,28,2,3273,3,1,0,2,Rien de particulier a signaler.,Non
CLI04374,Faranah,Homme,43,690000,13,Prépayé,Non,Non,25000,Orange Money,114,128,5,1397,27,1,0,5,Aucun probleme depuis mon inscription.,Non
CLI04375,Kankan,Homme,48,364000,3,Prépayé,Non,Oui,23000,Orange Money,131,47,5,442,48,1,1,1,Aucune reponse a mes reclamations depuis un mois.,Oui
CLI04376,Boké,Femme,37,1067000,11,Illimité,Non,Oui,84000,Espèces,148,142,5,2709,28,1,0,0,Aucun probleme depuis mon inscription.,Non
CLI04377,Conakry,Femme,26,1684000,48,Prépayé,Non,Oui,81000,Espèces,154,102,1,3046,119,1,1,6,Service client reactif et efficace.,Non
CLI04378,Conakry,Homme,35,513000,28,Prépayé,Oui,Non,21000,Orange Money,208,96,31,751,65,1,0,7,Rien de particulier a signaler.,Non
CLI04379,Conakry,Femme,43,322000,56,Postpayé,Non,Non,16000,Orange Money,134,97,1,2074,38,1,0,2,Offres interessantes et service fiable.,Non
CLI04380,Mamou,Homme,33,984000,14,Illimité,Non,Oui,31000,Espèces,240,135,2,1232,11,4,0,5,Le service client ne repond jamais rapidement.,Oui
CLI04381,Labé,Homme,42,870000,82,Prépayé,Oui,Non,45000,Espèces,131,94,19,4313,14,0,0,1,"Utilisation standard, pas de souci majeur.",Non
CLI04382,Conakry,Homme,27,686000,33,Prépayé,Non,Oui,57000,Orange Money,99,113,0,4510,65,1,0,1,Le forfait ne correspond plus a mes besoins.,Oui
CLI04383,Kankan,Femme,19,551000,9,Postpayé,Non,Oui,47000,Virement bancaire,144,102,3,2023,17,2,1,3,Service client reactif et efficace.,Non
CLI04384,Mamou,Homme,29,775000,3,Prépayé,Non,Non,48000,Virement bancaire,173,104,2,3715,45,2,1,2,Service correct dans l'ensemble.,Oui
CLI04385,Kindia,Femme,37,723000,1,Postpayé,Oui,Non,28000,Virement bancaire,213,73,50,634,20,3,0,3,Aucun probleme depuis mon inscription.,Non
CLI04386,Boké,Homme,18,605000,16,Prépayé,Non,Non,31000,Orange Money,222,144,7,3220,69,3,1,0,Service correct dans l'ensemble.,Non
CLI04387,Boké,Femme,36,1475000,45,Prépayé,Non,Oui,124000,Virement bancaire,163,140,1,4337,1,3,1,6,Offres interessantes et service fiable.,Non
CLI04388,Mamou,Homme,27,650000,27,Prépayé,Oui,Oui,55000,Orange Money,203,87,57,3695,2,0,0,0,"Utilisation standard, pas de souci majeur.",Non
CLI04389,Boké,Homme,18,479000,6,Postpayé,Non,Oui,19000,Espèces,253,147,5,2304,62,0,0,0,Aucun probleme depuis mon inscription.,Non
CLI04390,N'Zérékoré,Femme,37,867000,1,Postpayé,Non,Non,36000,Orange Money,108,155,0,1143,2,0,1,0,"Bon rapport qualite prix, je recommande.",Non
CLI04391,Mamou,Femme,49,524000,4,Prépayé,Non,Non,21000,Carte bancaire,353,28,1,3341,25,1,1,2,Aucun probleme depuis mon inscription.,Non
CLI04392,Kindia,Homme,18,300000,7,Prépayé,Non,Non,22000,Orange Money,143,100,2,4198,4,2,0,0,Le service client ne repond jamais rapidement.,Oui
CLI04393,Kankan,Homme,61,791000,1,Illimité,Non,Non,38000,Orange Money,151,107,4,5069,54,0,1,0,Service client reactif et efficace.,Non
CLI04394,Labé,Homme,35,864000,7,Prépayé,Oui,Oui,67000,Carte bancaire,214,67,23,5300,44,2,1,3,Rien de particulier a signaler.,Non
CLI04395,Conakry,Femme,24,300000,96,Prépayé,Non,Oui,27000,Espèces,229,116,2,3736,33,0,0,0,Service client reactif et efficace.,Non
CLI04396,Mamou,Femme,37,1030000,5,Prépayé,Non,Non,61000,Orange Money,215,0,2,2874,1,0,0,7,Tres satisfait du reseau et du service.,Non
CLI04397,Kankan,Femme,18,1254000,75,Illimité,Non,Oui,74000,Orange Money,189,86,5,3090,17,3,0,0,Service correct dans l'ensemble.,Non
CLI04398,Boké,Homme,36,513000,32,Prépayé,Non,Oui,23000,Orange Money,182,161,0,1098,7,1,0,2,Service correct dans l'ensemble.,Non
CLI04399,Labé,Homme,34,539000,1,Postpayé,Non,Oui,26000,Carte bancaire,165,51,8,1976,8,2,0,4,Offres interessantes et service fiable.,Non
CLI04400,Conakry,Homme,18,1537000,6,Illimité,Non,Non,57000,Orange Money,102,115,0,726,43,1,0,3,Content de la couverture reseau dans ma zone.,Non
CLI04401,Conakry,Femme,18,300000,2,Illimité,Non,Oui,15000,Orange Money,212,34,2,2771,10,2,0,0,Offres interessantes et service fiable.,Non
CLI04402,Conakry,Homme,20,729000,16,Postpayé,Non,Non,65000,Espèces,212,129,1,4265,3,1,1,0,Service correct dans l'ensemble.,Oui
CLI04403,N'Zérékoré,Homme,28,1074000,2,Prépayé,Non,Non,80000,Orange Money,269,123,3,1477,0,2,0,0,Offres interessantes et service fiable.,Non
CLI04404,Conakry,Homme,36,900000,8,Prépayé,Non,Oui,45000,Carte bancaire,201,164,1,5125,19,1,2,0,Tres satisfait du reseau et du service.,Non
CLI04405,Kindia,Homme,29,619000,11,Prépayé,Non,Non,21000,Orange Money,186,132,1,2034,3,1,0,0,Rien de particulier a signaler.,Non
CLI04406,Mamou,Femme,22,643000,23,Prépayé,Oui,Non,44000,Orange Money,182,74,53,1534,62,2,0,25,Aucune reponse a mes reclamations depuis un mois.,Oui
CLI04407,Kankan,Homme,39,1295000,9,Prépayé,Non,Non,107000,Orange Money,27,117,0,3051,32,1,0,0,"Bon rapport qualite prix, je recommande.",Non
CLI04408,N'Zérékoré,Homme,37,512000,5,Prépayé,Non,Non,22000,Virement bancaire,189,89,0,1011,15,2,0,1,Aucune reponse a mes reclamations depuis un mois.,Oui
CLI04409,Mamou,Homme,32,426000,1,Prépayé,Non,Oui,17000,Orange Money,187,98,0,1830,57,1,0,10,Aucune reponse a mes reclamations depuis un mois.,Oui
CLI04410,Conakry,Femme,27,661000,16,Illimité,Non,Oui,28000,Espèces,264,88,1,3097,40,0,0,1,Service correct dans l'ensemble.,Non
CLI04411,Boké,Femme,20,825000,41,Postpayé,Non,Non,53000,Orange Money,171,90,8,2541,20,1,0,1,"Bon rapport qualite prix, je recommande.",Non
CLI04412,Kankan,Homme,30,1106000,41,Prépayé,Non,Oui,69000,Espèces,208,110,3,3019,21,0,1,6,"Utilisation standard, pas de souci majeur.",Non
CLI04413,Kindia,Homme,49,1004000,7,Illimité,Oui,Non,39000,Orange Money,297,57,57,5176,20,1,1,15,Service correct dans l'ensemble.,Oui
CLI04414,Conakry,Femme,38,991000,8,Prépayé,Non,Non,58000,Espèces,224,65,0,4422,37,1,2,0,Trop de coupures de reseau ces derniers temps.,Oui
CLI04415,N'Zérékoré,Femme,45,473000,1,Postpayé,Non,Non,19000,Orange Money,133,161,3,1286,52,1,0,0,Tres satisfait du reseau et du service.,Non
CLI04416,Kankan,Femme,18,492000,47,Prépayé,Non,Non,37000,Carte bancaire,114,118,2,525,6,2,0,0,Service client reactif et efficace.,Non
CLI04417,Faranah,Homme,35,1482000,64,Prépayé,Non,Oui,58000,Orange Money,141,107,0,1353,3,2,0,0,Content de la couverture reseau dans ma zone.,Non
CLI04418,Conakry,Homme,19,1326000,39,Postpayé,Oui,Non,115000,Espèces,149,4,52,2684,18,0,1,0,Service client reactif et efficace.,Non
CLI04419,Faranah,Homme,39,374000,28,Prépayé,Non,Oui,20000,Orange Money,260,55,4,4193,9,2,0,0,Offres interessantes et service fiable.,Non
CLI04420,Conakry,Femme,37,486000,9,Prépayé,Non,Non,42000,Orange Money,227,18,1,715,110,3,0,4,Service client reactif et efficace.,Non
CLI04421,Conakry,Homme,37,872000,45,Postpayé,Non,Oui,43000,Virement bancaire,238,108,0,1419,16,0,1,13,Content de la couverture reseau dans ma zone.,Non
CLI04422,Conakry,Homme,47,653000,38,Prépayé,Non,Non,51000,Virement bancaire,221,118,1,2995,20,0,0,0,Tres satisfait du reseau et du service.,Non
CLI04423,Conakry,Homme,29,1016000,17,Postpayé,Non,Oui,68000,Carte bancaire,59,103,4,2046,11,0,1,0,Aucun probleme depuis mon inscription.,Non
CLI04424,Kankan,Homme,46,1265000,24,Postpayé,Non,Non,113000,Espèces,261,144,4,1567,22,0,1,0,Aucun probleme depuis mon inscription.,Non
CLI04425,Faranah,Femme,35,1096000,5,Illimité,Non,Non,74000,Espèces,71,101,13,1061,1,1,0,3,"Bon rapport qualite prix, je recommande.",Non
CLI04426,Mamou,Femme,26,582000,14,Postpayé,Non,Oui,29000,Espèces,205,90,0,556,16,1,0,0,Rien de particulier a signaler.,Non
CLI04427,Labé,Homme,30,326000,16,Prépayé,Non,Oui,19000,Espèces,180,81,2,1966,29,5,1,0,Rien de particulier a signaler.,Oui
CLI04428,Conakry,Homme,41,1057000,64,Prépayé,Oui,Non,66000,Orange Money,229,49,23,1262,7,0,0,2,"Utilisation standard, pas de souci majeur.",Non
CLI04429,Conakry,Homme,27,555000,23,Prépayé,Non,Non,37000,Espèces,244,118,1,2792,26,0,2,0,"Bon rapport qualite prix, je recommande.",Non
CLI04430,Conakry,Homme,41,846000,17,Postpayé,Non,Non,54000,Orange Money,147,117,8,1127,3,1,0,5,Tres satisfait du reseau et du service.,Non
CLI04431,Kankan,Femme,36,1242000,3,Prépayé,Non,Oui,109000,Espèces,88,138,8,1034,36,3,2,7,Aucune reponse a mes reclamations depuis un mois.,Oui
CLI04432,Labé,Homme,26,771000,37,Postpayé,Non,Non,30000,Orange Money,178,79,0,2299,15,0,0,13,Tres satisfait du reseau et du service.,Non
CLI04433,Conakry,Homme,18,1094000,83,Postpayé,Non,Oui,94000,Espèces,248,101,1,2507,33,1,0,4,Content de la couverture reseau dans ma zone.,Non
CLI04434,Conakry,Homme,33,352000,14,Postpayé,Non,Oui,28000,Orange Money,160,136,1,3081,39,0,0,4,Content de la couverture reseau dans ma zone.,Non
CLI04435,Boké,Homme,43,677000,2,Prépayé,Non,Non,22000,Virement bancaire,201,103,0,1972,74,1,0,4,Le service client ne repond jamais rapidement.,Oui
CLI04436,Conakry,Femme,27,578000,86,Illimité,Oui,Non,39000,Orange Money,59,101,42,3787,4,0,0,1,"Utilisation standard, pas de souci majeur.",Non
CLI04437,Conakry,Femme,42,1818000,45,Prépayé,Non,Oui,67000,Orange Money,176,135,6,3894,7,0,1,2,Offres interessantes et service fiable.,Non
CLI04438,Boké,Femme,23,300000,18,Prépayé,Non,Oui,17000,Espèces,291,86,7,1375,38,0,1,7,"Je pense changer d'operateur, trop de pannes.",Oui
CLI04439,Kankan,Femme,46,493000,8,Prépayé,Oui,Oui,23000,Virement bancaire,138,30,10,2679,5,0,0,0,Rien de particulier a signaler.,Oui
CLI04440,Conakry,Homme,52,881000,48,Prépayé,Non,Oui,29000,Orange Money,69,93,0,3277,29,1,0,0,Tres satisfait du reseau et du service.,Non
CLI04441,Boké,Femme,36,345000,16,Prépayé,Non,Oui,26000,Espèces,184,147,1,3589,15,0,0,11,Trop cher par rapport a la qualite recue.,Oui
CLI04442,Kankan,Homme,39,689000,85,Prépayé,Oui,Oui,57000,Orange Money,171,81,19,2324,7,1,0,1,Offres interessantes et service fiable.,Non
CLI04443,Labé,Homme,19,338000,15,Postpayé,Non,Non,18000,Carte bancaire,210,123,1,1404,9,1,1,1,Trop cher par rapport a la qualite recue.,Oui
CLI04444,Mamou,Homme,50,1844000,21,Illimité,Non,Non,160000,Orange Money,272,105,3,4014,55,2,0,1,Rien de particulier a signaler.,Non
CLI04445,Faranah,Homme,26,712000,7,Postpayé,Non,Oui,39000,Orange Money,225,66,1,4075,32,1,0,0,Content de la couverture reseau dans ma zone.,Non
CLI04446,Kankan,Femme,41,634000,13,Postpayé,Non,Non,44000,Orange Money,192,131,0,1506,28,1,2,5,Content de la couverture reseau dans ma zone.,Non
CLI04447,Conakry,Femme,57,581000,4,Prépayé,Non,Oui,49000,Espèces,206,118,8,4351,14,1,1,0,Rien de particulier a signaler.,Non
CLI04448,Labé,Femme,38,561000,4,Prépayé,Non,Oui,41000,Virement bancaire,287,33,1,1692,3,1,0,0,Rien de particulier a signaler.,Non
CLI04449,Conakry,Femme,37,300000,30,Prépayé,Oui,Oui,20000,Orange Money,319,126,50,1632,29,1,0,0,"Utilisation standard, pas de souci majeur.",Non
CLI04450,Conakry,Homme,39,401000,6,Prépayé,Non,Non,32000,Orange Money,57,89,4,2682,17,2,1,1,"Utilisation standard, pas de souci majeur.",Non
CLI04451,Conakry,Homme,27,1536000,45,Prépayé,Non,Non,138000,Espèces,234,0,1,3664,0,2,0,0,Offres interessantes et service fiable.,Non
CLI04452,Conakry,Homme,27,1813000,9,Postpayé,Non,Oui,68000,Orange Money,109,63,1,1061,8,0,0,1,Content de la couverture reseau dans ma zone.,Non
CLI04453,Kankan,Homme,47,1043000,1,Prépayé,Non,Oui,40000,Espèces,188,94,3,3101,41,3,1,8,Service correct dans l'ensemble.,Oui
CLI04454,Conakry,Homme,26,883000,10,Illimité,Non,Non,62000,Espèces,152,104,1,3744,8,1,0,0,"Bon rapport qualite prix, je recommande.",Non
CLI04455,Conakry,Femme,30,1163000,1,Postpayé,Non,Oui,72000,Orange Money,103,110,3,1931,114,0,2,2,Service client reactif et efficace.,Non
CLI04456,Conakry,Homme,19,374000,14,Prépayé,Non,Oui,30000,Orange Money,144,91,5,2032,35,0,1,13,Le forfait ne correspond plus a mes besoins.,Oui
CLI04457,Faranah,Homme,36,1000000,21,Postpayé,Oui,Non,43000,Orange Money,219,50,15,595,4,1,0,0,Service correct dans l'ensemble.,Non
CLI04458,Labé,Femme,23,1398000,28,Postpayé,Non,Non,125000,Espèces,183,123,14,1211,9,2,0,1,"Utilisation standard, pas de souci majeur.",Non
CLI04459,Labé,Homme,32,494000,54,Prépayé,Non,Non,42000,Orange Money,133,97,1,318,9,1,0,0,Aucun probleme depuis mon inscription.,Non
CLI04460,Mamou,Homme,31,1075000,70,Illimité,Non,Oui,76000,Carte bancaire,145,63,6,50,33,0,1,0,Aucun probleme depuis mon inscription.,Non
CLI04461,Kindia,Femme,33,734000,12,Prépayé,Non,Non,56000,Virement bancaire,188,78,4,2612,54,2,0,1,Offres interessantes et service fiable.,Non
CLI04462,Kankan,Femme,26,1543000,1,Prépayé,Non,Non,77000,Orange Money,97,88,4,2730,40,2,0,6,Service client reactif et efficace.,Non
CLI04463,Boké,Homme,31,2351000,31,Prépayé,Non,Oui,139000,Espèces,223,81,6,2384,30,0,2,6,Tres satisfait du reseau et du service.,Non
CLI04464,Kindia,Homme,46,410000,33,Illimité,Oui,Non,15000,Orange Money,197,1,77,3143,24,0,0,2,Offres interessantes et service fiable.,Non
CLI04465,Conakry,Femme,44,605000,96,Prépayé,Non,Non,42000,Orange Money,262,73,5,3636,3,1,0,0,"Utilisation standard, pas de souci majeur.",Non
CLI04466,N'Zérékoré,Homme,40,590000,23,Prépayé,Non,Oui,46000,Espèces,152,93,0,2489,60,1,2,0,Tres decu par la qualite du reseau en ce moment.,Oui
CLI04467,Kankan,Femme,40,500000,28,Prépayé,Non,Oui,33000,Espèces,119,49,1,50,10,1,0,7,"Utilisation standard, pas de souci majeur.",Oui
CLI04468,Labé,Homme,18,511000,45,Prépayé,Non,Oui,43000,Espèces,230,108,1,2206,3,3,0,3,"Je pense changer d'operateur, trop de pannes.",Oui
CLI04469,Labé,Homme,32,1024000,9,Prépayé,Non,Oui,32000,Espèces,189,92,4,2921,46,2,0,1,Service client reactif et efficace.,Non
CLI04470,Labé,Homme,37,364000,49,Prépayé,Non,Oui,32000,Espèces,102,112,15,4994,17,0,0,3,"Utilisation standard, pas de souci majeur.",Non
CLI04471,Conakry,Femme,37,830000,19,Postpayé,Non,Non,47000,Espèces,205,65,2,6056,10,2,0,0,Le forfait ne correspond plus a mes besoins.,Oui
CLI04472,Conakry,Homme,40,810000,5,Prépayé,Oui,Non,51000,Espèces,204,27,68,3421,10,0,0,6,"Bon rapport qualite prix, je recommande.",Non
CLI04473,Mamou,Femme,20,807000,34,Prépayé,Non,Oui,38000,Orange Money,143,0,2,654,4,0,0,5,Content de la couverture reseau dans ma zone.,Non
CLI04474,Mamou,Homme,39,566000,31,Prépayé,Non,Oui,28000,Espèces,69,84,1,3447,13,0,0,0,Aucun probleme depuis mon inscription.,Non
CLI04475,Kankan,Homme,28,1207000,12,Prépayé,Non,Oui,80000,Orange Money,237,64,4,2620,19,2,0,0,Service correct dans l'ensemble.,Non
CLI04476,Labé,Femme,37,2040000,22,Postpayé,Non,Oui,81000,Orange Money,252,28,2,5455,12,2,0,1,"Utilisation standard, pas de souci majeur.",Non
CLI04477,Faranah,Femme,52,594000,13,Postpayé,Oui,Oui,20000,Orange Money,25,81,45,3230,43,0,0,0,"Utilisation standard, pas de souci majeur.",Non
CLI04478,Labé,Homme,40,929000,16,Postpayé,Oui,Oui,46000,Espèces,175,48,60,4575,17,2,0,2,Tres satisfait du reseau et du service.,Non
CLI04479,Kindia,Femme,33,1422000,9,Prépayé,Non,Oui,118000,Virement bancaire,167,98,0,922,11,1,0,0,Aucun probleme depuis mon inscription.,Non
CLI04480,Boké,Femme,24,734000,1,Prépayé,Non,Non,63000,Orange Money,200,73,0,1951,11,1,2,2,Le forfait ne correspond plus a mes besoins.,Oui
CLI04481,N'Zérékoré,Homme,44,996000,5,Prépayé,Non,Oui,79000,Espèces,101,65,4,2206,26,3,1,0,Facturation incorrecte plusieurs fois de suite.,Oui
CLI04482,N'Zérékoré,Femme,18,665000,24,Postpayé,Non,Non,58000,Orange Money,149,116,1,1422,48,0,1,0,Service correct dans l'ensemble.,Non
CLI04483,Kankan,Homme,25,1272000,13,Postpayé,Non,Non,111000,Orange Money,182,121,3,714,94,1,0,0,Service correct dans l'ensemble.,Non
CLI04484,Labé,Homme,18,1714000,1,Prépayé,Non,Oui,147000,Orange Money,224,100,1,1091,3,0,0,10,Aucune reponse a mes reclamations depuis un mois.,Oui
CLI04485,Conakry,Femme,32,881000,32,Prépayé,Non,Non,44000,Orange Money,83,118,4,2825,16,1,1,8,"Utilisation standard, pas de souci majeur.",Oui
CLI04486,Conakry,Femme,25,672000,4,Postpayé,Oui,Non,23000,Orange Money,144,120,51,2334,73,1,0,1,Le service client ne repond jamais rapidement.,Oui
CLI04487,N'Zérékoré,Femme,28,706000,32,Prépayé,Non,Oui,41000,Espèces,149,69,2,2330,1,2,0,9,Le service client ne repond jamais rapidement.,Oui
CLI04488,Conakry,Femme,22,517000,6,Prépayé,Non,Non,45000,Espèces,134,100,4,3382,0,4,0,0,Aucun probleme depuis mon inscription.,Non
CLI04489,Kindia,Homme,55,1256000,60,Prépayé,Non,Non,68000,Orange Money,161,55,1,534,51,1,1,2,Content de la couverture reseau dans ma zone.,Non
CLI04490,Kankan,Femme,42,518000,29,Prépayé,Non,Oui,26000,Orange Money,219,71,0,3416,5,2,0,0,Le service client ne repond jamais rapidement.,Oui
CLI04491,Conakry,Homme,42,916000,12,Postpayé,Non,Oui,42000,Orange Money,256,135,2,1794,9,1,0,0,"Utilisation standard, pas de souci majeur.",Non
CLI04492,Kankan,Homme,26,632000,15,Prépayé,Non,Oui,31000,Orange Money,209,101,4,1522,0,1,1,3,Tres satisfait du reseau et du service.,Non
CLI04493,Conakry,Homme,42,1098000,96,Prépayé,Oui,Non,37000,Orange Money,190,88,33,2268,19,3,3,3,Service correct dans l'ensemble.,Non
CLI04494,Kankan,Femme,33,516000,4,Illimité,Non,Oui,17000,Orange Money,50,165,1,1972,13,2,0,5,Aucun probleme depuis mon inscription.,Non
CLI04495,Faranah,Homme,30,950000,16,Postpayé,Non,Non,58000,Espèces,253,121,1,3523,104,2,0,3,Le forfait ne correspond plus a mes besoins.,Oui
CLI04496,Conakry,Homme,18,713000,10,Postpayé,Non,Non,59000,Carte bancaire,168,91,0,844,4,2,0,0,Service correct dans l'ensemble.,Non
CLI04497,Kindia,Homme,35,1109000,9,Postpayé,Non,Oui,68000,Espèces,197,98,3,2079,13,1,2,0,"Je pense changer d'operateur, trop de pannes.",Oui
CLI04498,Kindia,Homme,18,1131000,40,Prépayé,Non,Non,63000,Orange Money,127,134,1,4099,5,1,0,0,Offres interessantes et service fiable.,Non
CLI04499,Labé,Homme,25,532000,46,Prépayé,Oui,Oui,36000,Orange Money,236,112,55,1799,51,1,1,2,Tres satisfait du reseau et du service.,Non
CLI04500,N'Zérékoré,Femme,18,723000,18,Postpayé,Non,Oui,60000,Virement bancaire,242,48,0,2425,30,2,1,0,Offres interessantes et service fiable.,Non
CLI04501,Labé,Homme,38,569000,15,Postpayé,Non,Non,39000,Espèces,175,202,3,1756,39,1,0,17,Service client reactif et efficace.,Non
CLI04502,Kindia,Femme,40,833000,1,Postpayé,Non,Non,26000,Carte bancaire,167,55,1,3454,77,0,0,12,Rien de particulier a signaler.,Non
CLI04503,Kindia,Homme,43,1030000,11,Prépayé,Non,Oui,79000,Orange Money,201,102,9,3250,3,1,1,0,Facturation incorrecte plusieurs fois de suite.,Oui
CLI04504,Conakry,Femme,18,779000,36,Prépayé,Non,Non,23000,Orange Money,115,41,0,2278,94,2,0,12,Rien de particulier a signaler.,Oui
CLI04505,Mamou,Femme,45,830000,3,Prépayé,Non,Non,51000,Orange Money,206,81,3,5160,14,3,1,1,Trop de coupures de reseau ces derniers temps.,Oui
CLI04506,Boké,Homme,55,348000,44,Postpayé,Non,Non,23000,Espèces,204,115,9,2456,8,2,2,2,"Utilisation standard, pas de souci majeur.",Non
CLI04507,Kankan,Homme,28,990000,19,Prépayé,Non,Non,83000,Orange Money,244,144,1,2519,41,0,0,4,Rien de particulier a signaler.,Non
CLI04508,Labé,Homme,23,498000,60,Prépayé,Non,Oui,34000,Orange Money,88,84,14,1654,19,0,0,0,Service client reactif et efficace.,Non
CLI04509,N'Zérékoré,Femme,27,757000,19,Prépayé,Non,Oui,36000,Espèces,229,87,4,1313,9,1,1,0,Offres interessantes et service fiable.,Non
CLI04510,Boké,Homme,27,596000,14,Prépayé,Oui,Non,41000,Orange Money,160,113,39,3198,71,2,0,0,"Utilisation standard, pas de souci majeur.",Non
CLI04511,Labé,Femme,43,831000,64,Prépayé,Oui,Non,26000,Espèces,159,79,35,1077,32,3,0,2,Tres satisfait du reseau et du service.,Non
CLI04512,Conakry,Femme,27,1167000,8,Illimité,Non,Oui,55000,Virement bancaire,144,0,5,4522,16,2,0,0,Aucun probleme depuis mon inscription.,Non
CLI04513,Kankan,Femme,38,1360000,28,Prépayé,Non,Oui,81000,Orange Money,233,150,2,928,1,1,0,0,"Utilisation standard, pas de souci majeur.",Non
CLI04514,Conakry,Femme,33,535000,40,Postpayé,Non,Oui,38000,Carte bancaire,214,139,7,50,7,0,0,0,Aucun probleme depuis mon inscription.,Non
CLI04515,Conakry,Homme,23,1519000,5,Postpayé,Non,Non,136000,Orange Money,234,79,2,1674,33,4,1,2,Service correct dans l'ensemble.,Oui
CLI04516,Kindia,Homme,34,766000,3,Prépayé,Non,Non,61000,Carte bancaire,160,123,6,3456,29,1,1,1,Trop cher par rapport a la qualite recue.,Oui
CLI04517,Kankan,Femme,34,744000,34,Prépayé,Oui,Oui,40000,Orange Money,148,39,48,2098,0,3,0,0,Aucun probleme depuis mon inscription.,Non
CLI04518,Labé,Femme,35,716000,2,Postpayé,Non,Oui,54000,Orange Money,143,86,1,2881,5,1,1,0,Tres satisfait du reseau et du service.,Non
CLI04519,Kindia,Homme,37,498000,20,Postpayé,Non,Oui,36000,Orange Money,142,104,3,2925,3,1,0,0,"Utilisation standard, pas de souci majeur.",Non
CLI04520,N'Zérékoré,Homme,30,1958000,18,Prépayé,Non,Oui,89000,Orange Money,118,122,1,1192,21,2,0,4,Offres interessantes et service fiable.,Non
CLI04521,Kankan,Femme,38,966000,5,Prépayé,Non,Oui,51000,Espèces,141,110,2,3884,22,1,0,0,Offres interessantes et service fiable.,Non
CLI04522,Conakry,Homme,18,901000,14,Prépayé,Oui,Non,72000,Espèces,136,185,38,2463,40,1,2,6,Content de la couverture reseau dans ma zone.,Non
CLI04523,Conakry,Homme,28,509000,6,Prépayé,Non,Non,33000,Espèces,151,85,12,2323,4,1,0,0,Facturation incorrecte plusieurs fois de suite.,Oui
CLI04524,Faranah,Femme,47,643000,61,Postpayé,Non,Non,22000,Espèces,251,90,1,3457,46,2,0,2,"Bon rapport qualite prix, je recommande.",Non
CLI04525,Kankan,Femme,37,1015000,24,Prépayé,Non,Non,87000,Virement bancaire,230,135,0,2896,42,2,0,5,"Bon rapport qualite prix, je recommande.",Non
CLI04526,Faranah,Homme,30,462000,21,Prépayé,Non,Oui,22000,Virement bancaire,143,72,3,4136,5,2,1,3,Rien de particulier a signaler.,Non
CLI04527,Kankan,Homme,25,881000,32,Prépayé,Non,Oui,35000,Virement bancaire,120,53,1,3127,18,2,1,0,"Utilisation standard, pas de souci majeur.",Non
CLI04528,Conakry,Femme,26,653000,2,Postpayé,Non,Non,27000,Espèces,194,73,0,1186,3,3,0,0,Le service client ne repond jamais rapidement.,Oui
CLI04529,Conakry,Homme,32,558000,13,Prépayé,Oui,Non,33000,Orange Money,138,76,32,1983,53,2,0,9,Content de la couverture reseau dans ma zone.,Non
CLI04530,Boké,Homme,18,945000,29,Prépayé,Non,Non,60000,Orange Money,201,120,4,707,14,0,1,0,Rien de particulier a signaler.,Non
CLI04531,Conakry,Homme,29,639000,18,Illimité,Non,Oui,30000,Orange Money,168,132,0,75,3,3,0,0,Tres decu par la qualite du reseau en ce moment.,Oui
CLI04532,Mamou,Femme,31,2146000,13,Prépayé,Non,Non,166000,Orange Money,138,0,0,3583,7,2,0,2,Tres decu par la qualite du reseau en ce moment.,Oui
CLI04533,N'Zérékoré,Homme,18,659000,30,Prépayé,Non,Non,50000,Espèces,199,74,7,3016,22,3,1,0,Trop de coupures de reseau ces derniers temps.,Oui
CLI04534,Kindia,Homme,18,888000,36,Prépayé,Non,Non,46000,Espèces,178,108,1,2865,24,2,0,1,Tres satisfait du reseau et du service.,Non
CLI04535,Labé,Femme,32,599000,8,Postpayé,Non,Non,23000,Orange Money,135,72,0,2298,28,2,0,0,Service client reactif et efficace.,Non
CLI04536,Kindia,Femme,29,1085000,10,Prépayé,Non,Non,86000,Virement bancaire,242,140,0,3110,11,1,3,2,Tres satisfait du reseau et du service.,Non
CLI04537,Conakry,Femme,53,741000,7,Postpayé,Non,Oui,58000,Orange Money,210,79,0,748,36,0,0,5,Service client reactif et efficace.,Non
CLI04538,Conakry,Homme,55,815000,1,Prépayé,Non,Non,25000,Orange Money,213,116,1,3441,1,1,2,0,"Utilisation standard, pas de souci majeur.",Non
CLI04539,Faranah,Homme,18,1033000,7,Postpayé,Non,Oui,45000,Orange Money,260,41,0,3047,77,1,0,0,Offres interessantes et service fiable.,Non
CLI04540,N'Zérékoré,Femme,25,2487000,42,Prépayé,Non,Non,222000,Orange Money,120,26,3,2843,5,1,0,0,Rien de particulier a signaler.,Non
CLI04541,Kindia,Homme,46,1329000,1,Prépayé,Non,Oui,49000,Orange Money,245,95,2,3141,32,1,0,4,Rien de particulier a signaler.,Oui
CLI04542,Conakry,Femme,37,758000,29,Prépayé,Oui,Non,38000,Espèces,170,125,55,1576,12,4,0,6,Offres interessantes et service fiable.,Non
CLI04543,Kankan,Femme,49,569000,1,Prépayé,Non,Oui,23000,Carte bancaire,158,96,5,2772,4,2,1,1,"Utilisation standard, pas de souci majeur.",Non
CLI04544,Conakry,Femme,47,384000,23,Prépayé,Non,Oui,15000,Orange Money,201,36,6,1758,7,2,0,7,"Bon rapport qualite prix, je recommande.",Non
CLI04545,Faranah,Femme,32,750000,6,Prépayé,Non,Non,24000,Orange Money,145,102,1,2075,10,0,0,5,Trop cher par rapport a la qualite recue.,Oui
CLI04546,Mamou,Homme,46,300000,2,Prépayé,Oui,Non,16000,Orange Money,147,100,96,3367,27,2,2,4,Rien de particulier a signaler.,Oui
CLI04547,Kindia,Femme,33,2161000,15,Prépayé,Non,Oui,108000,Orange Money,203,105,2,2575,22,1,1,0,Aucune reponse a mes reclamations depuis un mois.,Oui
CLI04548,Labé,Homme,20,1290000,4,Prépayé,Non,Non,65000,Orange Money,71,34,5,2789,29,0,0,0,Service correct dans l'ensemble.,Non
CLI04549,Kindia,Homme,35,956000,6,Prépayé,Non,Oui,86000,Orange Money,251,162,2,1536,10,0,1,6,Content de la couverture reseau dans ma zone.,Non
CLI04550,Conakry,Femme,48,448000,4,Prépayé,Non,Oui,27000,Orange Money,176,37,0,2774,71,3,0,5,Aucun probleme depuis mon inscription.,Non
CLI04551,Conakry,Femme,43,647000,6,Prépayé,Non,Non,49000,Espèces,172,71,2,3256,4,0,0,0,Rien de particulier a signaler.,Non
CLI04552,Labé,Homme,29,703000,14,Postpayé,Non,Non,32000,Orange Money,65,86,4,4262,16,2,1,7,Offres interessantes et service fiable.,Non
CLI04553,Kankan,Femme,49,1052000,25,Prépayé,Non,Oui,73000,Orange Money,135,71,16,5089,5,2,0,0,Content de la couverture reseau dans ma zone.,Non
CLI04554,Conakry,Femme,48,874000,96,Prépayé,Non,Non,43000,Orange Money,140,68,1,2452,88,1,1,0,"Utilisation standard, pas de souci majeur.",Non
CLI04555,Conakry,Homme,48,917000,12,Prépayé,Non,Non,30000,Espèces,166,87,6,2014,12,3,0,6,Service correct dans l'ensemble.,Non
CLI04556,Conakry,Homme,18,1356000,18,Illimité,Oui,Non,117000,Espèces,184,79,109,1184,131,4,0,2,Rien de particulier a signaler.,Non
CLI04557,N'Zérékoré,Homme,24,341000,37,Prépayé,Non,Non,17000,Orange Money,188,0,2,1316,33,1,0,2,Content de la couverture reseau dans ma zone.,Non
CLI04558,Conakry,Femme,27,795000,11,Postpayé,Non,Oui,65000,Orange Money,130,140,0,2802,17,0,0,9,"Utilisation standard, pas de souci majeur.",Non
CLI04559,Kindia,Femme,26,836000,45,Prépayé,Non,Non,45000,Espèces,108,87,0,1959,17,0,0,1,Service client reactif et efficace.,Non
CLI04560,Conakry,Homme,18,852000,26,Prépayé,Non,Non,30000,Orange Money,239,116,0,2623,9,3,1,6,Offres interessantes et service fiable.,Non
CLI04561,Boké,Femme,27,1198000,15,Prépayé,Non,Oui,63000,Espèces,70,93,0,3621,22,2,1,3,Service client reactif et efficace.,Non
CLI04562,Mamou,Femme,46,558000,10,Postpayé,Non,Oui,32000,Orange Money,101,108,7,1860,44,1,2,0,Service correct dans l'ensemble.,Non
CLI04563,Labé,Femme,22,576000,17,Prépayé,Non,Oui,22000,Espèces,74,83,1,3861,11,1,0,0,"Bon rapport qualite prix, je recommande.",Non
CLI04564,Mamou,Homme,57,652000,31,Postpayé,Non,Oui,29000,Espèces,184,147,1,4219,27,2,1,6,"Utilisation standard, pas de souci majeur.",Non
CLI04565,Conakry,Homme,22,1274000,14,Prépayé,Non,Oui,93000,Carte bancaire,182,157,1,50,45,1,1,0,Trop de coupures de reseau ces derniers temps.,Oui
CLI04566,N'Zérékoré,Femme,38,404000,8,Prépayé,Non,Oui,32000,Virement bancaire,284,0,3,2179,11,0,0,0,Rien de particulier a signaler.,Non
CLI04567,Faranah,Homme,31,422000,4,Prépayé,Non,Oui,30000,Virement bancaire,267,108,1,1504,51,0,2,9,Le service client ne repond jamais rapidement.,Oui
CLI04568,Conakry,Homme,20,449000,32,Postpayé,Non,Oui,29000,Orange Money,139,90,2,2646,32,1,0,0,Offres interessantes et service fiable.,Non
CLI04569,Boké,Femme,36,812000,42,Prépayé,Non,Non,26000,Carte bancaire,163,139,0,2302,10,0,2,2,Offres interessantes et service fiable.,Non
CLI04570,Conakry,Homme,35,624000,3,Prépayé,Non,Oui,21000,Virement bancaire,175,72,12,3173,33,0,0,9,Tres decu par la qualite du reseau en ce moment.,Oui
CLI04571,Kankan,Homme,32,1666000,2,Prépayé,Non,Oui,57000,Orange Money,197,52,1,979,5,0,0,9,Trop cher par rapport a la qualite recue.,Oui
CLI04572,Kankan,Femme,47,1241000,27,Postpayé,Non,Oui,103000,Orange Money,165,135,1,4365,19,1,0,0,"Bon rapport qualite prix, je recommande.",Non
CLI04573,Labé,Femme,42,781000,19,Prépayé,Non,Non,66000,Orange Money,121,89,0,1726,126,1,0,0,"Utilisation standard, pas de souci majeur.",Non
CLI04574,Kindia,Femme,18,603000,28,Prépayé,Oui,Non,31000,Espèces,305,70,49,1841,11,0,0,0,Rien de particulier a signaler.,Non
CLI04575,Kankan,Femme,48,628000,1,Prépayé,Oui,Non,39000,Orange Money,240,61,33,3735,11,1,0,1,Service correct dans l'ensemble.,Non
CLI04576,Kindia,Femme,24,813000,8,Prépayé,Non,Oui,69000,Espèces,202,74,4,1606,120,4,0,1,Content de la couverture reseau dans ma zone.,Non
CLI04577,Conakry,Femme,18,1233000,62,Postpayé,Oui,Oui,83000,Carte bancaire,136,112,85,3171,55,1,0,0,Tres satisfait du reseau et du service.,Non
CLI04578,Mamou,Homme,43,2149000,2,Postpayé,Non,Non,88000,Orange Money,136,81,2,1274,6,2,1,0,Service correct dans l'ensemble.,Non
CLI04579,Kindia,Femme,46,911000,75,Prépayé,Non,Oui,75000,Orange Money,173,109,1,2735,2,1,0,0,"Bon rapport qualite prix, je recommande.",Non
CLI04580,N'Zérékoré,Homme,24,300000,1,Prépayé,Non,Non,16000,Orange Money,211,223,2,3246,7,1,1,5,"Bon rapport qualite prix, je recommande.",Non
CLI04581,Labé,Femme,34,528000,62,Prépayé,Non,Oui,47000,Espèces,149,159,5,911,0,2,1,2,Service correct dans l'ensemble.,Non
CLI04582,Conakry,Homme,26,929000,13,Prépayé,Non,Oui,67000,Espèces,145,35,4,3532,9,0,0,0,Service client reactif et efficace.,Non
CLI04583,Kankan,Femme,40,658000,39,Prépayé,Non,Oui,43000,Carte bancaire,181,79,1,3072,15,2,1,7,Tres decu par la qualite du reseau en ce moment.,Oui
CLI04584,N'Zérékoré,Femme,28,554000,3,Postpayé,Non,Non,37000,Espèces,275,112,5,1979,5,0,1,3,Rien de particulier a signaler.,Non
CLI04585,Conakry,Femme,36,1662000,1,Prépayé,Non,Oui,133000,Orange Money,60,70,1,2366,96,3,1,3,"Je pense changer d'operateur, trop de pannes.",Oui
CLI04586,Kindia,Homme,20,1056000,37,Prépayé,Non,Oui,69000,Orange Money,87,135,3,1986,78,0,2,0,Offres interessantes et service fiable.,Non
CLI04587,Boké,Femme,40,639000,27,Prépayé,Oui,Non,20000,Espèces,298,67,47,3788,54,2,0,0,Rien de particulier a signaler.,Non
CLI04588,Faranah,Homme,34,936000,5,Illimité,Non,Non,55000,Espèces,212,149,0,2558,2,1,0,1,"Bon rapport qualite prix, je recommande.",Non
CLI04589,Faranah,Femme,62,759000,24,Illimité,Non,Oui,25000,Orange Money,277,79,2,2481,48,0,1,9,Tres satisfait du reseau et du service.,Non
CLI04590,Mamou,Femme,48,1113000,43,Illimité,Non,Non,97000,Orange Money,277,81,1,3016,34,3,0,6,Offres interessantes et service fiable.,Non
CLI04591,Kankan,Homme,27,451000,12,Illimité,Oui,Oui,15000,Carte bancaire,201,73,42,3560,2,4,0,3,Tres decu par la qualite du reseau en ce moment.,Oui
CLI04592,Faranah,Homme,20,422000,7,Postpayé,Non,Non,30000,Orange Money,230,113,1,2150,10,1,1,0,Aucun probleme depuis mon inscription.,Non
CLI04593,Conakry,Homme,41,440000,32,Postpayé,Non,Non,19000,Espèces,211,77,0,4440,12,1,0,1,"Bon rapport qualite prix, je recommande.",Non
CLI04594,N'Zérékoré,Femme,24,1122000,3,Postpayé,Non,Oui,78000,Espèces,217,72,2,541,8,3,0,0,Service client reactif et efficace.,Non
CLI04595,Kankan,Homme,42,594000,77,Postpayé,Non,Oui,42000,Orange Money,207,47,4,3091,9,1,0,0,Tres satisfait du reseau et du service.,Non
CLI04596,Mamou,Homme,45,721000,27,Prépayé,Non,Oui,32000,Orange Money,134,7,8,980,26,1,2,0,Offres interessantes et service fiable.,Non
CLI04597,Kankan,Femme,50,732000,30,Illimité,Non,Non,26000,Orange Money,176,100,1,5170,34,2,1,0,Tres satisfait du reseau et du service.,Non
CLI04598,Kankan,Homme,50,661000,1,Prépayé,Oui,Non,27000,Espèces,212,56,6,1078,4,3,0,0,Rien de particulier a signaler.,Non
CLI04599,Conakry,Femme,47,1124000,4,Prépayé,Non,Non,68000,Espèces,121,62,0,3030,59,0,1,2,Service correct dans l'ensemble.,Non
CLI04600,Mamou,Femme,33,889000,7,Postpayé,Oui,Oui,35000,Espèces,197,107,76,3304,42,1,0,0,Offres interessantes et service fiable.,Non
CLI04601,Conakry,Femme,33,511000,18,Postpayé,Non,Oui,41000,Virement bancaire,203,108,1,3768,172,1,1,0,Tres decu par la qualite du reseau en ce moment.,Oui
CLI04602,Conakry,Homme,36,528000,77,Prépayé,Non,Non,19000,Virement bancaire,174,113,8,982,64,1,0,5,"Utilisation standard, pas de souci majeur.",Non
CLI04603,Kankan,Homme,51,491000,2,Prépayé,Non,Oui,21000,Orange Money,113,62,1,2662,44,3,0,5,Service client reactif et efficace.,Non
CLI04604,Labé,Homme,30,1211000,3,Prépayé,Non,Oui,75000,Orange Money,146,36,2,2208,104,1,0,4,"Utilisation standard, pas de souci majeur.",Non
CLI04605,Kindia,Homme,34,1435000,4,Postpayé,Non,Oui,121000,Orange Money,170,69,2,1977,33,0,1,5,Le service client ne repond jamais rapidement.,Oui
CLI04606,Conakry,Homme,43,1080000,18,Postpayé,Oui,Non,91000,Espèces,130,175,39,3220,4,0,1,0,Content de la couverture reseau dans ma zone.,Non
CLI04607,Boké,Femme,20,967000,4,Prépayé,Non,Oui,82000,Orange Money,123,130,1,1255,17,1,0,0,Service correct dans l'ensemble.,Non
CLI04608,Conakry,Homme,29,404000,32,Illimité,Non,Non,13000,Espèces,183,71,4,2190,17,2,0,3,Content de la couverture reseau dans ma zone.,Non
CLI04609,Kindia,Homme,34,606000,3,Postpayé,Non,Oui,22000,Espèces,152,132,5,959,12,2,0,0,Service correct dans l'ensemble.,Non
CLI04610,Kankan,Femme,29,524000,10,Prépayé,Non,Non,41000,Espèces,166,96,1,2255,14,2,0,3,Service correct dans l'ensemble.,Oui
CLI04611,Kindia,Homme,28,841000,3,Postpayé,Non,Oui,59000,Orange Money,189,62,2,1873,25,0,1,0,Trop cher par rapport a la qualite recue.,Oui
CLI04612,Labé,Homme,38,754000,36,Postpayé,Non,Oui,33000,Carte bancaire,172,44,2,2308,39,1,0,0,Rien de particulier a signaler.,Non
CLI04613,N'Zérékoré,Homme,23,610000,25,Prépayé,Non,Oui,24000,Carte bancaire,199,92,9,2226,14,2,0,5,Rien de particulier a signaler.,Non
CLI04614,Kindia,Homme,40,707000,38,Prépayé,Oui,Non,57000,Orange Money,147,85,60,1153,9,2,1,0,Content de la couverture reseau dans ma zone.,Non
CLI04615,Conakry,Femme,30,1085000,7,Prépayé,Oui,Non,68000,Orange Money,74,119,22,55,34,2,0,0,Service correct dans l'ensemble.,Oui
CLI04616,Kindia,Homme,18,1451000,18,Prépayé,Non,Oui,74000,Orange Money,176,35,2,1157,24,3,2,0,"Je pense changer d'operateur, trop de pannes.",Oui
CLI04617,Kindia,Femme,18,518000,44,Postpayé,Non,Oui,43000,Carte bancaire,137,70,7,2456,23,1,0,0,Service client reactif et efficace.,Non
CLI04618,N'Zérékoré,Homme,22,309000,1,Prépayé,Non,Oui,23000,Orange Money,127,108,0,2032,16,3,0,1,Tres satisfait du reseau et du service.,Non
CLI04619,Conakry,Femme,38,1556000,5,Postpayé,Non,Non,118000,Virement bancaire,212,141,4,2102,35,1,0,0,Service correct dans l'ensemble.,Non
CLI04620,Conakry,Homme,31,545000,41,Prépayé,Non,Oui,31000,Orange Money,271,125,2,2347,12,2,1,0,Trop cher par rapport a la qualite recue.,Oui
CLI04621,Kankan,Femme,27,1756000,41,Prépayé,Non,Non,87000,Orange Money,174,96,0,1672,29,1,1,0,Rien de particulier a signaler.,Oui
CLI04622,Conakry,Homme,33,1382000,5,Prépayé,Non,Non,81000,Orange Money,163,118,1,1492,14,0,1,0,Service correct dans l'ensemble.,Non
CLI04623,Boké,Femme,37,477000,24,Postpayé,Non,Oui,19000,Espèces,209,151,6,3171,15,1,2,0,Tres satisfait du reseau et du service.,Non
CLI04624,Faranah,Homme,30,880000,49,Postpayé,Non,Non,78000,Orange Money,141,84,9,2209,12,1,3,0,Tres satisfait du reseau et du service.,Non
CLI04625,Conakry,Femme,22,436000,49,Postpayé,Non,Oui,26000,Espèces,145,152,2,2579,83,0,0,0,Le forfait ne correspond plus a mes besoins.,Oui
CLI04626,Kindia,Femme,48,814000,18,Prépayé,Non,Non,34000,Virement bancaire,157,115,1,1227,2,1,1,1,"Utilisation standard, pas de souci majeur.",Non
CLI04627,Conakry,Homme,33,1413000,2,Prépayé,Non,Oui,74000,Espèces,243,191,0,1521,43,0,1,1,Service client reactif et efficace.,Non
CLI04628,Labé,Homme,38,420000,24,Prépayé,Non,Non,21000,Orange Money,227,170,0,2838,33,2,0,10,Tres satisfait du reseau et du service.,Non
CLI04629,Mamou,Homme,26,591000,5,Prépayé,Non,Oui,20000,Orange Money,238,105,6,3992,6,1,1,0,Content de la couverture reseau dans ma zone.,Non
CLI04630,Faranah,Homme,35,651000,2,Prépayé,Non,Oui,57000,Carte bancaire,112,29,8,2201,4,0,0,0,Content de la couverture reseau dans ma zone.,Non
CLI04631,Conakry,Homme,45,908000,13,Prépayé,Oui,Oui,37000,Orange Money,226,88,49,4192,14,0,1,0,Service correct dans l'ensemble.,Non
CLI04632,Conakry,Femme,23,540000,81,Postpayé,Non,Non,34000,Orange Money,357,51,3,2524,11,0,1,0,Offres interessantes et service fiable.,Non
CLI04633,Faranah,Femme,31,687000,10,Prépayé,Non,Oui,53000,Orange Money,97,89,4,3702,43,1,1,3,Rien de particulier a signaler.,Non
CLI04634,Kankan,Femme,30,902000,15,Prépayé,Non,Non,72000,Orange Money,102,70,0,1467,34,1,1,1,Content de la couverture reseau dans ma zone.,Non
CLI04635,Kindia,Femme,21,329000,15,Prépayé,Non,Oui,24000,Orange Money,198,23,4,3125,12,0,1,0,"Bon rapport qualite prix, je recommande.",Non
CLI04636,Conakry,Femme,52,1131000,90,Prépayé,Non,Oui,50000,Orange Money,171,128,4,1707,101,2,0,7,Aucun probleme depuis mon inscription.,Non
CLI04637,Conakry,Homme,20,842000,46,Prépayé,Oui,Non,55000,Carte bancaire,178,145,31,2354,22,3,0,12,Service client reactif et efficace.,Non
CLI04638,Kankan,Femme,39,323000,4,Prépayé,Non,Non,13000,Orange Money,179,89,2,3287,4,0,1,3,Service correct dans l'ensemble.,Non
CLI04639,Conakry,Femme,25,2466000,17,Prépayé,Non,Oui,137000,Orange Money,250,84,6,3519,3,0,1,0,Tres satisfait du reseau et du service.,Non
CLI04640,Conakry,Homme,31,653000,43,Prépayé,Oui,Non,36000,Orange Money,180,103,30,3254,3,0,0,1,Service correct dans l'ensemble.,Non
CLI04641,Conakry,Femme,28,902000,7,Prépayé,Oui,Non,30000,Orange Money,183,37,78,2281,33,1,0,0,Tres satisfait du reseau et du service.,Non
CLI04642,Kindia,Homme,26,601000,4,Postpayé,Oui,Oui,26000,Espèces,37,98,70,3895,2,2,0,0,"Utilisation standard, pas de souci majeur.",Non
CLI04643,Mamou,Femme,32,939000,9,Prépayé,Non,Oui,49000,Carte bancaire,182,111,1,4089,19,0,0,0,Content de la couverture reseau dans ma zone.,Non
CLI04644,Conakry,Homme,18,1045000,6,Prépayé,Non,Non,35000,Virement bancaire,266,118,0,3158,26,0,0,0,"Utilisation standard, pas de souci majeur.",Non
CLI04645,Boké,Femme,23,456000,1,Postpayé,Non,Oui,27000,Orange Money,237,173,3,2421,32,1,1,0,"Bon rapport qualite prix, je recommande.",Non
CLI04646,N'Zérékoré,Femme,35,711000,22,Prépayé,Non,Non,35000,Orange Money,132,71,3,2237,22,1,0,3,Aucun probleme depuis mon inscription.,Non
CLI04647,Boké,Femme,51,1192000,80,Prépayé,Non,Oui,62000,Virement bancaire,206,53,4,2626,27,1,1,0,Content de la couverture reseau dans ma zone.,Non
CLI04648,Boké,Femme,33,805000,2,Prépayé,Oui,Non,70000,Orange Money,0,162,0,1845,56,0,0,8,Content de la couverture reseau dans ma zone.,Non
CLI04649,Faranah,Homme,23,2780000,2,Prépayé,Oui,Non,130000,Orange Money,196,164,26,3227,51,1,0,0,Service correct dans l'ensemble.,Non
CLI04650,Labé,Femme,43,528000,36,Postpayé,Non,Non,41000,Orange Money,270,62,7,3721,49,1,1,1,"Utilisation standard, pas de souci majeur.",Non
CLI04651,Boké,Homme,38,899000,4,Postpayé,Non,Oui,34000,Orange Money,203,131,4,1881,62,0,1,0,Rien de particulier a signaler.,Oui
CLI04652,Kankan,Femme,20,818000,44,Prépayé,Oui,Oui,68000,Orange Money,100,83,76,50,37,0,0,1,"Utilisation standard, pas de souci majeur.",Non
CLI04653,Conakry,Femme,25,368000,96,Prépayé,Non,Non,17000,Orange Money,114,102,2,1671,30,1,1,1,Aucun probleme depuis mon inscription.,Non
CLI04654,Conakry,Femme,19,917000,66,Prépayé,Oui,Oui,39000,Espèces,122,140,54,2937,76,0,0,1,Content de la couverture reseau dans ma zone.,Non
CLI04655,N'Zérékoré,Homme,45,837000,6,Postpayé,Non,Oui,33000,Espèces,144,91,0,1951,98,0,1,5,"Utilisation standard, pas de souci majeur.",Oui
CLI04656,Conakry,Femme,20,1039000,13,Prépayé,Non,Oui,90000,Orange Money,45,69,3,2015,9,1,0,0,Le service client ne repond jamais rapidement.,Oui
CLI04657,Conakry,Homme,19,389000,15,Postpayé,Non,Non,25000,Espèces,148,61,3,654,15,2,0,2,Le service client ne repond jamais rapidement.,Oui
CLI04658,Conakry,Homme,34,502000,19,Postpayé,Non,Oui,26000,Orange Money,220,124,1,782,9,1,0,1,Content de la couverture reseau dans ma zone.,Non
CLI04659,N'Zérékoré,Femme,43,477000,24,Postpayé,Non,Oui,30000,Orange Money,125,181,2,1997,6,0,1,3,Tres satisfait du reseau et du service.,Non
CLI04660,Conakry,Femme,26,708000,83,Illimité,Oui,Oui,61000,Orange Money,294,31,0,1959,22,3,0,1,Service client reactif et efficace.,Non
CLI04661,Labé,Femme,40,855000,8,Prépayé,Non,Oui,53000,Orange Money,261,117,5,2177,69,3,0,0,Offres interessantes et service fiable.,Non
CLI04662,Faranah,Femme,18,866000,96,Prépayé,Non,Non,29000,Carte bancaire,88,65,8,2573,17,3,1,1,Service correct dans l'ensemble.,Non
CLI04663,Conakry,Femme,40,1867000,35,Prépayé,Non,Oui,94000,Carte bancaire,63,119,3,1534,31,0,1,0,Content de la couverture reseau dans ma zone.,Non
CLI04664,Conakry,Homme,34,592000,48,Prépayé,Non,Oui,52000,Espèces,170,93,1,3093,1,1,0,0,Rien de particulier a signaler.,Oui
CLI04665,Faranah,Homme,33,646000,69,Prépayé,Oui,Oui,25000,Orange Money,157,16,34,2386,35,0,1,6,Content de la couverture reseau dans ma zone.,Non
CLI04666,Conakry,Homme,18,1091000,39,Postpayé,Non,Non,88000,Orange Money,229,112,6,2444,18,0,1,5,"Utilisation standard, pas de souci majeur.",Non
CLI04667,Kindia,Femme,43,300000,34,Prépayé,Oui,Non,11000,Orange Money,155,106,52,4129,10,1,1,0,Tres satisfait du reseau et du service.,Non
CLI04668,Labé,Femme,33,2013000,96,Illimité,Non,Oui,129000,Orange Money,121,90,6,489,6,1,1,0,Offres interessantes et service fiable.,Non
CLI04669,Kankan,Femme,34,890000,10,Illimité,Non,Oui,56000,Carte bancaire,215,156,2,3408,81,2,2,0,Rien de particulier a signaler.,Non
CLI04670,Kindia,Homme,20,2772000,6,Prépayé,Non,Oui,105000,Orange Money,184,120,0,1674,31,3,1,0,Offres interessantes et service fiable.,Non
CLI04671,Conakry,Femme,48,321000,30,Prépayé,Non,Non,21000,Orange Money,245,7,5,4198,23,3,0,4,"Utilisation standard, pas de souci majeur.",Oui
CLI04672,Conakry,Homme,28,1038000,6,Postpayé,Non,Oui,35000,Orange Money,194,88,3,1271,42,1,1,0,Service correct dans l'ensemble.,Non
CLI04673,Conakry,Homme,37,1018000,15,Postpayé,Oui,Oui,47000,Orange Money,193,158,35,4206,18,3,0,0,Service correct dans l'ensemble.,Non
CLI04674,Mamou,Homme,31,908000,29,Prépayé,Non,Non,50000,Espèces,195,59,1,5112,15,0,0,8,Service correct dans l'ensemble.,Non
CLI04675,N'Zérékoré,Homme,29,378000,55,Postpayé,Non,Oui,22000,Orange Money,249,92,2,2707,20,3,0,1,"Utilisation standard, pas de souci majeur.",Non
CLI04676,Boké,Homme,40,1096000,11,Prépayé,Non,Oui,70000,Orange Money,167,16,3,3293,21,0,1,1,Le forfait ne correspond plus a mes besoins.,Oui
CLI04677,Conakry,Homme,38,953000,54,Prépayé,Non,Non,57000,Espèces,138,112,1,1594,51,1,0,13,Facturation incorrecte plusieurs fois de suite.,Oui
CLI04678,Labé,Homme,46,408000,49,Prépayé,Non,Non,15000,Espèces,190,122,0,2295,20,4,0,0,"Utilisation standard, pas de souci majeur.",Non
CLI04679,Conakry,Homme,27,713000,65,Prépayé,Non,Oui,27000,Orange Money,191,163,0,3627,40,0,1,1,Rien de particulier a signaler.,Non
CLI04680,Conakry,Homme,41,445000,3,Illimité,Non,Non,37000,Virement bancaire,216,164,2,1671,14,0,1,4,Rien de particulier a signaler.,Oui
CLI04681,Conakry,Homme,22,552000,24,Prépayé,Non,Non,48000,Espèces,177,50,3,2476,24,1,2,0,Rien de particulier a signaler.,Oui
CLI04682,N'Zérékoré,Femme,34,601000,48,Postpayé,Non,Non,23000,Carte bancaire,217,63,6,369,7,1,1,1,"Je pense changer d'operateur, trop de pannes.",Oui
CLI04683,Labé,Femme,18,701000,41,Postpayé,Non,Non,49000,Carte bancaire,6,85,0,1107,42,3,0,0,"Bon rapport qualite prix, je recommande.",Non
CLI04684,Conakry,Homme,33,714000,63,Prépayé,Non,Non,61000,Orange Money,244,110,1,378,2,1,1,4,"Bon rapport qualite prix, je recommande.",Non
CLI04685,N'Zérékoré,Femme,31,1798000,61,Prépayé,Non,Non,86000,Carte bancaire,259,65,2,3669,80,0,0,0,Offres interessantes et service fiable.,Non
CLI04686,Kindia,Homme,25,479000,7,Prépayé,Oui,Oui,43000,Virement bancaire,90,98,33,2228,14,0,0,0,"Bon rapport qualite prix, je recommande.",Non
CLI04687,Conakry,Homme,25,300000,62,Postpayé,Non,Oui,13000,Orange Money,160,144,8,2701,13,1,0,0,Tres satisfait du reseau et du service.,Non
CLI04688,Mamou,Homme,31,910000,34,Prépayé,Non,Non,37000,Espèces,84,106,2,1921,57,1,2,1,"Bon rapport qualite prix, je recommande.",Non
CLI04689,Labé,Femme,45,1276000,1,Postpayé,Non,Non,42000,Espèces,209,104,2,2242,37,0,0,4,"Utilisation standard, pas de souci majeur.",Non
CLI04690,Mamou,Homme,32,732000,14,Prépayé,Oui,Non,37000,Carte bancaire,125,46,41,1750,4,0,0,5,Content de la couverture reseau dans ma zone.,Non
CLI04691,Boké,Femme,33,962000,10,Prépayé,Non,Non,56000,Orange Money,111,114,2,2512,89,1,0,0,"Bon rapport qualite prix, je recommande.",Non
CLI04692,Conakry,Homme,37,350000,10,Postpayé,Non,Non,28000,Espèces,157,83,1,2113,8,0,0,2,Rien de particulier a signaler.,Non
CLI04693,Conakry,Femme,48,912000,62,Postpayé,Non,Non,40000,Orange Money,175,63,6,1922,7,0,0,1,Aucun probleme depuis mon inscription.,Non
CLI04694,Mamou,Homme,45,1129000,18,Prépayé,Oui,Non,96000,Carte bancaire,265,135,91,2066,9,0,1,0,"Utilisation standard, pas de souci majeur.",Non
CLI04695,Boké,Homme,39,1001000,28,Prépayé,Non,Oui,88000,Orange Money,101,32,0,4775,17,3,1,0,"Je pense changer d'operateur, trop de pannes.",Oui
CLI04696,Boké,Femme,18,594000,3,Prépayé,Oui,Oui,32000,Orange Money,130,154,61,2079,22,1,0,0,Service correct dans l'ensemble.,Non
CLI04697,Labé,Homme,40,1137000,9,Postpayé,Non,Oui,56000,Carte bancaire,144,71,1,466,87,1,0,7,Offres interessantes et service fiable.,Non
CLI04698,Boké,Homme,26,419000,24,Prépayé,Non,Oui,27000,Virement bancaire,211,135,1,2341,9,0,1,2,Tres decu par la qualite du reseau en ce moment.,Oui
CLI04699,N'Zérékoré,Homme,38,408000,5,Prépayé,Non,Non,17000,Espèces,236,56,1,4218,14,3,0,0,Rien de particulier a signaler.,Non
CLI04700,Faranah,Homme,25,379000,27,Postpayé,Oui,Oui,18000,Espèces,88,72,46,3513,15,0,0,4,"Utilisation standard, pas de souci majeur.",Non
CLI04701,N'Zérékoré,Femme,39,560000,7,Prépayé,Non,Oui,21000,Orange Money,214,46,2,477,143,0,1,0,Rien de particulier a signaler.,Oui
CLI04702,Conakry,Homme,29,398000,5,Prépayé,Oui,Oui,34000,Orange Money,169,87,31,1264,7,3,0,0,Rien de particulier a signaler.,Non
CLI04703,Mamou,Femme,28,1174000,35,Prépayé,Non,Non,95000,Espèces,240,57,0,268,2,0,0,0,Service client reactif et efficace.,Non
CLI04704,N'Zérékoré,Homme,36,957000,22,Prépayé,Non,Non,41000,Carte bancaire,177,11,3,3314,35,0,1,0,"Utilisation standard, pas de souci majeur.",Non
CLI04705,Faranah,Femme,18,760000,35,Prépayé,Non,Oui,33000,Espèces,133,62,2,2919,15,0,0,0,Service client reactif et efficace.,Non
CLI04706,Kindia,Femme,46,2813000,46,Prépayé,Non,Oui,199000,Orange Money,129,138,9,3874,7,0,2,0,Service client reactif et efficace.,Non
CLI04707,Faranah,Femme,33,1033000,8,Prépayé,Non,Oui,76000,Virement bancaire,190,147,6,50,5,0,0,0,Aucune reponse a mes reclamations depuis un mois.,Oui
CLI04708,Labé,Homme,32,320000,12,Prépayé,Non,Oui,23000,Espèces,168,66,3,3051,5,1,1,1,"Bon rapport qualite prix, je recommande.",Non
CLI04709,Conakry,Femme,23,1447000,1,Postpayé,Non,Oui,84000,Espèces,216,0,1,50,2,1,0,2,Service correct dans l'ensemble.,Non
CLI04710,Faranah,Femme,41,914000,35,Postpayé,Non,Oui,29000,Virement bancaire,63,126,1,3361,10,2,0,0,Offres interessantes et service fiable.,Non
CLI04711,Conakry,Femme,22,684000,78,Prépayé,Non,Non,48000,Espèces,184,34,0,50,5,0,0,0,Rien de particulier a signaler.,Non
CLI04712,Conakry,Femme,45,937000,44,Prépayé,Non,Oui,66000,Orange Money,169,49,1,3379,8,3,0,1,Content de la couverture reseau dans ma zone.,Non
CLI04713,Conakry,Homme,24,331000,55,Postpayé,Oui,Oui,26000,Espèces,195,82,44,2322,11,1,1,0,Service correct dans l'ensemble.,Non
CLI04714,Conakry,Homme,34,1752000,22,Postpayé,Non,Non,136000,Orange Money,138,81,0,3134,5,2,0,0,Offres interessantes et service fiable.,Non
CLI04715,Kankan,Femme,25,521000,20,Postpayé,Non,Oui,43000,Orange Money,298,100,0,2050,2,2,0,0,Rien de particulier a signaler.,Non
CLI04716,Conakry,Femme,34,1335000,19,Postpayé,Oui,Non,99000,Orange Money,117,62,45,2142,43,0,1,3,Trop de coupures de reseau ces derniers temps.,Oui
CLI04717,N'Zérékoré,Homme,42,379000,34,Prépayé,Non,Non,12000,Virement bancaire,202,91,2,3245,10,0,2,1,"Bon rapport qualite prix, je recommande.",Non
CLI04718,Conakry,Homme,26,542000,10,Prépayé,Oui,Oui,37000,Virement bancaire,157,107,78,1706,24,1,1,3,Service correct dans l'ensemble.,Oui
CLI04719,Conakry,Homme,20,1095000,20,Prépayé,Non,Non,83000,Orange Money,177,54,2,5237,31,1,0,0,Aucun probleme depuis mon inscription.,Non
CLI04720,Boké,Homme,31,527000,69,Illimité,Non,Non,44000,Espèces,258,75,6,2022,10,1,0,0,Content de la couverture reseau dans ma zone.,Non
CLI04721,Mamou,Homme,24,917000,25,Illimité,Non,Non,37000,Carte bancaire,150,109,0,1416,57,0,1,4,Trop cher par rapport a la qualite recue.,Oui
CLI04722,Mamou,Homme,35,458000,18,Prépayé,Non,Non,30000,Orange Money,262,4,2,3388,4,1,0,0,Tres satisfait du reseau et du service.,Non
CLI04723,Conakry,Homme,20,936000,8,Postpayé,Non,Oui,65000,Espèces,157,181,0,1427,4,1,0,8,Service client reactif et efficace.,Non
CLI04724,Labé,Homme,27,1621000,1,Postpayé,Non,Non,119000,Orange Money,333,106,2,1745,7,2,0,4,Le service client ne repond jamais rapidement.,Oui
CLI04725,Conakry,Homme,41,577000,12,Prépayé,Oui,Non,35000,Espèces,236,104,33,3226,51,0,0,4,Content de la couverture reseau dans ma zone.,Non
CLI04726,Conakry,Femme,35,334000,12,Prépayé,Oui,Oui,10000,Espèces,238,176,34,1573,1,1,1,6,Content de la couverture reseau dans ma zone.,Non
CLI04727,Conakry,Homme,22,1420000,5,Prépayé,Oui,Oui,64000,Espèces,193,51,21,1192,15,1,0,0,"Utilisation standard, pas de souci majeur.",Non
CLI04728,Conakry,Homme,30,557000,7,Postpayé,Non,Oui,45000,Orange Money,193,46,1,3787,26,2,1,0,"Je pense changer d'operateur, trop de pannes.",Oui
CLI04729,Kankan,Femme,35,637000,17,Postpayé,Oui,Non,25000,Espèces,200,95,32,2304,1,1,2,2,Service client reactif et efficace.,Non
CLI04730,Kankan,Homme,41,1031000,91,Prépayé,Non,Non,67000,Orange Money,163,136,2,830,12,2,1,3,Tres satisfait du reseau et du service.,Non
CLI04731,Conakry,Femme,23,526000,15,Postpayé,Non,Non,17000,Orange Money,192,45,0,2654,34,1,0,1,Aucun probleme depuis mon inscription.,Non
CLI04732,Mamou,Femme,35,686000,14,Prépayé,Non,Non,21000,Orange Money,192,62,6,167,83,0,0,7,Service correct dans l'ensemble.,Non
CLI04733,Conakry,Homme,23,1165000,19,Postpayé,Non,Non,88000,Carte bancaire,54,87,7,1771,4,0,1,10,"Utilisation standard, pas de souci majeur.",Non
CLI04734,Conakry,Homme,18,580000,1,Illimité,Non,Oui,19000,Orange Money,165,65,1,2020,0,0,0,1,"Utilisation standard, pas de souci majeur.",Non
CLI04735,Conakry,Femme,44,736000,12,Prépayé,Non,Oui,60000,Carte bancaire,116,125,0,1846,43,1,0,0,"Utilisation standard, pas de souci majeur.",Non
CLI04736,Faranah,Femme,40,815000,30,Postpayé,Oui,Oui,29000,Orange Money,290,84,67,3978,24,0,2,0,Trop cher par rapport a la qualite recue.,Oui
CLI04737,Mamou,Femme,40,670000,78,Postpayé,Non,Non,43000,Carte bancaire,213,101,2,2164,8,1,0,1,Service client reactif et efficace.,Non
CLI04738,Labé,Homme,43,944000,4,Illimité,Non,Oui,39000,Espèces,102,53,1,2480,48,2,0,3,Service client reactif et efficace.,Non
CLI04739,Conakry,Femme,30,610000,5,Postpayé,Non,Oui,31000,Orange Money,207,144,12,3548,32,0,0,0,Rien de particulier a signaler.,Non
CLI04740,Kankan,Homme,47,541000,20,Prépayé,Non,Non,37000,Orange Money,263,129,3,2554,20,1,1,0,Tres satisfait du reseau et du service.,Non
CLI04741,Boké,Femme,43,855000,14,Postpayé,Non,Non,77000,Orange Money,210,63,2,2441,13,0,1,0,Aucun probleme depuis mon inscription.,Non
CLI04742,Labé,Femme,25,3149000,23,Postpayé,Non,Non,203000,Espèces,122,16,1,2938,12,1,0,0,Service correct dans l'ensemble.,Non
CLI04743,Kankan,Homme,29,744000,8,Prépayé,Non,Oui,34000,Orange Money,105,45,0,3645,4,1,1,0,Service client reactif et efficace.,Non
CLI04744,Kindia,Femme,18,2777000,2,Illimité,Non,Non,191000,Espèces,211,112,12,2081,11,1,0,0,"Utilisation standard, pas de souci majeur.",Non
CLI04745,Kindia,Femme,18,585000,71,Prépayé,Non,Oui,18000,Orange Money,137,97,1,1942,6,2,2,0,"Bon rapport qualite prix, je recommande.",Non
CLI04746,Conakry,Homme,40,1810000,11,Prépayé,Non,Oui,79000,Orange Money,246,83,2,1136,33,1,0,3,Content de la couverture reseau dans ma zone.,Non
CLI04747,Kindia,Femme,39,716000,42,Prépayé,Non,Non,49000,Orange Money,91,71,0,1893,27,1,4,16,"Utilisation standard, pas de souci majeur.",Oui
CLI04748,Kankan,Homme,24,1302000,7,Illimité,Non,Non,94000,Virement bancaire,162,117,0,2929,7,3,0,4,"Bon rapport qualite prix, je recommande.",Non
CLI04749,Mamou,Femme,40,1130000,2,Prépayé,Non,Oui,83000,Carte bancaire,106,93,1,2212,8,1,0,9,"Utilisation standard, pas de souci majeur.",Non
CLI04750,Conakry,Femme,33,1118000,23,Postpayé,Oui,Oui,75000,Orange Money,136,90,49,1219,44,3,1,4,Facturation incorrecte plusieurs fois de suite.,Oui
CLI04751,Conakry,Femme,18,1109000,7,Prépayé,Non,Oui,88000,Orange Money,95,76,10,4694,2,0,1,1,Service correct dans l'ensemble.,Non
CLI04752,Mamou,Homme,40,343000,3,Postpayé,Non,Non,27000,Orange Money,309,62,7,699,11,1,0,0,"Utilisation standard, pas de souci majeur.",Non
CLI04753,Kankan,Homme,39,533000,60,Prépayé,Non,Non,24000,Orange Money,151,38,2,2441,16,1,0,1,"Utilisation standard, pas de souci majeur.",Non
CLI04754,Kindia,Femme,39,1146000,19,Prépayé,Non,Oui,84000,Orange Money,195,83,1,4342,8,3,0,1,Aucun probleme depuis mon inscription.,Non
CLI04755,Conakry,Femme,25,561000,3,Illimité,Non,Oui,35000,Carte bancaire,185,88,2,3692,17,0,0,0,Content de la couverture reseau dans ma zone.,Non
CLI04756,N'Zérékoré,Homme,18,1539000,1,Prépayé,Non,Non,73000,Orange Money,169,128,3,3123,1,2,0,0,Service correct dans l'ensemble.,Non
CLI04757,Kankan,Homme,37,699000,6,Postpayé,Oui,Oui,25000,Espèces,110,53,29,3187,3,1,0,1,"Bon rapport qualite prix, je recommande.",Non
CLI04758,Mamou,Homme,46,300000,1,Prépayé,Oui,Non,25000,Espèces,206,56,50,2299,106,3,0,3,"Bon rapport qualite prix, je recommande.",Non
CLI04759,Conakry,Femme,70,739000,12,Illimité,Non,Oui,47000,Orange Money,138,86,0,1736,1,2,0,4,"Je pense changer d'operateur, trop de pannes.",Oui
CLI04760,Boké,Homme,18,480000,18,Prépayé,Non,Oui,42000,Espèces,264,29,5,4474,7,0,0,0,"Utilisation standard, pas de souci majeur.",Non
CLI04761,Conakry,Homme,29,714000,11,Prépayé,Oui,Non,33000,Orange Money,184,128,47,2476,2,0,0,3,Service correct dans l'ensemble.,Non
CLI04762,Conakry,Femme,44,988000,32,Prépayé,Non,Oui,81000,Orange Money,251,88,2,2211,4,3,0,0,"Bon rapport qualite prix, je recommande.",Non
CLI04763,Kindia,Femme,40,676000,23,Prépayé,Non,Oui,44000,Orange Money,292,151,1,112,2,0,2,0,"Je pense changer d'operateur, trop de pannes.",Oui
CLI04764,Boké,Femme,45,1076000,2,Postpayé,Non,Oui,68000,Orange Money,138,120,10,1825,7,0,0,1,Service client reactif et efficace.,Non
CLI04765,Boké,Femme,19,334000,22,Prépayé,Oui,Oui,24000,Espèces,147,130,51,3698,1,3,1,0,"Bon rapport qualite prix, je recommande.",Non
CLI04766,Conakry,Femme,20,393000,11,Prépayé,Non,Oui,16000,Orange Money,128,75,0,4665,28,0,0,0,Tres satisfait du reseau et du service.,Non
CLI04767,Conakry,Femme,41,940000,5,Prépayé,Non,Non,39000,Orange Money,223,86,1,1509,14,2,1,0,Tres decu par la qualite du reseau en ce moment.,Oui
CLI04768,Kankan,Homme,18,1159000,20,Postpayé,Non,Oui,89000,Espèces,205,143,2,1741,50,1,0,1,Aucun probleme depuis mon inscription.,Non
CLI04769,Conakry,Femme,28,1081000,9,Postpayé,Oui,Non,89000,Orange Money,135,192,76,2659,10,1,0,3,Rien de particulier a signaler.,Non
CLI04770,Labé,Femme,18,589000,22,Prépayé,Non,Non,38000,Orange Money,134,124,3,4252,48,0,0,0,"Bon rapport qualite prix, je recommande.",Non
CLI04771,Labé,Femme,35,1490000,76,Postpayé,Non,Non,49000,Orange Money,250,3,3,2005,18,2,0,11,Content de la couverture reseau dans ma zone.,Non
CLI04772,Conakry,Homme,31,390000,13,Prépayé,Non,Oui,27000,Orange Money,88,85,4,371,22,0,1,0,Aucun probleme depuis mon inscription.,Non
CLI04773,Conakry,Homme,50,543000,72,Prépayé,Non,Non,31000,Orange Money,177,103,1,2551,34,1,0,4,Content de la couverture reseau dans ma zone.,Non
CLI04774,Boké,Homme,30,1263000,7,Prépayé,Non,Oui,101000,Orange Money,211,112,1,4005,19,1,0,7,Rien de particulier a signaler.,Oui
CLI04775,Labé,Homme,48,675000,84,Prépayé,Non,Oui,28000,Espèces,171,121,4,1452,146,1,1,1,Content de la couverture reseau dans ma zone.,Non
CLI04776,Conakry,Femme,37,316000,30,Postpayé,Non,Oui,14000,Espèces,165,5,1,1592,2,1,0,7,Service correct dans l'ensemble.,Non
CLI04777,Conakry,Homme,30,2093000,47,Illimité,Non,Oui,149000,Espèces,123,111,23,3737,39,3,1,0,Service correct dans l'ensemble.,Non
CLI04778,Labé,Homme,18,804000,11,Postpayé,Oui,Non,39000,Orange Money,253,74,67,4456,5,0,0,0,Aucun probleme depuis mon inscription.,Non
CLI04779,Conakry,Femme,40,1822000,1,Prépayé,Non,Non,73000,Orange Money,157,86,12,2080,14,1,0,0,Tres satisfait du reseau et du service.,Non
CLI04780,Kindia,Homme,27,766000,27,Prépayé,Non,Oui,50000,Espèces,141,50,4,1420,71,1,0,0,Offres interessantes et service fiable.,Non
CLI04781,Faranah,Homme,53,584000,9,Prépayé,Non,Oui,26000,Orange Money,252,97,6,2536,20,1,0,4,Service correct dans l'ensemble.,Non
CLI04782,Kankan,Femme,32,857000,17,Postpayé,Non,Non,68000,Espèces,135,88,4,3239,60,1,0,0,"Bon rapport qualite prix, je recommande.",Non
CLI04783,Labé,Femme,39,652000,33,Postpayé,Oui,Oui,26000,Virement bancaire,82,42,31,3182,63,0,0,0,"Bon rapport qualite prix, je recommande.",Non
CLI04784,Labé,Homme,41,1267000,12,Postpayé,Oui,Oui,60000,Orange Money,225,52,48,1444,5,0,0,15,Offres interessantes et service fiable.,Non
CLI04785,Conakry,Femme,18,1547000,3,Prépayé,Non,Oui,120000,Espèces,90,91,4,3718,6,2,0,0,Offres interessantes et service fiable.,Non
CLI04786,Boké,Homme,26,770000,1,Prépayé,Non,Oui,51000,Orange Money,253,96,1,4853,58,1,2,5,Le service client ne repond jamais rapidement.,Oui
CLI04787,Conakry,Homme,36,522000,76,Prépayé,Non,Oui,35000,Carte bancaire,173,125,1,2670,4,3,1,0,Service correct dans l'ensemble.,Non
CLI04788,Kankan,Femme,39,362000,20,Postpayé,Non,Oui,22000,Espèces,150,47,3,916,20,0,1,0,Service client reactif et efficace.,Non
CLI04789,Kindia,Homme,33,533000,2,Prépayé,Non,Non,17000,Espèces,135,134,8,2821,9,1,0,0,"Je pense changer d'operateur, trop de pannes.",Oui
CLI04790,Mamou,Femme,50,1143000,11,Prépayé,Non,Oui,49000,Orange Money,249,158,3,2434,9,3,0,0,"Utilisation standard, pas de souci majeur.",Oui
CLI04791,Faranah,Homme,45,870000,49,Illimité,Non,Non,44000,Orange Money,114,147,1,1323,34,2,0,0,Tres satisfait du reseau et du service.,Non
CLI04792,Boké,Homme,44,338000,18,Postpayé,Non,Non,30000,Espèces,256,116,1,2982,0,1,1,5,Tres decu par la qualite du reseau en ce moment.,Oui
CLI04793,N'Zérékoré,Homme,48,544000,1,Prépayé,Non,Non,31000,Orange Money,148,103,2,3361,15,1,0,5,"Utilisation standard, pas de souci majeur.",Non
CLI04794,Labé,Homme,18,379000,7,Illimité,Non,Oui,12000,Espèces,131,97,2,1623,4,0,1,0,Aucun probleme depuis mon inscription.,Non
CLI04795,Conakry,Femme,44,751000,32,Illimité,Non,Oui,32000,Orange Money,219,80,5,842,3,2,0,6,Rien de particulier a signaler.,Non
CLI04796,Kankan,Homme,32,473000,2,Prépayé,Non,Oui,27000,Espèces,131,79,6,3870,14,0,0,4,Tres satisfait du reseau et du service.,Non
CLI04797,Mamou,Femme,18,793000,5,Postpayé,Non,Oui,32000,Espèces,224,87,2,3085,37,0,0,0,Tres satisfait du reseau et du service.,Non
CLI04798,Conakry,Homme,42,715000,21,Postpayé,Non,Non,43000,Orange Money,238,111,4,3915,11,1,0,0,Service client reactif et efficace.,Non
CLI04799,Conakry,Homme,50,558000,82,Illimité,Oui,Oui,25000,Espèces,213,113,67,2174,10,1,0,0,"Utilisation standard, pas de souci majeur.",Non
CLI04800,Faranah,Femme,45,670000,13,Postpayé,Non,Non,29000,Orange Money,194,84,3,2038,70,1,1,3,Aucune reponse a mes reclamations depuis un mois.,Oui
CLI04801,Mamou,Femme,41,1618000,96,Illimité,Oui,Oui,124000,Espèces,155,156,38,1900,0,0,0,2,Offres interessantes et service fiable.,Non
CLI04802,Boké,Homme,30,690000,25,Postpayé,Non,Non,32000,Carte bancaire,124,57,7,1369,1,1,0,0,Service client reactif et efficace.,Non
CLI04803,N'Zérékoré,Femme,56,1151000,18,Prépayé,Non,Non,94000,Orange Money,114,142,4,2011,17,3,1,0,Service correct dans l'ensemble.,Oui
CLI04804,Kindia,Homme,41,446000,18,Postpayé,Non,Oui,33000,Carte bancaire,106,96,3,1535,19,3,0,1,Service correct dans l'ensemble.,Non
CLI04805,Faranah,Homme,30,320000,39,Prépayé,Non,Oui,13000,Espèces,265,156,2,1912,20,0,0,0,"Bon rapport qualite prix, je recommande.",Non
CLI04806,Kindia,Femme,22,471000,9,Prépayé,Oui,Oui,40000,Carte bancaire,208,25,56,1791,29,2,0,0,Aucune reponse a mes reclamations depuis un mois.,Oui
CLI04807,Conakry,Femme,34,868000,28,Postpayé,Non,Non,78000,Orange Money,200,77,3,2638,8,0,0,6,Rien de particulier a signaler.,Non
CLI04808,Conakry,Homme,18,577000,23,Illimité,Non,Oui,33000,Espèces,317,109,1,3070,4,2,0,2,Aucun probleme depuis mon inscription.,Non
CLI04809,Conakry,Femme,45,1043000,20,Prépayé,Non,Non,77000,Orange Money,191,193,0,1156,5,0,2,9,Trop de coupures de reseau ces derniers temps.,Oui
CLI04810,Conakry,Homme,45,1175000,17,Postpayé,Non,Oui,67000,Espèces,133,38,1,1831,17,2,0,0,Content de la couverture reseau dans ma zone.,Non
CLI04811,Conakry,Homme,31,763000,8,Prépayé,Non,Oui,35000,Espèces,125,100,1,3798,1,2,0,0,Tres satisfait du reseau et du service.,Non
CLI04812,Conakry,Femme,18,620000,62,Prépayé,Non,Non,44000,Orange Money,99,150,8,2305,36,1,0,0,"Utilisation standard, pas de souci majeur.",Non
CLI04813,N'Zérékoré,Femme,27,813000,15,Illimité,Non,Oui,64000,Orange Money,130,89,7,310,7,0,1,3,Rien de particulier a signaler.,Non
CLI04814,Conakry,Homme,53,701000,10,Postpayé,Non,Oui,30000,Espèces,222,124,5,1479,75,0,1,2,"Utilisation standard, pas de souci majeur.",Non
CLI04815,Boké,Femme,52,549000,54,Prépayé,Non,Non,37000,Orange Money,138,55,2,4076,32,5,1,4,"Utilisation standard, pas de souci majeur.",Oui
CLI04816,Conakry,Femme,41,566000,2,Prépayé,Oui,Non,25000,Orange Money,255,79,38,3923,8,2,1,0,Le service client ne repond jamais rapidement.,Oui
CLI04817,Boké,Homme,52,643000,24,Prépayé,Oui,Non,46000,Orange Money,69,22,44,2880,29,3,2,2,Aucune reponse a mes reclamations depuis un mois.,Oui
CLI04818,Conakry,Femme,45,926000,2,Postpayé,Non,Oui,45000,Orange Money,61,124,6,1698,39,2,1,9,Trop de coupures de reseau ces derniers temps.,Oui
CLI04819,Conakry,Femme,29,548000,41,Prépayé,Non,Oui,23000,Espèces,87,54,1,2377,21,0,1,2,Aucune reponse a mes reclamations depuis un mois.,Oui
CLI04820,Conakry,Femme,26,796000,15,Postpayé,Non,Oui,36000,Espèces,112,118,1,176,20,0,0,0,Le forfait ne correspond plus a mes besoins.,Oui
CLI04821,Labé,Femme,42,513000,45,Postpayé,Non,Oui,28000,Espèces,295,127,2,2831,21,2,0,0,Facturation incorrecte plusieurs fois de suite.,Oui
CLI04822,Conakry,Femme,47,566000,3,Prépayé,Oui,Non,50000,Orange Money,206,167,71,2994,17,0,0,7,Offres interessantes et service fiable.,Non
CLI04823,Boké,Homme,18,1706000,29,Prépayé,Non,Non,100000,Carte bancaire,182,72,3,950,4,0,0,8,Tres satisfait du reseau et du service.,Non
CLI04824,Conakry,Homme,34,682000,35,Illimité,Oui,Oui,29000,Espèces,201,110,6,2551,59,1,0,0,Aucun probleme depuis mon inscription.,Non
CLI04825,Kankan,Homme,23,875000,12,Prépayé,Non,Oui,46000,Virement bancaire,214,100,1,875,12,2,0,5,Rien de particulier a signaler.,Non
CLI04826,Boké,Femme,18,1037000,4,Illimité,Non,Non,62000,Espèces,153,53,2,2046,43,1,1,0,Tres satisfait du reseau et du service.,Non
CLI04827,Faranah,Homme,27,600000,21,Prépayé,Non,Oui,54000,Carte bancaire,140,24,4,2549,1,0,0,0,Le forfait ne correspond plus a mes besoins.,Oui
CLI04828,Kankan,Homme,35,571000,27,Postpayé,Non,Non,50000,Orange Money,188,158,2,2311,15,2,0,6,Service correct dans l'ensemble.,Non
CLI04829,Kindia,Homme,37,300000,2,Prépayé,Non,Non,10000,Orange Money,113,115,4,4272,6,2,3,5,Offres interessantes et service fiable.,Non
CLI04830,Kankan,Homme,36,408000,1,Postpayé,Oui,Non,19000,Orange Money,220,97,64,2523,11,3,0,0,Service correct dans l'ensemble.,Oui
CLI04831,Labé,Femme,41,556000,6,Prépayé,Oui,Non,39000,Virement bancaire,119,68,44,2812,20,0,0,0,Service correct dans l'ensemble.,Non
CLI04832,Kankan,Femme,30,300000,60,Prépayé,Non,Oui,16000,Orange Money,98,58,3,1752,26,1,1,3,Content de la couverture reseau dans ma zone.,Non
CLI04833,Kankan,Homme,22,855000,6,Prépayé,Non,Non,36000,Espèces,286,39,0,2159,25,2,2,8,Rien de particulier a signaler.,Oui
CLI04834,Conakry,Femme,57,672000,19,Prépayé,Non,Oui,22000,Espèces,108,83,9,930,8,0,1,0,"Utilisation standard, pas de souci majeur.",Non
CLI04835,Mamou,Homme,58,1003000,38,Prépayé,Oui,Non,52000,Virement bancaire,193,194,42,2031,10,1,0,9,Aucun probleme depuis mon inscription.,Non
CLI04836,Kindia,Homme,21,1026000,36,Illimité,Non,Oui,34000,Espèces,307,137,2,2531,25,1,0,21,Le forfait ne correspond plus a mes besoins.,Oui
CLI04837,Conakry,Femme,23,1626000,1,Prépayé,Non,Oui,123000,Orange Money,209,128,0,2110,8,1,0,0,Trop cher par rapport a la qualite recue.,Oui
CLI04838,Conakry,Femme,20,962000,4,Prépayé,Non,Non,65000,Orange Money,277,133,2,555,66,5,3,2,Trop cher par rapport a la qualite recue.,Oui
CLI04839,Conakry,Femme,35,1158000,13,Prépayé,Non,Non,48000,Virement bancaire,221,80,3,2349,4,1,1,0,Service client reactif et efficace.,Non
CLI04840,Labé,Homme,34,348000,15,Prépayé,Non,Non,25000,Virement bancaire,256,151,2,330,8,0,1,6,Rien de particulier a signaler.,Oui
CLI04841,Kindia,Femme,25,538000,6,Prépayé,Non,Oui,33000,Orange Money,177,118,0,2182,15,0,0,1,Tres satisfait du reseau et du service.,Non
CLI04842,Conakry,Femme,36,408000,30,Prépayé,Non,Non,15000,Espèces,126,131,1,3074,42,1,2,1,"Je pense changer d'operateur, trop de pannes.",Oui
CLI04843,Kankan,Femme,37,431000,57,Prépayé,Non,Oui,36000,Orange Money,208,103,2,2604,2,1,0,0,"Bon rapport qualite prix, je recommande.",Non
CLI04844,Conakry,Femme,39,1713000,41,Prépayé,Oui,Non,128000,Espèces,195,68,46,3534,2,0,0,0,Offres interessantes et service fiable.,Non
CLI04845,Faranah,Femme,34,552000,19,Prépayé,Oui,Non,31000,Espèces,224,103,51,2348,14,0,1,1,Tres satisfait du reseau et du service.,Non
CLI04846,Faranah,Homme,29,1447000,50,Postpayé,Non,Oui,63000,Espèces,158,88,2,1789,25,1,0,0,Service correct dans l'ensemble.,Non
CLI04847,Conakry,Homme,35,1068000,25,Prépayé,Non,Oui,90000,Espèces,142,76,1,1975,27,0,1,3,Service correct dans l'ensemble.,Non
CLI04848,Faranah,Femme,18,1067000,44,Prépayé,Non,Oui,80000,Orange Money,201,4,4,2925,25,2,0,3,Service client reactif et efficace.,Non
CLI04849,Faranah,Femme,31,924000,21,Prépayé,Oui,Oui,34000,Espèces,177,98,29,4279,25,1,1,6,Offres interessantes et service fiable.,Non
CLI04850,Mamou,Femme,18,378000,14,Postpayé,Non,Oui,14000,Orange Money,151,44,1,2567,114,1,0,8,"Utilisation standard, pas de souci majeur.",Non
CLI04851,N'Zérékoré,Femme,37,555000,2,Postpayé,Non,Non,24000,Carte bancaire,275,47,0,993,17,2,0,1,Le forfait ne correspond plus a mes besoins.,Oui
CLI04852,N'Zérékoré,Femme,39,300000,20,Illimité,Non,Oui,15000,Carte bancaire,243,58,1,1254,22,0,2,4,"Bon rapport qualite prix, je recommande.",Non
CLI04853,Boké,Femme,34,1014000,20,Prépayé,Non,Non,77000,Carte bancaire,148,118,1,2068,7,2,0,0,"Utilisation standard, pas de souci majeur.",Non
CLI04854,Kindia,Homme,31,797000,11,Prépayé,Non,Non,64000,Espèces,171,76,4,2191,65,1,1,5,"Bon rapport qualite prix, je recommande.",Non
CLI04855,Conakry,Homme,55,701000,25,Postpayé,Non,Oui,40000,Orange Money,254,73,2,3089,30,3,0,8,Service client reactif et efficace.,Non
CLI04856,Kindia,Femme,50,789000,24,Postpayé,Non,Oui,61000,Espèces,194,55,3,2347,12,0,1,1,Rien de particulier a signaler.,Non
CLI04857,Mamou,Femme,47,391000,96,Prépayé,Oui,Oui,30000,Carte bancaire,222,104,67,3195,41,0,0,4,Service correct dans l'ensemble.,Non
CLI04858,Kankan,Homme,35,492000,14,Prépayé,Non,Oui,36000,Espèces,180,60,1,3008,35,2,0,4,Tres satisfait du reseau et du service.,Non
CLI04859,Conakry,Femme,44,1051000,2,Postpayé,Non,Non,37000,Orange Money,237,30,2,2023,12,0,1,6,Rien de particulier a signaler.,Non
CLI04860,Labé,Femme,32,599000,1,Prépayé,Non,Oui,25000,Espèces,215,46,2,2328,4,2,1,10,Service correct dans l'ensemble.,Oui
CLI04861,Conakry,Homme,44,1094000,12,Prépayé,Non,Non,55000,Espèces,245,6,2,3838,29,1,0,2,Content de la couverture reseau dans ma zone.,Non
CLI04862,Kankan,Femme,18,1266000,14,Prépayé,Non,Non,59000,Orange Money,151,73,4,3891,9,1,0,3,"Bon rapport qualite prix, je recommande.",Non
CLI04863,N'Zérékoré,Homme,40,592000,7,Postpayé,Non,Oui,50000,Carte bancaire,216,34,2,4009,5,0,0,5,Content de la couverture reseau dans ma zone.,Non
CLI04864,Conakry,Femme,18,777000,6,Prépayé,Non,Non,51000,Espèces,158,20,1,2340,53,2,0,3,Tres decu par la qualite du reseau en ce moment.,Oui
CLI04865,Conakry,Homme,34,824000,29,Prépayé,Oui,Oui,67000,Virement bancaire,174,135,57,2856,54,0,0,0,Offres interessantes et service fiable.,Non
CLI04866,Kankan,Homme,37,616000,44,Postpayé,Oui,Non,49000,Orange Money,146,153,84,3400,0,0,0,0,Service correct dans l'ensemble.,Non
CLI04867,Boké,Homme,50,450000,3,Postpayé,Non,Non,28000,Orange Money,183,46,4,3810,99,1,0,0,"Utilisation standard, pas de souci majeur.",Non
CLI04868,Kindia,Femme,33,816000,13,Postpayé,Non,Non,52000,Orange Money,249,15,2,505,13,0,1,1,Rien de particulier a signaler.,Non
CLI04869,N'Zérékoré,Femme,27,714000,31,Illimité,Non,Oui,37000,Carte bancaire,146,49,0,1311,64,3,2,4,Aucune reponse a mes reclamations depuis un mois.,Oui
CLI04870,N'Zérékoré,Femme,41,1428000,59,Prépayé,Non,Non,66000,Orange Money,247,65,3,3217,33,0,1,0,"Bon rapport qualite prix, je recommande.",Non
CLI04871,Conakry,Homme,43,360000,18,Illimité,Non,Non,12000,Orange Money,216,57,7,3495,1,1,0,0,Content de la couverture reseau dans ma zone.,Non
CLI04872,Conakry,Homme,38,617000,17,Postpayé,Non,Oui,21000,Espèces,42,68,0,182,11,1,2,9,Rien de particulier a signaler.,Oui
CLI04873,N'Zérékoré,Femme,30,747000,78,Postpayé,Oui,Oui,51000,Orange Money,223,98,17,676,62,0,0,3,Aucun probleme depuis mon inscription.,Non
CLI04874,N'Zérékoré,Femme,40,887000,22,Postpayé,Non,Oui,79000,Orange Money,183,89,6,395,38,0,2,2,Aucun probleme depuis mon inscription.,Non
CLI04875,Boké,Femme,22,1024000,15,Illimité,Non,Non,75000,Orange Money,262,79,5,965,2,2,1,0,"Bon rapport qualite prix, je recommande.",Non
CLI04876,Kindia,Homme,35,732000,65,Prépayé,Non,Oui,54000,Orange Money,203,49,2,940,16,4,1,0,Aucune reponse a mes reclamations depuis un mois.,Oui
CLI04877,Kankan,Homme,27,1423000,28,Prépayé,Oui,Oui,61000,Orange Money,184,75,38,938,48,1,0,3,"Utilisation standard, pas de souci majeur.",Non
CLI04878,Conakry,Homme,43,636000,5,Prépayé,Non,Non,27000,Virement bancaire,224,90,4,1494,2,1,0,3,Trop cher par rapport a la qualite recue.,Oui
CLI04879,Kindia,Femme,25,1121000,2,Prépayé,Non,Non,55000,Orange Money,192,67,0,2102,4,2,0,0,Facturation incorrecte plusieurs fois de suite.,Oui
CLI04880,Conakry,Homme,49,806000,30,Prépayé,Non,Oui,57000,Orange Money,225,117,0,3655,3,4,0,1,Service client reactif et efficace.,Non
CLI04881,Conakry,Homme,52,836000,38,Prépayé,Non,Oui,37000,Espèces,249,85,10,1708,32,2,0,0,Aucun probleme depuis mon inscription.,Non
CLI04882,Conakry,Femme,35,513000,38,Prépayé,Non,Non,16000,Espèces,236,50,1,2114,3,1,0,0,"Utilisation standard, pas de souci majeur.",Non
CLI04883,Kindia,Homme,20,1222000,9,Prépayé,Non,Non,96000,Virement bancaire,313,113,3,2976,6,3,2,13,Le forfait ne correspond plus a mes besoins.,Oui
CLI04884,Faranah,Femme,39,469000,77,Prépayé,Non,Non,18000,Carte bancaire,105,10,7,3351,42,2,2,5,Content de la couverture reseau dans ma zone.,Non
CLI04885,N'Zérékoré,Homme,30,840000,8,Postpayé,Oui,Non,57000,Espèces,178,40,49,2840,0,2,0,0,Offres interessantes et service fiable.,Non
CLI04886,Conakry,Homme,35,1044000,21,Prépayé,Oui,Oui,92000,Carte bancaire,252,25,26,2713,2,2,0,0,Service correct dans l'ensemble.,Non
CLI04887,Conakry,Homme,40,1011000,37,Postpayé,Non,Non,72000,Orange Money,217,90,1,4861,17,3,0,4,Le service client ne repond jamais rapidement.,Oui
CLI04888,Labé,Homme,40,1694000,1,Postpayé,Non,Non,137000,Orange Money,329,61,5,6341,36,0,1,0,Tres satisfait du reseau et du service.,Non
CLI04889,Mamou,Femme,38,300000,5,Prépayé,Non,Oui,10000,Espèces,109,41,1,2809,24,4,0,0,Rien de particulier a signaler.,Oui
CLI04890,Kankan,Femme,18,694000,10,Postpayé,Oui,Non,52000,Espèces,116,66,41,386,61,2,0,0,Service correct dans l'ensemble.,Non
CLI04891,Labé,Homme,35,497000,45,Prépayé,Non,Non,16000,Orange Money,148,153,1,1175,37,0,0,1,Rien de particulier a signaler.,Non
CLI04892,Kankan,Homme,25,358000,10,Postpayé,Non,Non,25000,Virement bancaire,149,138,1,3120,53,0,1,0,Trop cher par rapport a la qualite recue.,Oui
CLI04893,Conakry,Femme,38,1124000,84,Prépayé,Non,Oui,96000,Orange Money,111,11,1,1909,20,2,0,0,"Bon rapport qualite prix, je recommande.",Non
CLI04894,Boké,Femme,18,769000,34,Postpayé,Non,Non,41000,Espèces,154,81,1,3237,53,0,1,2,"Bon rapport qualite prix, je recommande.",Non
CLI04895,Conakry,Homme,23,1336000,5,Prépayé,Oui,Oui,115000,Orange Money,180,162,45,3484,9,1,0,3,"Bon rapport qualite prix, je recommande.",Non
CLI04896,N'Zérékoré,Femme,27,917000,51,Postpayé,Non,Non,50000,Orange Money,125,131,2,1636,57,1,2,0,Rien de particulier a signaler.,Non
CLI04897,N'Zérékoré,Homme,18,360000,2,Illimité,Non,Non,27000,Espèces,46,77,2,4501,6,1,0,0,Aucune reponse a mes reclamations depuis un mois.,Oui
CLI04898,Mamou,Femme,37,909000,63,Postpayé,Non,Oui,80000,Espèces,206,96,0,1109,8,0,1,0,Tres satisfait du reseau et du service.,Non
CLI04899,Kankan,Homme,41,728000,17,Prépayé,Non,Non,44000,Orange Money,239,104,1,2827,19,0,0,0,"Je pense changer d'operateur, trop de pannes.",Oui
CLI04900,Labé,Homme,42,764000,39,Illimité,Non,Non,56000,Espèces,157,79,6,3510,14,1,1,0,Offres interessantes et service fiable.,Non
CLI04901,N'Zérékoré,Femme,31,682000,30,Prépayé,Oui,Oui,29000,Orange Money,207,0,55,1596,87,0,1,0,"Bon rapport qualite prix, je recommande.",Non
CLI04902,Kankan,Homme,27,783000,31,Postpayé,Non,Oui,58000,Orange Money,212,18,1,525,1,1,1,0,Content de la couverture reseau dans ma zone.,Non
CLI04903,Labé,Femme,47,1525000,6,Prépayé,Non,Oui,85000,Orange Money,168,96,4,2663,112,3,0,1,Rien de particulier a signaler.,Non
CLI04904,Boké,Homme,27,1283000,96,Prépayé,Non,Non,75000,Orange Money,156,147,0,1735,25,1,1,4,Service correct dans l'ensemble.,Non
CLI04905,Faranah,Homme,52,300000,9,Postpayé,Non,Oui,22000,Espèces,206,70,6,3787,88,1,0,6,Service correct dans l'ensemble.,Oui
CLI04906,Conakry,Homme,43,663000,13,Postpayé,Non,Oui,40000,Orange Money,198,82,2,1913,54,1,1,7,Service client reactif et efficace.,Non
CLI04907,Kindia,Femme,30,790000,42,Postpayé,Oui,Oui,57000,Espèces,102,86,42,2356,6,0,0,0,Aucun probleme depuis mon inscription.,Non
CLI04908,Conakry,Femme,50,1349000,57,Prépayé,Non,Non,74000,Orange Money,89,32,7,3073,40,2,0,2,Aucun probleme depuis mon inscription.,Non
CLI04909,Kindia,Homme,48,322000,11,Prépayé,Non,Non,14000,Orange Money,181,104,4,2639,7,0,1,3,"Utilisation standard, pas de souci majeur.",Non
CLI04910,N'Zérékoré,Homme,18,431000,15,Prépayé,Non,Oui,39000,Orange Money,256,100,2,50,14,3,0,20,Trop de coupures de reseau ces derniers temps.,Oui
CLI04911,Boké,Femme,35,808000,39,Illimité,Non,Non,40000,Orange Money,245,0,7,4412,10,0,2,2,"Utilisation standard, pas de souci majeur.",Non
CLI04912,Faranah,Homme,31,1180000,68,Prépayé,Non,Oui,39000,Orange Money,283,94,0,2481,0,2,0,3,Content de la couverture reseau dans ma zone.,Non
CLI04913,Conakry,Homme,32,1528000,30,Prépayé,Non,Non,95000,Espèces,74,197,1,3530,21,0,0,0,Offres interessantes et service fiable.,Non
CLI04914,Conakry,Homme,54,300000,30,Prépayé,Non,Oui,18000,Orange Money,188,73,1,3368,4,0,0,1,Service client reactif et efficace.,Non
CLI04915,Conakry,Femme,48,1382000,17,Illimité,Oui,Oui,92000,Orange Money,243,109,28,4944,7,2,0,11,Rien de particulier a signaler.,Non
CLI04916,Kankan,Homme,59,396000,25,Prépayé,Non,Oui,26000,Espèces,235,46,1,1880,1,1,0,0,Service client reactif et efficace.,Non
CLI04917,Conakry,Homme,46,548000,34,Postpayé,Oui,Non,41000,Carte bancaire,104,131,19,2329,6,1,1,0,Service correct dans l'ensemble.,Non
CLI04918,Conakry,Homme,35,693000,12,Postpayé,Non,Non,62000,Espèces,156,121,2,2181,13,2,0,12,Le service client ne repond jamais rapidement.,Oui
CLI04919,Faranah,Femme,26,756000,31,Postpayé,Non,Non,39000,Virement bancaire,30,56,3,1704,0,1,0,4,Service client reactif et efficace.,Non
CLI04920,Labé,Homme,40,807000,62,Postpayé,Non,Oui,30000,Carte bancaire,82,64,0,1058,14,2,0,0,Service client reactif et efficace.,Non
CLI04921,Conakry,Femme,42,776000,34,Prépayé,Non,Non,56000,Orange Money,245,63,1,3234,40,0,0,8,Aucun probleme depuis mon inscription.,Non
CLI04922,Boké,Homme,33,1017000,9,Prépayé,Non,Oui,89000,Carte bancaire,216,57,1,2648,19,1,0,0,Facturation incorrecte plusieurs fois de suite.,Oui
CLI04923,Conakry,Homme,30,815000,82,Prépayé,Non,Oui,56000,Espèces,204,121,1,2010,21,0,0,7,Service client reactif et efficace.,Non
CLI04924,Kindia,Femme,44,486000,77,Prépayé,Non,Oui,25000,Espèces,209,119,1,2223,6,1,1,4,Service client reactif et efficace.,Non
CLI04925,Labé,Femme,36,519000,22,Prépayé,Non,Non,38000,Orange Money,187,123,0,2703,21,1,1,3,Aucun probleme depuis mon inscription.,Non
CLI04926,N'Zérékoré,Femme,57,2579000,1,Prépayé,Oui,Oui,153000,Virement bancaire,171,105,66,1486,53,2,1,0,Service client reactif et efficace.,Non
CLI04927,Kindia,Femme,29,1442000,18,Prépayé,Non,Non,44000,Espèces,139,72,4,1553,6,2,1,0,Offres interessantes et service fiable.,Non
CLI04928,Conakry,Homme,42,1004000,43,Prépayé,Non,Oui,46000,Orange Money,257,113,4,1062,29,2,0,0,Trop cher par rapport a la qualite recue.,Oui
CLI04929,Mamou,Homme,39,645000,10,Illimité,Non,Oui,42000,Virement bancaire,140,108,1,5104,17,2,0,3,Tres satisfait du reseau et du service.,Non
CLI04930,Kankan,Homme,61,311000,27,Postpayé,Non,Non,11000,Orange Money,233,99,1,1581,10,1,1,0,Facturation incorrecte plusieurs fois de suite.,Oui
CLI04931,Kankan,Homme,33,647000,24,Prépayé,Non,Non,33000,Espèces,186,59,5,3623,15,1,2,1,Aucune reponse a mes reclamations depuis un mois.,Oui
CLI04932,Conakry,Femme,29,744000,2,Prépayé,Non,Non,49000,Espèces,159,14,8,2398,134,0,2,3,Rien de particulier a signaler.,Non
CLI04933,Kankan,Homme,38,422000,36,Postpayé,Non,Oui,25000,Orange Money,187,149,19,4330,18,0,0,3,Service client reactif et efficace.,Non
CLI04934,Conakry,Femme,32,588000,57,Prépayé,Non,Oui,24000,Orange Money,237,30,4,1432,9,1,0,1,Offres interessantes et service fiable.,Non
CLI04935,Conakry,Femme,50,1171000,3,Prépayé,Non,Oui,40000,Orange Money,148,49,7,2395,2,1,1,0,"Bon rapport qualite prix, je recommande.",Non
CLI04936,Faranah,Femme,45,668000,16,Postpayé,Non,Non,39000,Orange Money,104,121,1,1747,44,0,0,4,Service client reactif et efficace.,Non
CLI04937,Faranah,Femme,40,489000,2,Prépayé,Non,Oui,28000,Espèces,151,103,3,2593,17,1,0,0,Tres decu par la qualite du reseau en ce moment.,Oui
CLI04938,Labé,Homme,35,597000,37,Postpayé,Non,Non,50000,Espèces,121,42,2,2882,16,2,0,4,Trop de coupures de reseau ces derniers temps.,Oui
CLI04939,Faranah,Homme,18,538000,18,Postpayé,Non,Non,23000,Espèces,134,119,3,1154,19,0,0,0,"Bon rapport qualite prix, je recommande.",Non
CLI04940,Conakry,Femme,22,382000,2,Prépayé,Non,Oui,17000,Carte bancaire,75,134,1,1224,62,2,0,0,Service correct dans l'ensemble.,Oui
CLI04941,N'Zérékoré,Femme,29,1168000,56,Postpayé,Non,Oui,39000,Orange Money,196,69,4,3358,27,4,1,10,Tres satisfait du reseau et du service.,Non
CLI04942,Kindia,Homme,23,522000,44,Prépayé,Non,Oui,36000,Orange Money,185,104,1,1036,13,1,0,0,Offres interessantes et service fiable.,Non
CLI04943,Kankan,Homme,43,402000,5,Prépayé,Non,Non,32000,Orange Money,178,119,2,4147,3,4,0,3,Facturation incorrecte plusieurs fois de suite.,Oui
CLI04944,Kankan,Femme,54,603000,4,Prépayé,Non,Oui,43000,Carte bancaire,92,112,0,1977,22,1,0,3,Le service client ne repond jamais rapidement.,Oui
CLI04945,Labé,Femme,28,1248000,12,Prépayé,Non,Non,65000,Carte bancaire,271,84,1,1852,31,0,2,2,Le forfait ne correspond plus a mes besoins.,Oui
CLI04946,Conakry,Femme,23,909000,94,Postpayé,Non,Non,76000,Orange Money,127,6,7,2507,31,2,0,0,Service client reactif et efficace.,Non
CLI04947,Kankan,Femme,36,477000,8,Postpayé,Non,Non,18000,Espèces,258,41,0,1577,24,0,0,0,Service correct dans l'ensemble.,Oui
CLI04948,N'Zérékoré,Homme,54,932000,12,Prépayé,Non,Oui,31000,Orange Money,239,67,3,2198,2,2,0,7,Facturation incorrecte plusieurs fois de suite.,Oui
CLI04949,Conakry,Femme,32,1503000,20,Postpayé,Non,Non,124000,Espèces,197,135,5,2813,29,3,2,1,Service correct dans l'ensemble.,Oui
CLI04950,N'Zérékoré,Homme,25,420000,49,Postpayé,Non,Non,14000,Espèces,267,92,2,3917,22,0,0,1,"Utilisation standard, pas de souci majeur.",Oui
CLI04951,Conakry,Homme,39,414000,18,Postpayé,Non,Non,29000,Espèces,184,143,5,1341,3,2,1,4,Service client reactif et efficace.,Non
CLI04952,Faranah,Homme,20,1972000,93,Postpayé,Non,Oui,115000,Espèces,237,112,13,2692,18,0,1,0,Rien de particulier a signaler.,Non
CLI04953,N'Zérékoré,Homme,22,1059000,8,Prépayé,Non,Non,72000,Orange Money,52,2,2,1060,4,3,0,0,Le forfait ne correspond plus a mes besoins.,Oui
CLI04954,N'Zérékoré,Femme,38,442000,13,Prépayé,Non,Oui,39000,Orange Money,182,39,1,2577,1,0,0,0,Aucune reponse a mes reclamations depuis un mois.,Oui
CLI04955,Conakry,Femme,21,597000,13,Postpayé,Non,Non,39000,Orange Money,222,84,0,3013,8,3,0,2,Le service client ne repond jamais rapidement.,Oui
CLI04956,N'Zérékoré,Homme,33,684000,96,Postpayé,Oui,Oui,58000,Espèces,208,115,66,2479,17,1,1,3,"Utilisation standard, pas de souci majeur.",Non
CLI04957,Faranah,Femme,32,465000,5,Prépayé,Oui,Oui,16000,Virement bancaire,261,62,44,4613,40,0,2,1,Offres interessantes et service fiable.,Non
CLI04958,Kankan,Homme,21,594000,35,Postpayé,Non,Oui,25000,Espèces,184,78,0,2358,1,3,0,0,"Je pense changer d'operateur, trop de pannes.",Oui
CLI04959,Labé,Homme,41,471000,2,Postpayé,Non,Oui,40000,Espèces,269,125,3,690,14,2,0,4,Service client reactif et efficace.,Non
CLI04960,Conakry,Femme,57,1283000,30,Prépayé,Non,Non,115000,Orange Money,223,180,1,2897,15,2,2,0,Service client reactif et efficace.,Non
CLI04961,Mamou,Femme,41,897000,33,Prépayé,Non,Non,45000,Espèces,321,87,3,1965,0,2,0,0,"Bon rapport qualite prix, je recommande.",Non
CLI04962,Faranah,Homme,26,1062000,29,Prépayé,Oui,Oui,41000,Virement bancaire,180,87,44,4748,1,4,0,11,Trop de coupures de reseau ces derniers temps.,Oui
CLI04963,Conakry,Homme,30,385000,32,Prépayé,Non,Oui,15000,Orange Money,221,88,2,1845,9,0,0,4,Tres decu par la qualite du reseau en ce moment.,Oui
CLI04964,Labé,Femme,41,1111000,96,Illimité,Non,Non,61000,Espèces,242,50,6,1179,6,3,0,1,Aucun probleme depuis mon inscription.,Non
CLI04965,Kankan,Femme,31,1992000,30,Illimité,Non,Non,75000,Carte bancaire,229,160,8,4178,20,2,1,0,"Bon rapport qualite prix, je recommande.",Non
CLI04966,Kankan,Homme,29,412000,26,Prépayé,Non,Non,16000,Orange Money,255,0,3,1611,2,3,0,0,Aucun probleme depuis mon inscription.,Non
CLI04967,Kindia,Homme,26,720000,24,Illimité,Non,Oui,34000,Orange Money,179,91,2,3084,27,0,0,5,Trop de coupures de reseau ces derniers temps.,Oui
CLI04968,Faranah,Homme,35,880000,42,Prépayé,Oui,Non,60000,Orange Money,249,49,56,3134,29,1,1,0,"Bon rapport qualite prix, je recommande.",Non
CLI04969,Kankan,Homme,36,300000,96,Illimité,Non,Oui,27000,Espèces,182,96,1,2394,18,3,0,0,Service client reactif et efficace.,Non
CLI04970,Kankan,Homme,32,610000,1,Illimité,Non,Oui,37000,Carte bancaire,102,136,2,1858,35,1,1,0,"Utilisation standard, pas de souci majeur.",Oui
CLI04971,Conakry,Femme,41,1567000,2,Prépayé,Non,Non,109000,Orange Money,194,43,8,1385,13,0,1,1,Offres interessantes et service fiable.,Non
CLI04972,Kindia,Homme,43,467000,23,Prépayé,Non,Oui,24000,Virement bancaire,211,88,5,2732,12,2,0,8,"Je pense changer d'operateur, trop de pannes.",Oui
CLI04973,Conakry,Femme,50,599000,11,Prépayé,Non,Oui,21000,Orange Money,120,66,0,4572,3,1,0,7,Offres interessantes et service fiable.,Non
CLI04974,Boké,Homme,38,541000,41,Postpayé,Non,Oui,48000,Orange Money,128,59,0,3158,0,0,0,0,Rien de particulier a signaler.,Non
CLI04975,Conakry,Femme,39,691000,12,Postpayé,Non,Oui,27000,Carte bancaire,133,67,2,2524,4,0,1,0,Trop de coupures de reseau ces derniers temps.,Oui
CLI04976,Conakry,Homme,40,409000,21,Prépayé,Non,Non,15000,Orange Money,141,82,1,1155,11,1,0,0,Trop cher par rapport a la qualite recue.,Oui
CLI04977,Faranah,Homme,31,500000,19,Illimité,Non,Non,44000,Orange Money,128,96,3,3145,27,0,2,0,Content de la couverture reseau dans ma zone.,Non
CLI04978,Boké,Homme,44,568000,1,Prépayé,Oui,Oui,42000,Espèces,119,114,35,3384,42,1,1,1,Aucune reponse a mes reclamations depuis un mois.,Oui
CLI04979,Conakry,Homme,18,334000,40,Prépayé,Non,Non,24000,Orange Money,203,74,7,3035,72,2,2,0,"Utilisation standard, pas de souci majeur.",Non
CLI04980,Conakry,Femme,41,717000,39,Prépayé,Non,Oui,24000,Espèces,105,140,2,1970,0,1,0,0,Service correct dans l'ensemble.,Non
CLI04981,Kindia,Homme,29,1731000,1,Illimité,Oui,Non,146000,Orange Money,190,31,74,1809,10,0,0,5,Aucun probleme depuis mon inscription.,Non
CLI04982,Kankan,Homme,37,1163000,8,Prépayé,Oui,Non,91000,Carte bancaire,125,74,58,1634,36,1,1,5,Tres satisfait du reseau et du service.,Non
CLI04983,Labé,Homme,49,772000,96,Prépayé,Oui,Non,66000,Espèces,209,145,32,2278,19,2,1,0,Content de la couverture reseau dans ma zone.,Non
CLI04984,Kankan,Homme,48,539000,10,Postpayé,Non,Non,33000,Espèces,117,31,0,938,21,2,0,3,Tres satisfait du reseau et du service.,Non
CLI04985,Kankan,Femme,55,931000,2,Prépayé,Non,Oui,74000,Orange Money,218,10,1,1546,3,3,3,0,Service correct dans l'ensemble.,Oui
CLI04986,N'Zérékoré,Homme,18,370000,2,Postpayé,Non,Non,28000,Orange Money,159,0,1,5710,81,0,0,0,Aucun probleme depuis mon inscription.,Non
CLI04987,Conakry,Femme,44,975000,4,Postpayé,Non,Non,87000,Espèces,243,88,1,2203,52,5,0,6,Aucun probleme depuis mon inscription.,Non
CLI04988,Faranah,Femme,32,1572000,85,Prépayé,Non,Oui,117000,Espèces,145,22,4,3007,42,1,1,0,"Utilisation standard, pas de souci majeur.",Non
CLI04989,Conakry,Femme,49,1169000,6,Illimité,Non,Oui,82000,Orange Money,177,101,18,3972,7,1,1,0,Trop de coupures de reseau ces derniers temps.,Oui
CLI04990,Conakry,Femme,27,501000,18,Postpayé,Non,Non,26000,Espèces,247,53,8,3197,39,0,0,4,"Bon rapport qualite prix, je recommande.",Non
CLI04991,Conakry,Femme,40,761000,30,Postpayé,Non,Non,50000,Carte bancaire,287,99,1,1828,14,1,0,7,Content de la couverture reseau dans ma zone.,Non
CLI04992,Faranah,Femme,27,814000,22,Prépayé,Non,Non,72000,Orange Money,245,54,0,2322,58,1,2,1,Trop de coupures de reseau ces derniers temps.,Oui
CLI04993,Conakry,Homme,30,930000,22,Postpayé,Non,Oui,61000,Orange Money,206,104,1,1753,21,1,0,0,Offres interessantes et service fiable.,Non
CLI04994,Labé,Femme,19,989000,27,Prépayé,Non,Oui,30000,Orange Money,252,126,8,2232,2,1,0,2,Service client reactif et efficace.,Non
CLI04995,Conakry,Homme,36,501000,21,Prépayé,Oui,Non,22000,Orange Money,165,77,34,1755,5,2,2,1,Rien de particulier a signaler.,Non
CLI04996,Faranah,Homme,28,909000,12,Illimité,Non,Oui,29000,Espèces,195,42,7,3392,14,2,0,1,Tres satisfait du reseau et du service.,Non
CLI04997,Kindia,Femme,29,1176000,7,Prépayé,Non,Oui,36000,Orange Money,255,92,2,3290,8,4,0,0,Trop cher par rapport a la qualite recue.,Oui
CLI04998,Conakry,Femme,54,812000,55,Prépayé,Non,Oui,71000,Orange Money,137,86,1,2609,8,2,0,5,Offres interessantes et service fiable.,Non
CLI04999,N'Zérékoré,Femme,25,408000,3,Postpayé,Non,Oui,32000,Carte bancaire,233,59,4,4451,8,0,0,0,"Bon rapport qualite prix, je recommande.",Non
CLI05000,Conakry,Homme,47,1629000,7,Postpayé,Non,Non,87000,Orange Money,185,82,3,3287,29,2,1,0,Offres interessantes et service fiable.,Non
